id,時間,分類,檔名,完整路徑,trigger
20260420040200368536,2026-04-20 04:02:00,業績報表,df4.csv,./dashboard_data/latest/df4.csv,schedule
20260420040200369996,2026-04-20 04:02:00,業績報表,daily_df.csv,./dashboard_data/latest/daily_df.csv,schedule
20260420040200372281,2026-04-20 04:02:00,業績報表,email_preview.html,./dashboard_data/latest/email_preview.html,schedule
20260420040200374503,2026-04-20 04:02:00,業績報表,meta.json,./dashboard_data/latest/meta.json,schedule
20260420040200377076,2026-04-20 04:02:00,業績報表,20260420_040200_df4.csv,./dashboard_data/snapshots/202604/20260420_040200_df4.csv,schedule
20260420040200379543,2026-04-20 04:02:00,業績報表,20260420_040200_daily_df.csv,./dashboard_data/snapshots/202604/20260420_040200_daily_df.csv,schedule
20260420040200381621,2026-04-20 04:02:00,業績報表,20260420_040200_meta.json,./dashboard_data/snapshots/202604/20260420_040200_meta.json,schedule
20260420040200383704,2026-04-20 04:02:00,業績報表,20260420_040200_email_preview.html,./dashboard_data/snapshots/202604/20260420_040200_email_preview.html,schedule
20260420040705800267,2026-04-20 04:07:05,業績報表,df4.csv,./dashboard_data/latest/df4.csv,schedule
20260420040705803311,2026-04-20 04:07:05,業績報表,daily_df.csv,./dashboard_data/latest/daily_df.csv,schedule
20260420040705805778,2026-04-20 04:07:05,業績報表,email_preview.html,./dashboard_data/latest/email_preview.html,schedule
20260420040705808286,2026-04-20 04:07:05,業績報表,meta.json,./dashboard_data/latest/meta.json,schedule
20260420040705811161,2026-04-20 04:07:05,業績報表,20260420_040705_df4.csv,./dashboard_data/snapshots/202604/20260420_040705_df4.csv,schedule
20260420040705814020,2026-04-20 04:07:05,業績報表,20260420_040705_daily_df.csv,./dashboard_data/snapshots/202604/20260420_040705_daily_df.csv,schedule
20260420040705816416,2026-04-20 04:07:05,業績報表,20260420_040705_meta.json,./dashboard_data/snapshots/202604/20260420_040705_meta.json,schedule
20260420040705818867,2026-04-20 04:07:05,業績報表,20260420_040705_email_preview.html,./dashboard_data/snapshots/202604/20260420_040705_email_preview.html,schedule
20260420041135246755,2026-04-20 04:11:35,業績報表,df4.csv,./dashboard_data/latest/df4.csv,schedule
20260420041135249641,2026-04-20 04:11:35,業績報表,daily_df.csv,./dashboard_data/latest/daily_df.csv,schedule
20260420041135251948,2026-04-20 04:11:35,業績報表,email_preview.html,./dashboard_data/latest/email_preview.html,schedule
20260420041135254299,2026-04-20 04:11:35,業績報表,meta.json,./dashboard_data/latest/meta.json,schedule
20260420041135257024,2026-04-20 04:11:35,業績報表,20260420_041135_df4.csv,./dashboard_data/snapshots/202604/20260420_041135_df4.csv,schedule
20260420041135259685,2026-04-20 04:11:35,業績報表,20260420_041135_daily_df.csv,./dashboard_data/snapshots/202604/20260420_041135_daily_df.csv,schedule
20260420041135261963,2026-04-20 04:11:35,業績報表,20260420_041135_meta.json,./dashboard_data/snapshots/202604/20260420_041135_meta.json,schedule
20260420041135264254,2026-04-20 04:11:35,業績報表,20260420_041135_email_preview.html,./dashboard_data/snapshots/202604/20260420_041135_email_preview.html,schedule
20260420042427637859,2026-04-20 04:24:27,業績報表,df4.csv,./dashboard_data/latest/df4.csv,schedule
20260420042427641122,2026-04-20 04:24:27,業績報表,daily_df.csv,./dashboard_data/latest/daily_df.csv,schedule
20260420042427643742,2026-04-20 04:24:27,業績報表,email_preview.html,./dashboard_data/latest/email_preview.html,schedule
20260420042427646403,2026-04-20 04:24:27,業績報表,meta.json,./dashboard_data/latest/meta.json,schedule
20260420042427649398,2026-04-20 04:24:27,業績報表,20260420_042427_df4.csv,./dashboard_data/snapshots/202604/20260420_042427_df4.csv,schedule
20260420042427652380,2026-04-20 04:24:27,業績報表,20260420_042427_daily_df.csv,./dashboard_data/snapshots/202604/20260420_042427_daily_df.csv,schedule
20260420042427654893,2026-04-20 04:24:27,業績報表,20260420_042427_meta.json,./dashboard_data/snapshots/202604/20260420_042427_meta.json,schedule
20260420042427657446,2026-04-20 04:24:27,業績報表,20260420_042427_email_preview.html,./dashboard_data/snapshots/202604/20260420_042427_email_preview.html,schedule
20260420043225766409,2026-04-20 04:32:25,業績報表,df4.csv,./dashboard_data/latest/df4.csv,schedule
20260420043225769704,2026-04-20 04:32:25,業績報表,daily_df.csv,./dashboard_data/latest/daily_df.csv,schedule
20260420043225772321,2026-04-20 04:32:25,業績報表,email_preview.html,./dashboard_data/latest/email_preview.html,schedule
20260420043225775018,2026-04-20 04:32:25,業績報表,meta.json,./dashboard_data/latest/meta.json,schedule
20260420043225778039,2026-04-20 04:32:25,業績報表,20260420_043225_df4.csv,./dashboard_data/snapshots/202604/20260420_043225_df4.csv,schedule
20260420043225781056,2026-04-20 04:32:25,業績報表,20260420_043225_daily_df.csv,./dashboard_data/snapshots/202604/20260420_043225_daily_df.csv,schedule
20260420043225783626,2026-04-20 04:32:25,業績報表,20260420_043225_meta.json,./dashboard_data/snapshots/202604/20260420_043225_meta.json,schedule
20260420043225786241,2026-04-20 04:32:25,業績報表,20260420_043225_email_preview.html,./dashboard_data/snapshots/202604/20260420_043225_email_preview.html,schedule
20260420043452050222,2026-04-20 04:34:52,業績報表,df4.csv,./dashboard_data/latest/df4.csv,schedule
20260420043452053353,2026-04-20 04:34:52,業績報表,daily_df.csv,./dashboard_data/latest/daily_df.csv,schedule
20260420043452055764,2026-04-20 04:34:52,業績報表,email_preview.html,./dashboard_data/latest/email_preview.html,schedule
20260420043452058168,2026-04-20 04:34:52,業績報表,meta.json,./dashboard_data/latest/meta.json,schedule
20260420043452060986,2026-04-20 04:34:52,業績報表,20260420_043452_df4.csv,./dashboard_data/snapshots/202604/20260420_043452_df4.csv,schedule
20260420043452063823,2026-04-20 04:34:52,業績報表,20260420_043452_daily_df.csv,./dashboard_data/snapshots/202604/20260420_043452_daily_df.csv,schedule
20260420043452066114,2026-04-20 04:34:52,業績報表,20260420_043452_meta.json,./dashboard_data/snapshots/202604/20260420_043452_meta.json,schedule
20260420043452068413,2026-04-20 04:34:52,業績報表,20260420_043452_email_preview.html,./dashboard_data/snapshots/202604/20260420_043452_email_preview.html,schedule
20260420153044119811,2026-04-20 15:30:44,業績報表,df4.csv,./dashboard_data/latest/df4.csv,schedule
20260420153044123203,2026-04-20 15:30:44,業績報表,daily_df.csv,./dashboard_data/latest/daily_df.csv,schedule
20260420153044126018,2026-04-20 15:30:44,業績報表,email_preview.html,./dashboard_data/latest/email_preview.html,schedule
20260420153044128857,2026-04-20 15:30:44,業績報表,meta.json,./dashboard_data/latest/meta.json,schedule
20260420153044132049,2026-04-20 15:30:44,業績報表,20260420_153044_df4.csv,./dashboard_data/snapshots/202604/20260420_153044_df4.csv,schedule
20260420153044135202,2026-04-20 15:30:44,業績報表,20260420_153044_daily_df.csv,./dashboard_data/snapshots/202604/20260420_153044_daily_df.csv,schedule
20260420153044137925,2026-04-20 15:30:44,業績報表,20260420_153044_meta.json,./dashboard_data/snapshots/202604/20260420_153044_meta.json,schedule
20260420153044140657,2026-04-20 15:30:44,業績報表,20260420_153044_email_preview.html,./dashboard_data/snapshots/202604/20260420_153044_email_preview.html,schedule
20260420230718227887,2026-04-20 23:07:18,業績報表,df4.csv,./dashboard_data/latest/df4.csv,schedule
20260420230718231557,2026-04-20 23:07:18,業績報表,daily_df.csv,./dashboard_data/latest/daily_df.csv,schedule
20260420230718234363,2026-04-20 23:07:18,業績報表,email_preview.html,./dashboard_data/latest/email_preview.html,schedule
20260420230718237306,2026-04-20 23:07:18,業績報表,meta.json,./dashboard_data/latest/meta.json,schedule
20260420230718240671,2026-04-20 23:07:18,業績報表,20260420_230718_df4.csv,./dashboard_data/snapshots/202604/20260420_230718_df4.csv,schedule
20260420230718243933,2026-04-20 23:07:18,業績報表,20260420_230718_daily_df.csv,./dashboard_data/snapshots/202604/20260420_230718_daily_df.csv,schedule
20260420230718246659,2026-04-20 23:07:18,業績報表,20260420_230718_meta.json,./dashboard_data/snapshots/202604/20260420_230718_meta.json,schedule
20260420230718249796,2026-04-20 23:07:18,業績報表,20260420_230718_email_preview.html,./dashboard_data/snapshots/202604/20260420_230718_email_preview.html,schedule
20260421034944042226,2026-04-21 03:49:44,業績報表,df4.csv,./dashboard_data/latest/df4.csv,schedule
20260421034944045410,2026-04-21 03:49:44,業績報表,daily_df.csv,./dashboard_data/latest/daily_df.csv,schedule
20260421034944047871,2026-04-21 03:49:44,業績報表,email_preview.html,./dashboard_data/latest/email_preview.html,schedule
20260421034944050377,2026-04-21 03:49:44,業績報表,meta.json,./dashboard_data/latest/meta.json,schedule
20260421034944053218,2026-04-21 03:49:44,業績報表,20260421_034944_df4.csv,./dashboard_data/snapshots/202604/20260421_034944_df4.csv,schedule
20260421034944056070,2026-04-21 03:49:44,業績報表,20260421_034944_daily_df.csv,./dashboard_data/snapshots/202604/20260421_034944_daily_df.csv,schedule
20260421034944058458,2026-04-21 03:49:44,業績報表,20260421_034944_meta.json,./dashboard_data/snapshots/202604/20260421_034944_meta.json,schedule
20260421034944060858,2026-04-21 03:49:44,業績報表,20260421_034944_email_preview.html,./dashboard_data/snapshots/202604/20260421_034944_email_preview.html,schedule
20260421142547664877,2026-04-21 14:25:47,業績報表,df4.csv,./dashboard_data/latest/df4.csv,schedule
20260421142547667385,2026-04-21 14:25:47,業績報表,daily_df.csv,./dashboard_data/latest/daily_df.csv,schedule
20260421142547669381,2026-04-21 14:25:47,業績報表,email_preview.html,./dashboard_data/latest/email_preview.html,schedule
20260421142547671361,2026-04-21 14:25:47,業績報表,meta.json,./dashboard_data/latest/meta.json,schedule
20260421142547673601,2026-04-21 14:25:47,業績報表,20260421_142547_df4.csv,./dashboard_data/snapshots/202604/20260421_142547_df4.csv,schedule
20260421142547675878,2026-04-21 14:25:47,業績報表,20260421_142547_daily_df.csv,./dashboard_data/snapshots/202604/20260421_142547_daily_df.csv,schedule
20260421142547677796,2026-04-21 14:25:47,業績報表,20260421_142547_meta.json,./dashboard_data/snapshots/202604/20260421_142547_meta.json,schedule
20260421142547679731,2026-04-21 14:25:47,業績報表,20260421_142547_email_preview.html,./dashboard_data/snapshots/202604/20260421_142547_email_preview.html,schedule
20260421230140167179,2026-04-21 23:01:40,業績報表,df4.csv,./dashboard_data/latest/df4.csv,schedule
20260421230140170901,2026-04-21 23:01:40,業績報表,daily_df.csv,./dashboard_data/latest/daily_df.csv,schedule
20260421230140173591,2026-04-21 23:01:40,業績報表,email_preview.html,./dashboard_data/latest/email_preview.html,schedule
20260421230140176357,2026-04-21 23:01:40,業績報表,meta.json,./dashboard_data/latest/meta.json,schedule
20260421230140179520,2026-04-21 23:01:40,業績報表,20260421_230140_df4.csv,./dashboard_data/snapshots/202604/20260421_230140_df4.csv,schedule
20260421230140182622,2026-04-21 23:01:40,業績報表,20260421_230140_daily_df.csv,./dashboard_data/snapshots/202604/20260421_230140_daily_df.csv,schedule
20260421230140185220,2026-04-21 23:01:40,業績報表,20260421_230140_meta.json,./dashboard_data/snapshots/202604/20260421_230140_meta.json,schedule
20260421230140187864,2026-04-21 23:01:40,業績報表,20260421_230140_email_preview.html,./dashboard_data/snapshots/202604/20260421_230140_email_preview.html,schedule
20260422041222974487,2026-04-22 04:12:22,業績報表,df4.csv,./dashboard_data/latest/df4.csv,schedule
20260422041222977932,2026-04-22 04:12:22,業績報表,daily_df.csv,./dashboard_data/latest/daily_df.csv,schedule
20260422041222980603,2026-04-22 04:12:22,業績報表,email_preview.html,./dashboard_data/latest/email_preview.html,schedule
20260422041222983282,2026-04-22 04:12:22,業績報表,meta.json,./dashboard_data/latest/meta.json,schedule
20260422041222986446,2026-04-22 04:12:22,業績報表,20260422_041222_df4.csv,./dashboard_data/snapshots/202604/20260422_041222_df4.csv,schedule
20260422041222989498,2026-04-22 04:12:22,業績報表,20260422_041222_daily_df.csv,./dashboard_data/snapshots/202604/20260422_041222_daily_df.csv,schedule
20260422041222992102,2026-04-22 04:12:22,業績報表,20260422_041222_meta.json,./dashboard_data/snapshots/202604/20260422_041222_meta.json,schedule
20260422041222994813,2026-04-22 04:12:22,業績報表,20260422_041222_email_preview.html,./dashboard_data/snapshots/202604/20260422_041222_email_preview.html,schedule
20260422142610400079,2026-04-22 14:26:10,業績報表,df4.csv,./dashboard_data/latest/df4.csv,schedule
20260422142610402973,2026-04-22 14:26:10,業績報表,daily_df.csv,./dashboard_data/latest/daily_df.csv,schedule
20260422142610405180,2026-04-22 14:26:10,業績報表,email_preview.html,./dashboard_data/latest/email_preview.html,schedule
20260422142610407431,2026-04-22 14:26:10,業績報表,meta.json,./dashboard_data/latest/meta.json,schedule
20260422142610410016,2026-04-22 14:26:10,業績報表,20260422_142610_df4.csv,./dashboard_data/snapshots/202604/20260422_142610_df4.csv,schedule
20260422142610412550,2026-04-22 14:26:10,業績報表,20260422_142610_daily_df.csv,./dashboard_data/snapshots/202604/20260422_142610_daily_df.csv,schedule
20260422142610414606,2026-04-22 14:26:10,業績報表,20260422_142610_meta.json,./dashboard_data/snapshots/202604/20260422_142610_meta.json,schedule
20260422142610416694,2026-04-22 14:26:10,業績報表,20260422_142610_email_preview.html,./dashboard_data/snapshots/202604/20260422_142610_email_preview.html,schedule
20260422230128605388,2026-04-22 23:01:28,業績報表,df4.csv,./dashboard_data/latest/df4.csv,schedule
20260422230128609019,2026-04-22 23:01:28,業績報表,daily_df.csv,./dashboard_data/latest/daily_df.csv,schedule
20260422230128611773,2026-04-22 23:01:28,業績報表,email_preview.html,./dashboard_data/latest/email_preview.html,schedule
20260422230128614612,2026-04-22 23:01:28,業績報表,meta.json,./dashboard_data/latest/meta.json,schedule
20260422230128617755,2026-04-22 23:01:28,業績報表,20260422_230128_df4.csv,./dashboard_data/snapshots/202604/20260422_230128_df4.csv,schedule
20260422230128620999,2026-04-22 23:01:28,業績報表,20260422_230128_daily_df.csv,./dashboard_data/snapshots/202604/20260422_230128_daily_df.csv,schedule
20260422230128623648,2026-04-22 23:01:28,業績報表,20260422_230128_meta.json,./dashboard_data/snapshots/202604/20260422_230128_meta.json,schedule
20260422230128626349,2026-04-22 23:01:28,業績報表,20260422_230128_email_preview.html,./dashboard_data/snapshots/202604/20260422_230128_email_preview.html,schedule
20260423041349064015,2026-04-23 04:13:49,業績報表,df4.csv,./dashboard_data/latest/df4.csv,schedule
20260423041349067848,2026-04-23 04:13:49,業績報表,daily_df.csv,./dashboard_data/latest/daily_df.csv,schedule
20260423041349070816,2026-04-23 04:13:49,業績報表,email_preview.html,./dashboard_data/latest/email_preview.html,schedule
20260423041349073849,2026-04-23 04:13:49,業績報表,meta.json,./dashboard_data/latest/meta.json,schedule
20260423041349077249,2026-04-23 04:13:49,業績報表,20260423_041349_df4.csv,./dashboard_data/snapshots/202604/20260423_041349_df4.csv,schedule
20260423041349080682,2026-04-23 04:13:49,業績報表,20260423_041349_daily_df.csv,./dashboard_data/snapshots/202604/20260423_041349_daily_df.csv,schedule
20260423041349083612,2026-04-23 04:13:49,業績報表,20260423_041349_meta.json,./dashboard_data/snapshots/202604/20260423_041349_meta.json,schedule
20260423041349086563,2026-04-23 04:13:49,業績報表,20260423_041349_email_preview.html,./dashboard_data/snapshots/202604/20260423_041349_email_preview.html,schedule
20260423142950323545,2026-04-23 14:29:50,業績報表,df4.csv,./dashboard_data/latest/df4.csv,schedule
20260423142950327698,2026-04-23 14:29:50,業績報表,daily_df.csv,./dashboard_data/latest/daily_df.csv,schedule
20260423142950331251,2026-04-23 14:29:50,業績報表,email_preview.html,./dashboard_data/latest/email_preview.html,schedule
20260423142950334678,2026-04-23 14:29:50,業績報表,meta.json,./dashboard_data/latest/meta.json,schedule
20260423142950338539,2026-04-23 14:29:50,業績報表,20260423_142950_df4.csv,./dashboard_data/snapshots/202604/20260423_142950_df4.csv,schedule
20260423142950342272,2026-04-23 14:29:50,業績報表,20260423_142950_daily_df.csv,./dashboard_data/snapshots/202604/20260423_142950_daily_df.csv,schedule
20260423142950345212,2026-04-23 14:29:50,業績報表,20260423_142950_meta.json,./dashboard_data/snapshots/202604/20260423_142950_meta.json,schedule
20260423142950348086,2026-04-23 14:29:50,業績報表,20260423_142950_email_preview.html,./dashboard_data/snapshots/202604/20260423_142950_email_preview.html,schedule
20260424002132394405,2026-04-24 00:21:32,業績報表,df4.csv,./dashboard_data/latest/df4.csv,schedule
20260424002132398025,2026-04-24 00:21:32,業績報表,daily_df.csv,./dashboard_data/latest/daily_df.csv,schedule
20260424002132400879,2026-04-24 00:21:32,業績報表,email_preview.html,./dashboard_data/latest/email_preview.html,schedule
20260424002132403796,2026-04-24 00:21:32,業績報表,meta.json,./dashboard_data/latest/meta.json,schedule
20260424002132407130,2026-04-24 00:21:32,業績報表,20260424_002132_df4.csv,./dashboard_data/snapshots/202604/20260424_002132_df4.csv,schedule
20260424002132410477,2026-04-24 00:21:32,業績報表,20260424_002132_daily_df.csv,./dashboard_data/snapshots/202604/20260424_002132_daily_df.csv,schedule
20260424002132413252,2026-04-24 00:21:32,業績報表,20260424_002132_meta.json,./dashboard_data/snapshots/202604/20260424_002132_meta.json,schedule
20260424002132416098,2026-04-24 00:21:32,業績報表,20260424_002132_email_preview.html,./dashboard_data/snapshots/202604/20260424_002132_email_preview.html,schedule
20260424041203386433,2026-04-24 04:12:03,業績報表,df4.csv,./dashboard_data/latest/df4.csv,schedule
20260424041203390752,2026-04-24 04:12:03,業績報表,daily_df.csv,./dashboard_data/latest/daily_df.csv,schedule
20260424041203394101,2026-04-24 04:12:03,業績報表,email_preview.html,./dashboard_data/latest/email_preview.html,schedule
20260424041203397379,2026-04-24 04:12:03,業績報表,meta.json,./dashboard_data/latest/meta.json,schedule
20260424041203401126,2026-04-24 04:12:03,業績報表,20260424_041203_df4.csv,./dashboard_data/snapshots/202604/20260424_041203_df4.csv,schedule
20260424041203404918,2026-04-24 04:12:03,業績報表,20260424_041203_daily_df.csv,./dashboard_data/snapshots/202604/20260424_041203_daily_df.csv,schedule
20260424041203408263,2026-04-24 04:12:03,業績報表,20260424_041203_meta.json,./dashboard_data/snapshots/202604/20260424_041203_meta.json,schedule
20260424041203411450,2026-04-24 04:12:03,業績報表,20260424_041203_email_preview.html,./dashboard_data/snapshots/202604/20260424_041203_email_preview.html,schedule
20260424143227281422,2026-04-24 14:32:27,業績報表,df4.csv,./dashboard_data/latest/df4.csv,schedule
20260424143227284612,2026-04-24 14:32:27,業績報表,daily_df.csv,./dashboard_data/latest/daily_df.csv,schedule
20260424143227287007,2026-04-24 14:32:27,業績報表,email_preview.html,./dashboard_data/latest/email_preview.html,schedule
20260424143227289469,2026-04-24 14:32:27,業績報表,meta.json,./dashboard_data/latest/meta.json,schedule
20260424143227292090,2026-04-24 14:32:27,業績報表,20260424_143227_df4.csv,./dashboard_data/snapshots/202604/20260424_143227_df4.csv,schedule
20260424143227294741,2026-04-24 14:32:27,業績報表,20260424_143227_daily_df.csv,./dashboard_data/snapshots/202604/20260424_143227_daily_df.csv,schedule
20260424143227297018,2026-04-24 14:32:27,業績報表,20260424_143227_meta.json,./dashboard_data/snapshots/202604/20260424_143227_meta.json,schedule
20260424143227299270,2026-04-24 14:32:27,業績報表,20260424_143227_email_preview.html,./dashboard_data/snapshots/202604/20260424_143227_email_preview.html,schedule
20260424225756570875,2026-04-24 22:57:56,業績報表,df4.csv,./dashboard_data/latest/df4.csv,schedule
20260424225756574818,2026-04-24 22:57:56,業績報表,daily_df.csv,./dashboard_data/latest/daily_df.csv,schedule
20260424225756577768,2026-04-24 22:57:56,業績報表,email_preview.html,./dashboard_data/latest/email_preview.html,schedule
20260424225756580726,2026-04-24 22:57:56,業績報表,meta.json,./dashboard_data/latest/meta.json,schedule
20260424225756584019,2026-04-24 22:57:56,業績報表,20260424_225756_df4.csv,./dashboard_data/snapshots/202604/20260424_225756_df4.csv,schedule
20260424225756587433,2026-04-24 22:57:56,業績報表,20260424_225756_daily_df.csv,./dashboard_data/snapshots/202604/20260424_225756_daily_df.csv,schedule
20260424225756590280,2026-04-24 22:57:56,業績報表,20260424_225756_meta.json,./dashboard_data/snapshots/202604/20260424_225756_meta.json,schedule
20260424225756593073,2026-04-24 22:57:56,業績報表,20260424_225756_email_preview.html,./dashboard_data/snapshots/202604/20260424_225756_email_preview.html,schedule
20260425021008045471,2026-04-25 02:10:08,業績報表,df4.csv,./dashboard_data/latest/df4.csv,schedule
20260425021008049305,2026-04-25 02:10:08,業績報表,daily_df.csv,./dashboard_data/latest/daily_df.csv,schedule
20260425021008052276,2026-04-25 02:10:08,業績報表,email_preview.html,./dashboard_data/latest/email_preview.html,schedule
20260425021008055288,2026-04-25 02:10:08,業績報表,meta.json,./dashboard_data/latest/meta.json,schedule
20260425021008058694,2026-04-25 02:10:08,業績報表,20260425_021008_df4.csv,./dashboard_data/snapshots/202604/20260425_021008_df4.csv,schedule
20260425021008062199,2026-04-25 02:10:08,業績報表,20260425_021008_daily_df.csv,./dashboard_data/snapshots/202604/20260425_021008_daily_df.csv,schedule
20260425021008065124,2026-04-25 02:10:08,業績報表,20260425_021008_meta.json,./dashboard_data/snapshots/202604/20260425_021008_meta.json,schedule
20260425021008068053,2026-04-25 02:10:08,業績報表,20260425_021008_email_preview.html,./dashboard_data/snapshots/202604/20260425_021008_email_preview.html,schedule
20260425140905979627,2026-04-25 14:09:05,業績報表,df4.csv,./dashboard_data/latest/df4.csv,schedule
20260425140905983452,2026-04-25 14:09:05,業績報表,daily_df.csv,./dashboard_data/latest/daily_df.csv,schedule
20260425140905986469,2026-04-25 14:09:05,業績報表,email_preview.html,./dashboard_data/latest/email_preview.html,schedule
20260425140905989595,2026-04-25 14:09:05,業績報表,meta.json,./dashboard_data/latest/meta.json,schedule
20260425140905992993,2026-04-25 14:09:05,業績報表,20260425_140905_df4.csv,./dashboard_data/snapshots/202604/20260425_140905_df4.csv,schedule
20260425140905996527,2026-04-25 14:09:05,業績報表,20260425_140905_daily_df.csv,./dashboard_data/snapshots/202604/20260425_140905_daily_df.csv,schedule
20260425140905999488,2026-04-25 14:09:05,業績報表,20260425_140905_meta.json,./dashboard_data/snapshots/202604/20260425_140905_meta.json,schedule
20260425140906002502,2026-04-25 14:09:06,業績報表,20260425_140905_email_preview.html,./dashboard_data/snapshots/202604/20260425_140905_email_preview.html,schedule
20260425195919865675,2026-04-25 19:59:19,業績報表,df4.csv,./dashboard_data/latest/df4.csv,schedule
20260425195919869920,2026-04-25 19:59:19,業績報表,daily_df.csv,./dashboard_data/latest/daily_df.csv,schedule
20260425195919872989,2026-04-25 19:59:19,業績報表,email_preview.html,./dashboard_data/latest/email_preview.html,schedule
20260425195919876091,2026-04-25 19:59:19,業績報表,meta.json,./dashboard_data/latest/meta.json,schedule
20260425195919879551,2026-04-25 19:59:19,業績報表,20260425_195919_df4.csv,./dashboard_data/snapshots/202604/20260425_195919_df4.csv,schedule
20260425195919883079,2026-04-25 19:59:19,業績報表,20260425_195919_daily_df.csv,./dashboard_data/snapshots/202604/20260425_195919_daily_df.csv,schedule
20260425195919886041,2026-04-25 19:59:19,業績報表,20260425_195919_meta.json,./dashboard_data/snapshots/202604/20260425_195919_meta.json,schedule
20260425195919888999,2026-04-25 19:59:19,業績報表,20260425_195919_email_preview.html,./dashboard_data/snapshots/202604/20260425_195919_email_preview.html,schedule
20260426020810431972,2026-04-26 02:08:10,業績報表,df4.csv,./dashboard_data/latest/df4.csv,schedule
20260426020810436379,2026-04-26 02:08:10,業績報表,daily_df.csv,./dashboard_data/latest/daily_df.csv,schedule
20260426020810439836,2026-04-26 02:08:10,業績報表,email_preview.html,./dashboard_data/latest/email_preview.html,schedule
20260426020810443320,2026-04-26 02:08:10,業績報表,meta.json,./dashboard_data/latest/meta.json,schedule
20260426020810447203,2026-04-26 02:08:10,業績報表,20260426_020810_df4.csv,./dashboard_data/snapshots/202604/20260426_020810_df4.csv,schedule
20260426020810451229,2026-04-26 02:08:10,業績報表,20260426_020810_daily_df.csv,./dashboard_data/snapshots/202604/20260426_020810_daily_df.csv,schedule
20260426020810454615,2026-04-26 02:08:10,業績報表,20260426_020810_meta.json,./dashboard_data/snapshots/202604/20260426_020810_meta.json,schedule
20260426020810458032,2026-04-26 02:08:10,業績報表,20260426_020810_email_preview.html,./dashboard_data/snapshots/202604/20260426_020810_email_preview.html,schedule
20260426143158233701,2026-04-26 14:31:58,業績報表,df4.csv,./dashboard_data/latest/df4.csv,schedule
20260426143158237735,2026-04-26 14:31:58,業績報表,daily_df.csv,./dashboard_data/latest/daily_df.csv,schedule
20260426143158240917,2026-04-26 14:31:58,業績報表,email_preview.html,./dashboard_data/latest/email_preview.html,schedule
20260426143158244131,2026-04-26 14:31:58,業績報表,meta.json,./dashboard_data/latest/meta.json,schedule
20260426143158247688,2026-04-26 14:31:58,業績報表,20260426_143158_df4.csv,./dashboard_data/snapshots/202604/20260426_143158_df4.csv,schedule
20260426143158251406,2026-04-26 14:31:58,業績報表,20260426_143158_daily_df.csv,./dashboard_data/snapshots/202604/20260426_143158_daily_df.csv,schedule
20260426143158254580,2026-04-26 14:31:58,業績報表,20260426_143158_meta.json,./dashboard_data/snapshots/202604/20260426_143158_meta.json,schedule
20260426143158257727,2026-04-26 14:31:58,業績報表,20260426_143158_email_preview.html,./dashboard_data/snapshots/202604/20260426_143158_email_preview.html,schedule
20260426200601438732,2026-04-26 20:06:01,業績報表,df4.csv,./dashboard_data/latest/df4.csv,schedule
20260426200601610007,2026-04-26 20:06:01,業績報表,daily_df.csv,./dashboard_data/latest/daily_df.csv,schedule
20260426200601639349,2026-04-26 20:06:01,業績報表,email_preview.html,./dashboard_data/latest/email_preview.html,schedule
20260426200601669969,2026-04-26 20:06:01,業績報表,meta.json,./dashboard_data/latest/meta.json,schedule
20260426200601790009,2026-04-26 20:06:01,業績報表,20260426_200601_df4.csv,./dashboard_data/snapshots/202604/20260426_200601_df4.csv,schedule
20260426200601809861,2026-04-26 20:06:01,業績報表,20260426_200601_daily_df.csv,./dashboard_data/snapshots/202604/20260426_200601_daily_df.csv,schedule
20260426200601822211,2026-04-26 20:06:01,業績報表,20260426_200601_meta.json,./dashboard_data/snapshots/202604/20260426_200601_meta.json,schedule
20260426200601839166,2026-04-26 20:06:01,業績報表,20260426_200601_email_preview.html,./dashboard_data/snapshots/202604/20260426_200601_email_preview.html,schedule
20260427020903071174,2026-04-27 02:09:03,業績報表,df4.csv,./dashboard_data/latest/df4.csv,schedule
20260427020903075502,2026-04-27 02:09:03,業績報表,daily_df.csv,./dashboard_data/latest/daily_df.csv,schedule
20260427020903078728,2026-04-27 02:09:03,業績報表,email_preview.html,./dashboard_data/latest/email_preview.html,schedule
20260427020903082259,2026-04-27 02:09:03,業績報表,meta.json,./dashboard_data/latest/meta.json,schedule
20260427020903085901,2026-04-27 02:09:03,業績報表,20260427_020903_df4.csv,./dashboard_data/snapshots/202604/20260427_020903_df4.csv,schedule
20260427020903089951,2026-04-27 02:09:03,業績報表,20260427_020903_daily_df.csv,./dashboard_data/snapshots/202604/20260427_020903_daily_df.csv,schedule
20260427020903093387,2026-04-27 02:09:03,業績報表,20260427_020903_meta.json,./dashboard_data/snapshots/202604/20260427_020903_meta.json,schedule
20260427020903096844,2026-04-27 02:09:03,業績報表,20260427_020903_email_preview.html,./dashboard_data/snapshots/202604/20260427_020903_email_preview.html,schedule
20260427171128506006,2026-04-27 17:11:28,業績報表,df4.csv,./dashboard_data/latest/df4.csv,schedule
20260427171128509334,2026-04-27 17:11:28,業績報表,daily_df.csv,./dashboard_data/latest/daily_df.csv,schedule
20260427171128511894,2026-04-27 17:11:28,業績報表,email_preview.html,./dashboard_data/latest/email_preview.html,schedule
20260427171128514482,2026-04-27 17:11:28,業績報表,meta.json,./dashboard_data/latest/meta.json,schedule
20260427171128517377,2026-04-27 17:11:28,業績報表,20260427_171128_df4.csv,./dashboard_data/snapshots/202604/20260427_171128_df4.csv,schedule
20260427171128520425,2026-04-27 17:11:28,業績報表,20260427_171128_daily_df.csv,./dashboard_data/snapshots/202604/20260427_171128_daily_df.csv,schedule
20260427171128522883,2026-04-27 17:11:28,業績報表,20260427_171128_meta.json,./dashboard_data/snapshots/202604/20260427_171128_meta.json,schedule
20260427171128525418,2026-04-27 17:11:28,業績報表,20260427_171128_email_preview.html,./dashboard_data/snapshots/202604/20260427_171128_email_preview.html,schedule
20260428001228285655,2026-04-28 00:12:28,業績報表,df4.csv,./dashboard_data/latest/df4.csv,schedule
20260428001228289092,2026-04-28 00:12:28,業績報表,daily_df.csv,./dashboard_data/latest/daily_df.csv,schedule
20260428001228291668,2026-04-28 00:12:28,業績報表,email_preview.html,./dashboard_data/latest/email_preview.html,schedule
20260428001228294239,2026-04-28 00:12:28,業績報表,meta.json,./dashboard_data/latest/meta.json,schedule
20260428001228297111,2026-04-28 00:12:28,業績報表,20260428_001228_df4.csv,./dashboard_data/snapshots/202604/20260428_001228_df4.csv,schedule
20260428001228300093,2026-04-28 00:12:28,業績報表,20260428_001228_daily_df.csv,./dashboard_data/snapshots/202604/20260428_001228_daily_df.csv,schedule
20260428001228302604,2026-04-28 00:12:28,業績報表,20260428_001228_meta.json,./dashboard_data/snapshots/202604/20260428_001228_meta.json,schedule
20260428001228305122,2026-04-28 00:12:28,業績報表,20260428_001228_email_preview.html,./dashboard_data/snapshots/202604/20260428_001228_email_preview.html,schedule
20260428041911209479,2026-04-28 04:19:11,業績報表,df4.csv,./dashboard_data/latest/df4.csv,schedule
20260428041911213986,2026-04-28 04:19:11,業績報表,daily_df.csv,./dashboard_data/latest/daily_df.csv,schedule
20260428041911217494,2026-04-28 04:19:11,業績報表,email_preview.html,./dashboard_data/latest/email_preview.html,schedule
20260428041911221091,2026-04-28 04:19:11,業績報表,meta.json,./dashboard_data/latest/meta.json,schedule
20260428041911225007,2026-04-28 04:19:11,業績報表,20260428_041911_df4.csv,./dashboard_data/snapshots/202604/20260428_041911_df4.csv,schedule
20260428041911229133,2026-04-28 04:19:11,業績報表,20260428_041911_daily_df.csv,./dashboard_data/snapshots/202604/20260428_041911_daily_df.csv,schedule
20260428041911232627,2026-04-28 04:19:11,業績報表,20260428_041911_meta.json,./dashboard_data/snapshots/202604/20260428_041911_meta.json,schedule
20260428041911236133,2026-04-28 04:19:11,業績報表,20260428_041911_email_preview.html,./dashboard_data/snapshots/202604/20260428_041911_email_preview.html,schedule
20260428164301363523,2026-04-28 16:43:01,業績報表,df4.csv,./dashboard_data/latest/df4.csv,schedule
20260428164301368257,2026-04-28 16:43:01,業績報表,daily_df.csv,./dashboard_data/latest/daily_df.csv,schedule
20260428164301372046,2026-04-28 16:43:01,業績報表,email_preview.html,./dashboard_data/latest/email_preview.html,schedule
20260428164301375789,2026-04-28 16:43:01,業績報表,meta.json,./dashboard_data/latest/meta.json,schedule
20260428164301380122,2026-04-28 16:43:01,業績報表,20260428_164301_df4.csv,./dashboard_data/snapshots/202604/20260428_164301_df4.csv,schedule
20260428164301384507,2026-04-28 16:43:01,業績報表,20260428_164301_daily_df.csv,./dashboard_data/snapshots/202604/20260428_164301_daily_df.csv,schedule
20260428164301388193,2026-04-28 16:43:01,業績報表,20260428_164301_meta.json,./dashboard_data/snapshots/202604/20260428_164301_meta.json,schedule
20260428164301391901,2026-04-28 16:43:01,業績報表,20260428_164301_email_preview.html,./dashboard_data/snapshots/202604/20260428_164301_email_preview.html,schedule
20260429003016353156,2026-04-29 00:30:16,業績報表,df4.csv,./dashboard_data/latest/df4.csv,schedule
20260429003016357967,2026-04-29 00:30:16,業績報表,daily_df.csv,./dashboard_data/latest/daily_df.csv,schedule
20260429003016361932,2026-04-29 00:30:16,業績報表,email_preview.html,./dashboard_data/latest/email_preview.html,schedule
20260429003016365955,2026-04-29 00:30:16,業績報表,meta.json,./dashboard_data/latest/meta.json,schedule
20260429003016370314,2026-04-29 00:30:16,業績報表,20260429_003016_df4.csv,./dashboard_data/snapshots/202604/20260429_003016_df4.csv,schedule
20260429003016374835,2026-04-29 00:30:16,業績報表,20260429_003016_daily_df.csv,./dashboard_data/snapshots/202604/20260429_003016_daily_df.csv,schedule
20260429003016378620,2026-04-29 00:30:16,業績報表,20260429_003016_meta.json,./dashboard_data/snapshots/202604/20260429_003016_meta.json,schedule
20260429003016382362,2026-04-29 00:30:16,業績報表,20260429_003016_email_preview.html,./dashboard_data/snapshots/202604/20260429_003016_email_preview.html,schedule
20260429044939837180,2026-04-29 04:49:39,業績報表,df4.csv,./dashboard_data/latest/df4.csv,schedule
20260429044939841917,2026-04-29 04:49:39,業績報表,daily_df.csv,./dashboard_data/latest/daily_df.csv,schedule
20260429044939845701,2026-04-29 04:49:39,業績報表,email_preview.html,./dashboard_data/latest/email_preview.html,schedule
20260429044939849578,2026-04-29 04:49:39,業績報表,meta.json,./dashboard_data/latest/meta.json,schedule
20260429044939853823,2026-04-29 04:49:39,業績報表,20260429_044939_df4.csv,./dashboard_data/snapshots/202604/20260429_044939_df4.csv,schedule
20260429044939858256,2026-04-29 04:49:39,業績報表,20260429_044939_daily_df.csv,./dashboard_data/snapshots/202604/20260429_044939_daily_df.csv,schedule
20260429044939862038,2026-04-29 04:49:39,業績報表,20260429_044939_meta.json,./dashboard_data/snapshots/202604/20260429_044939_meta.json,schedule
20260429044939865772,2026-04-29 04:49:39,業績報表,20260429_044939_email_preview.html,./dashboard_data/snapshots/202604/20260429_044939_email_preview.html,schedule
20260429155322864372,2026-04-29 15:53:22,業績報表,df4.csv,./dashboard_data/latest/df4.csv,schedule
20260429155322869137,2026-04-29 15:53:22,業績報表,daily_df.csv,./dashboard_data/latest/daily_df.csv,schedule
20260429155322872804,2026-04-29 15:53:22,業績報表,email_preview.html,./dashboard_data/latest/email_preview.html,schedule
20260429155322876520,2026-04-29 15:53:22,業績報表,meta.json,./dashboard_data/latest/meta.json,schedule
20260429155322880643,2026-04-29 15:53:22,業績報表,20260429_155322_df4.csv,./dashboard_data/snapshots/202604/20260429_155322_df4.csv,schedule
20260429155322884940,2026-04-29 15:53:22,業績報表,20260429_155322_daily_df.csv,./dashboard_data/snapshots/202604/20260429_155322_daily_df.csv,schedule
20260429155322888845,2026-04-29 15:53:22,業績報表,20260429_155322_meta.json,./dashboard_data/snapshots/202604/20260429_155322_meta.json,schedule
20260429155322892509,2026-04-29 15:53:22,業績報表,20260429_155322_email_preview.html,./dashboard_data/snapshots/202604/20260429_155322_email_preview.html,schedule
20260429195329004879,2026-04-29 19:53:29,業績報表,df4.csv,./dashboard_data/latest/df4.csv,schedule
20260429195329009829,2026-04-29 19:53:29,業績報表,daily_df.csv,./dashboard_data/latest/daily_df.csv,schedule
20260429195329013855,2026-04-29 19:53:29,業績報表,email_preview.html,./dashboard_data/latest/email_preview.html,schedule
20260429195329017888,2026-04-29 19:53:29,業績報表,meta.json,./dashboard_data/latest/meta.json,schedule
20260429195329022313,2026-04-29 19:53:29,業績報表,20260429_195329_df4.csv,./dashboard_data/snapshots/202604/20260429_195329_df4.csv,schedule
20260429195329026935,2026-04-29 19:53:29,業績報表,20260429_195329_daily_df.csv,./dashboard_data/snapshots/202604/20260429_195329_daily_df.csv,schedule
20260429195329030778,2026-04-29 19:53:29,業績報表,20260429_195329_meta.json,./dashboard_data/snapshots/202604/20260429_195329_meta.json,schedule
20260429195329034676,2026-04-29 19:53:29,業績報表,20260429_195329_email_preview.html,./dashboard_data/snapshots/202604/20260429_195329_email_preview.html,schedule
20260430015113256936,2026-04-30 01:51:13,業績報表,df4.csv,./dashboard_data/latest/df4.csv,schedule
20260430015113262235,2026-04-30 01:51:13,業績報表,daily_df.csv,./dashboard_data/latest/daily_df.csv,schedule
20260430015113266427,2026-04-30 01:51:13,業績報表,email_preview.html,./dashboard_data/latest/email_preview.html,schedule
20260430015113270510,2026-04-30 01:51:13,業績報表,meta.json,./dashboard_data/latest/meta.json,schedule
20260430015113274959,2026-04-30 01:51:13,業績報表,20260430_015113_df4.csv,./dashboard_data/snapshots/202604/20260430_015113_df4.csv,schedule
20260430015113279645,2026-04-30 01:51:13,業績報表,20260430_015113_daily_df.csv,./dashboard_data/snapshots/202604/20260430_015113_daily_df.csv,schedule
20260430015113283600,2026-04-30 01:51:13,業績報表,20260430_015113_meta.json,./dashboard_data/snapshots/202604/20260430_015113_meta.json,schedule
20260430015113287644,2026-04-30 01:51:13,業績報表,20260430_015113_email_preview.html,./dashboard_data/snapshots/202604/20260430_015113_email_preview.html,schedule
20260430115945498176,2026-04-30 11:59:45,業績報表,df4.csv,./dashboard_data/latest/df4.csv,schedule
20260430115945502812,2026-04-30 11:59:45,業績報表,daily_df.csv,./dashboard_data/latest/daily_df.csv,schedule
20260430115945506714,2026-04-30 11:59:45,業績報表,email_preview.html,./dashboard_data/latest/email_preview.html,schedule
20260430115945510470,2026-04-30 11:59:45,業績報表,meta.json,./dashboard_data/latest/meta.json,schedule
20260430115945514781,2026-04-30 11:59:45,業績報表,20260430_115945_df4.csv,./dashboard_data/snapshots/202604/20260430_115945_df4.csv,schedule
20260430115945519282,2026-04-30 11:59:45,業績報表,20260430_115945_daily_df.csv,./dashboard_data/snapshots/202604/20260430_115945_daily_df.csv,schedule
20260430115945523078,2026-04-30 11:59:45,業績報表,20260430_115945_meta.json,./dashboard_data/snapshots/202604/20260430_115945_meta.json,schedule
20260430115945526952,2026-04-30 11:59:45,業績報表,20260430_115945_email_preview.html,./dashboard_data/snapshots/202604/20260430_115945_email_preview.html,schedule
20260430195247998950,2026-04-30 19:52:47,業績報表,df4.csv,./dashboard_data/latest/df4.csv,schedule
20260430195248003623,2026-04-30 19:52:48,業績報表,daily_df.csv,./dashboard_data/latest/daily_df.csv,schedule
20260430195248007416,2026-04-30 19:52:48,業績報表,email_preview.html,./dashboard_data/latest/email_preview.html,schedule
20260430195248011282,2026-04-30 19:52:48,業績報表,meta.json,./dashboard_data/latest/meta.json,schedule
20260430195248015468,2026-04-30 19:52:48,業績報表,20260430_195247_df4.csv,./dashboard_data/snapshots/202604/20260430_195247_df4.csv,schedule
20260430195248019941,2026-04-30 19:52:48,業績報表,20260430_195247_daily_df.csv,./dashboard_data/snapshots/202604/20260430_195247_daily_df.csv,schedule
20260430195248023669,2026-04-30 19:52:48,業績報表,20260430_195247_meta.json,./dashboard_data/snapshots/202604/20260430_195247_meta.json,schedule
20260430195248027441,2026-04-30 19:52:48,業績報表,20260430_195247_email_preview.html,./dashboard_data/snapshots/202604/20260430_195247_email_preview.html,schedule
20260501014635845181,2026-05-01 01:46:35,業績報表,df4.csv,./dashboard_data/latest/df4.csv,schedule
20260501014635849895,2026-05-01 01:46:35,業績報表,daily_df.csv,./dashboard_data/latest/daily_df.csv,schedule
20260501014635853945,2026-05-01 01:46:35,業績報表,email_preview.html,./dashboard_data/latest/email_preview.html,schedule
20260501014635858075,2026-05-01 01:46:35,業績報表,meta.json,./dashboard_data/latest/meta.json,schedule
20260501014635862597,2026-05-01 01:46:35,業績報表,20260501_014635_df4.csv,./dashboard_data/snapshots/202605/20260501_014635_df4.csv,schedule
20260501014635867026,2026-05-01 01:46:35,業績報表,20260501_014635_daily_df.csv,./dashboard_data/snapshots/202605/20260501_014635_daily_df.csv,schedule
20260501014635871027,2026-05-01 01:46:35,業績報表,20260501_014635_meta.json,./dashboard_data/snapshots/202605/20260501_014635_meta.json,schedule
20260501014635875083,2026-05-01 01:46:35,業績報表,20260501_014635_email_preview.html,./dashboard_data/snapshots/202605/20260501_014635_email_preview.html,schedule
20260501121218332602,2026-05-01 12:12:18,業績報表,df4.csv,./dashboard_data/latest/df4.csv,schedule
20260501121218337128,2026-05-01 12:12:18,業績報表,daily_df.csv,./dashboard_data/latest/daily_df.csv,schedule
20260501121218340930,2026-05-01 12:12:18,業績報表,email_preview.html,./dashboard_data/latest/email_preview.html,schedule
20260501121218344733,2026-05-01 12:12:18,業績報表,meta.json,./dashboard_data/latest/meta.json,schedule
20260501121218348879,2026-05-01 12:12:18,業績報表,20260501_121218_df4.csv,./dashboard_data/snapshots/202605/20260501_121218_df4.csv,schedule
20260501121218352985,2026-05-01 12:12:18,業績報表,20260501_121218_daily_df.csv,./dashboard_data/snapshots/202605/20260501_121218_daily_df.csv,schedule
20260501121218356732,2026-05-01 12:12:18,業績報表,20260501_121218_meta.json,./dashboard_data/snapshots/202605/20260501_121218_meta.json,schedule
20260501121218360587,2026-05-01 12:12:18,業績報表,20260501_121218_email_preview.html,./dashboard_data/snapshots/202605/20260501_121218_email_preview.html,schedule
20260501192035032698,2026-05-01 19:20:35,業績報表,df4.csv,./dashboard_data/latest/df4.csv,schedule
20260501192035037342,2026-05-01 19:20:35,業績報表,daily_df.csv,./dashboard_data/latest/daily_df.csv,schedule
20260501192035040999,2026-05-01 19:20:35,業績報表,email_preview.html,./dashboard_data/latest/email_preview.html,schedule
20260501192035044665,2026-05-01 19:20:35,業績報表,meta.json,./dashboard_data/latest/meta.json,schedule
20260501192035048664,2026-05-01 19:20:35,業績報表,20260501_192035_df4.csv,./dashboard_data/snapshots/202605/20260501_192035_df4.csv,schedule
20260501192035052672,2026-05-01 19:20:35,業績報表,20260501_192035_daily_df.csv,./dashboard_data/snapshots/202605/20260501_192035_daily_df.csv,schedule
20260501192035056292,2026-05-01 19:20:35,業績報表,20260501_192035_meta.json,./dashboard_data/snapshots/202605/20260501_192035_meta.json,schedule
20260501192035059897,2026-05-01 19:20:35,業績報表,20260501_192035_email_preview.html,./dashboard_data/snapshots/202605/20260501_192035_email_preview.html,schedule
20260502011447872366,2026-05-02 01:14:47,業績報表,df4.csv,./dashboard_data/latest/df4.csv,schedule
20260502011447877371,2026-05-02 01:14:47,業績報表,daily_df.csv,./dashboard_data/latest/daily_df.csv,schedule
20260502011447881674,2026-05-02 01:14:47,業績報表,email_preview.html,./dashboard_data/latest/email_preview.html,schedule
20260502011447885941,2026-05-02 01:14:47,業績報表,meta.json,./dashboard_data/latest/meta.json,schedule
20260502011447890593,2026-05-02 01:14:47,業績報表,20260502_011447_df4.csv,./dashboard_data/snapshots/202605/20260502_011447_df4.csv,schedule
20260502011447895244,2026-05-02 01:14:47,業績報表,20260502_011447_daily_df.csv,./dashboard_data/snapshots/202605/20260502_011447_daily_df.csv,schedule
20260502011447899335,2026-05-02 01:14:47,業績報表,20260502_011447_meta.json,./dashboard_data/snapshots/202605/20260502_011447_meta.json,schedule
20260502011447903576,2026-05-02 01:14:47,業績報表,20260502_011447_email_preview.html,./dashboard_data/snapshots/202605/20260502_011447_email_preview.html,schedule
20260502114622378146,2026-05-02 11:46:22,業績報表,df4.csv,./dashboard_data/latest/df4.csv,schedule
20260502114622383292,2026-05-02 11:46:22,業績報表,daily_df.csv,./dashboard_data/latest/daily_df.csv,schedule
20260502114622387558,2026-05-02 11:46:22,業績報表,email_preview.html,./dashboard_data/latest/email_preview.html,schedule
20260502114622391831,2026-05-02 11:46:22,業績報表,meta.json,./dashboard_data/latest/meta.json,schedule
20260502114622396599,2026-05-02 11:46:22,業績報表,20260502_114622_df4.csv,./dashboard_data/snapshots/202605/20260502_114622_df4.csv,schedule
20260502114622401369,2026-05-02 11:46:22,業績報表,20260502_114622_daily_df.csv,./dashboard_data/snapshots/202605/20260502_114622_daily_df.csv,schedule
20260502114622405572,2026-05-02 11:46:22,業績報表,20260502_114622_meta.json,./dashboard_data/snapshots/202605/20260502_114622_meta.json,schedule
20260502114622409868,2026-05-02 11:46:22,業績報表,20260502_114622_email_preview.html,./dashboard_data/snapshots/202605/20260502_114622_email_preview.html,schedule
20260502190406494117,2026-05-02 19:04:06,業績報表,df4.csv,./dashboard_data/latest/df4.csv,schedule
20260502190406499254,2026-05-02 19:04:06,業績報表,daily_df.csv,./dashboard_data/latest/daily_df.csv,schedule
20260502190406503750,2026-05-02 19:04:06,業績報表,email_preview.html,./dashboard_data/latest/email_preview.html,schedule
20260502190406508200,2026-05-02 19:04:06,業績報表,meta.json,./dashboard_data/latest/meta.json,schedule
20260502190406513175,2026-05-02 19:04:06,業績報表,20260502_190406_df4.csv,./dashboard_data/snapshots/202605/20260502_190406_df4.csv,schedule
20260502190406518053,2026-05-02 19:04:06,業績報表,20260502_190406_daily_df.csv,./dashboard_data/snapshots/202605/20260502_190406_daily_df.csv,schedule
20260502190406522419,2026-05-02 19:04:06,業績報表,20260502_190406_meta.json,./dashboard_data/snapshots/202605/20260502_190406_meta.json,schedule
20260502190406526928,2026-05-02 19:04:06,業績報表,20260502_190406_email_preview.html,./dashboard_data/snapshots/202605/20260502_190406_email_preview.html,schedule
20260503010745348544,2026-05-03 01:07:45,業績報表,df4.csv,./dashboard_data/latest/df4.csv,schedule
20260503010745353853,2026-05-03 01:07:45,業績報表,daily_df.csv,./dashboard_data/latest/daily_df.csv,schedule
20260503010745358254,2026-05-03 01:07:45,業績報表,email_preview.html,./dashboard_data/latest/email_preview.html,schedule
20260503010745362666,2026-05-03 01:07:45,業績報表,meta.json,./dashboard_data/latest/meta.json,schedule
20260503010745367392,2026-05-03 01:07:45,業績報表,20260503_010745_df4.csv,./dashboard_data/snapshots/202605/20260503_010745_df4.csv,schedule
20260503010745372147,2026-05-03 01:07:45,業績報表,20260503_010745_daily_df.csv,./dashboard_data/snapshots/202605/20260503_010745_daily_df.csv,schedule
20260503010745376597,2026-05-03 01:07:45,業績報表,20260503_010745_meta.json,./dashboard_data/snapshots/202605/20260503_010745_meta.json,schedule
20260503010745380975,2026-05-03 01:07:45,業績報表,20260503_010745_email_preview.html,./dashboard_data/snapshots/202605/20260503_010745_email_preview.html,schedule
20260503120642515608,2026-05-03 12:06:42,業績報表,df4.csv,./dashboard_data/latest/df4.csv,schedule
20260503120642521068,2026-05-03 12:06:42,業績報表,daily_df.csv,./dashboard_data/latest/daily_df.csv,schedule
20260503120642525542,2026-05-03 12:06:42,業績報表,email_preview.html,./dashboard_data/latest/email_preview.html,schedule
20260503120642530050,2026-05-03 12:06:42,業績報表,meta.json,./dashboard_data/latest/meta.json,schedule
20260503120642534886,2026-05-03 12:06:42,業績報表,20260503_120642_df4.csv,./dashboard_data/snapshots/202605/20260503_120642_df4.csv,schedule
20260503120642539806,2026-05-03 12:06:42,業績報表,20260503_120642_daily_df.csv,./dashboard_data/snapshots/202605/20260503_120642_daily_df.csv,schedule
20260503120642544192,2026-05-03 12:06:42,業績報表,20260503_120642_meta.json,./dashboard_data/snapshots/202605/20260503_120642_meta.json,schedule
20260503120642548587,2026-05-03 12:06:42,業績報表,20260503_120642_email_preview.html,./dashboard_data/snapshots/202605/20260503_120642_email_preview.html,schedule
20260503190536628128,2026-05-03 19:05:36,業績報表,df4.csv,./dashboard_data/latest/df4.csv,schedule
20260503190536633975,2026-05-03 19:05:36,業績報表,daily_df.csv,./dashboard_data/latest/daily_df.csv,schedule
20260503190536638694,2026-05-03 19:05:36,業績報表,email_preview.html,./dashboard_data/latest/email_preview.html,schedule
20260503190536643403,2026-05-03 19:05:36,業績報表,meta.json,./dashboard_data/latest/meta.json,schedule
20260503190536648540,2026-05-03 19:05:36,業績報表,20260503_190536_df4.csv,./dashboard_data/snapshots/202605/20260503_190536_df4.csv,schedule
20260503190536653641,2026-05-03 19:05:36,業績報表,20260503_190536_daily_df.csv,./dashboard_data/snapshots/202605/20260503_190536_daily_df.csv,schedule
20260503190536658124,2026-05-03 19:05:36,業績報表,20260503_190536_meta.json,./dashboard_data/snapshots/202605/20260503_190536_meta.json,schedule
20260503190536662757,2026-05-03 19:05:36,業績報表,20260503_190536_email_preview.html,./dashboard_data/snapshots/202605/20260503_190536_email_preview.html,schedule
20260504010921940683,2026-05-04 01:09:21,業績報表,df4.csv,./dashboard_data/latest/df4.csv,schedule
20260504010921946546,2026-05-04 01:09:21,業績報表,daily_df.csv,./dashboard_data/latest/daily_df.csv,schedule
20260504010921951353,2026-05-04 01:09:21,業績報表,email_preview.html,./dashboard_data/latest/email_preview.html,schedule
20260504010921956409,2026-05-04 01:09:21,業績報表,meta.json,./dashboard_data/latest/meta.json,schedule
20260504010921961879,2026-05-04 01:09:21,業績報表,20260504_010921_df4.csv,./dashboard_data/snapshots/202605/20260504_010921_df4.csv,schedule
20260504010921967413,2026-05-04 01:09:21,業績報表,20260504_010921_daily_df.csv,./dashboard_data/snapshots/202605/20260504_010921_daily_df.csv,schedule
20260504010921972422,2026-05-04 01:09:21,業績報表,20260504_010921_meta.json,./dashboard_data/snapshots/202605/20260504_010921_meta.json,schedule
20260504010921977410,2026-05-04 01:09:21,業績報表,20260504_010921_email_preview.html,./dashboard_data/snapshots/202605/20260504_010921_email_preview.html,schedule
20260504120350715441,2026-05-04 12:03:50,業績報表,df4.csv,./dashboard_data/latest/df4.csv,schedule
20260504120350720845,2026-05-04 12:03:50,業績報表,daily_df.csv,./dashboard_data/latest/daily_df.csv,schedule
20260504120350725885,2026-05-04 12:03:50,次月統計報表,next_month_daily_df.csv,./dashboard_data/latest/next_month_daily_df.csv,schedule
20260504120350730511,2026-05-04 12:03:50,業績報表,email_preview.html,./dashboard_data/latest/email_preview.html,schedule
20260504120350735162,2026-05-04 12:03:50,業績報表,meta.json,./dashboard_data/latest/meta.json,schedule
20260504120350740493,2026-05-04 12:03:50,業績報表,20260504_120350_df4.csv,./dashboard_data/snapshots/202605/20260504_120350_df4.csv,schedule
20260504120350745648,2026-05-04 12:03:50,業績報表,20260504_120350_daily_df.csv,./dashboard_data/snapshots/202605/20260504_120350_daily_df.csv,schedule
20260504120350750655,2026-05-04 12:03:50,次月統計報表,20260504_120350_next_month_daily_df.csv,./dashboard_data/snapshots/202605/20260504_120350_next_month_daily_df.csv,schedule
20260504120350755301,2026-05-04 12:03:50,業績報表,20260504_120350_meta.json,./dashboard_data/snapshots/202605/20260504_120350_meta.json,schedule
20260504120350759979,2026-05-04 12:03:50,業績報表,20260504_120350_email_preview.html,./dashboard_data/snapshots/202605/20260504_120350_email_preview.html,schedule
20260505015238650160,2026-05-05 01:52:38,業績報表,df4.csv,./dashboard_data/latest/df4.csv,schedule
20260505015238656082,2026-05-05 01:52:38,業績報表,daily_df.csv,./dashboard_data/latest/daily_df.csv,schedule
20260505015238661485,2026-05-05 01:52:38,次月統計報表,next_month_daily_df.csv,./dashboard_data/latest/next_month_daily_df.csv,schedule
20260505015238666114,2026-05-05 01:52:38,業績報表,email_preview.html,./dashboard_data/latest/email_preview.html,schedule
20260505015238670931,2026-05-05 01:52:38,業績報表,meta.json,./dashboard_data/latest/meta.json,schedule
20260505015238676352,2026-05-05 01:52:38,業績報表,20260505_015238_df4.csv,./dashboard_data/snapshots/202605/20260505_015238_df4.csv,schedule
20260505015238681820,2026-05-05 01:52:38,業績報表,20260505_015238_daily_df.csv,./dashboard_data/snapshots/202605/20260505_015238_daily_df.csv,schedule
20260505015238686976,2026-05-05 01:52:38,次月統計報表,20260505_015238_next_month_daily_df.csv,./dashboard_data/snapshots/202605/20260505_015238_next_month_daily_df.csv,schedule
20260505015238691598,2026-05-05 01:52:38,業績報表,20260505_015238_meta.json,./dashboard_data/snapshots/202605/20260505_015238_meta.json,schedule
20260505015238696258,2026-05-05 01:52:38,業績報表,20260505_015238_email_preview.html,./dashboard_data/snapshots/202605/20260505_015238_email_preview.html,schedule
20260505114529608898,2026-05-05 11:45:29,業績報表,df4.csv,./dashboard_data/latest/df4.csv,schedule
20260505114529816938,2026-05-05 11:45:29,業績報表,daily_df.csv,./dashboard_data/latest/daily_df.csv,schedule
20260505114529916776,2026-05-05 11:45:29,次月統計報表,next_month_daily_df.csv,./dashboard_data/latest/next_month_daily_df.csv,schedule
20260505114529921895,2026-05-05 11:45:29,業績報表,email_preview.html,./dashboard_data/latest/email_preview.html,schedule
20260505114530020139,2026-05-05 11:45:30,業績報表,meta.json,./dashboard_data/latest/meta.json,schedule
20260505114530198397,2026-05-05 11:45:30,業績報表,20260505_114529_df4.csv,./dashboard_data/snapshots/202605/20260505_114529_df4.csv,schedule
20260505114530214398,2026-05-05 11:45:30,業績報表,20260505_114529_daily_df.csv,./dashboard_data/snapshots/202605/20260505_114529_daily_df.csv,schedule
20260505114530228271,2026-05-05 11:45:30,次月統計報表,20260505_114529_next_month_daily_df.csv,./dashboard_data/snapshots/202605/20260505_114529_next_month_daily_df.csv,schedule
20260505114530236005,2026-05-05 11:45:30,業績報表,20260505_114529_meta.json,./dashboard_data/snapshots/202605/20260505_114529_meta.json,schedule
20260505114530253631,2026-05-05 11:45:30,業績報表,20260505_114529_email_preview.html,./dashboard_data/snapshots/202605/20260505_114529_email_preview.html,schedule
20260505193721113653,2026-05-05 19:37:21,業績報表,df4.csv,./dashboard_data/latest/df4.csv,schedule
20260505193721119735,2026-05-05 19:37:21,業績報表,daily_df.csv,./dashboard_data/latest/daily_df.csv,schedule
20260505193721125120,2026-05-05 19:37:21,次月統計報表,next_month_daily_df.csv,./dashboard_data/latest/next_month_daily_df.csv,schedule
20260505193721129752,2026-05-05 19:37:21,業績報表,email_preview.html,./dashboard_data/latest/email_preview.html,schedule
20260505193721134535,2026-05-05 19:37:21,業績報表,meta.json,./dashboard_data/latest/meta.json,schedule
20260505193721139706,2026-05-05 19:37:21,業績報表,20260505_193721_df4.csv,./dashboard_data/snapshots/202605/20260505_193721_df4.csv,schedule
20260505193721145397,2026-05-05 19:37:21,業績報表,20260505_193721_daily_df.csv,./dashboard_data/snapshots/202605/20260505_193721_daily_df.csv,schedule
20260505193721150581,2026-05-05 19:37:21,次月統計報表,20260505_193721_next_month_daily_df.csv,./dashboard_data/snapshots/202605/20260505_193721_next_month_daily_df.csv,schedule
20260505193721155215,2026-05-05 19:37:21,業績報表,20260505_193721_meta.json,./dashboard_data/snapshots/202605/20260505_193721_meta.json,schedule
20260505193721159937,2026-05-05 19:37:21,業績報表,20260505_193721_email_preview.html,./dashboard_data/snapshots/202605/20260505_193721_email_preview.html,schedule
20260506015129056381,2026-05-06 01:51:29,業績報表,df4.csv,./dashboard_data/latest/df4.csv,schedule
20260506015129062427,2026-05-06 01:51:29,業績報表,daily_df.csv,./dashboard_data/latest/daily_df.csv,schedule
20260506015129067954,2026-05-06 01:51:29,次月統計報表,next_month_daily_df.csv,./dashboard_data/latest/next_month_daily_df.csv,schedule
20260506015129072824,2026-05-06 01:51:29,業績報表,email_preview.html,./dashboard_data/latest/email_preview.html,schedule
20260506015129077811,2026-05-06 01:51:29,業績報表,meta.json,./dashboard_data/latest/meta.json,schedule
20260506015129083158,2026-05-06 01:51:29,業績報表,20260506_015129_df4.csv,./dashboard_data/snapshots/202605/20260506_015129_df4.csv,schedule
20260506015129089015,2026-05-06 01:51:29,業績報表,20260506_015129_daily_df.csv,./dashboard_data/snapshots/202605/20260506_015129_daily_df.csv,schedule
20260506015129094581,2026-05-06 01:51:29,次月統計報表,20260506_015129_next_month_daily_df.csv,./dashboard_data/snapshots/202605/20260506_015129_next_month_daily_df.csv,schedule
20260506015129099409,2026-05-06 01:51:29,業績報表,20260506_015129_meta.json,./dashboard_data/snapshots/202605/20260506_015129_meta.json,schedule
20260506015129104337,2026-05-06 01:51:29,業績報表,20260506_015129_email_preview.html,./dashboard_data/snapshots/202605/20260506_015129_email_preview.html,schedule
20260506120005916501,2026-05-06 12:00:05,業績報表,df4.csv,./dashboard_data/latest/df4.csv,schedule
20260506120005922576,2026-05-06 12:00:05,業績報表,daily_df.csv,./dashboard_data/latest/daily_df.csv,schedule
20260506120005928033,2026-05-06 12:00:05,次月統計報表,next_month_daily_df.csv,./dashboard_data/latest/next_month_daily_df.csv,schedule
20260506120005932754,2026-05-06 12:00:05,業績報表,email_preview.html,./dashboard_data/latest/email_preview.html,schedule
20260506120005937505,2026-05-06 12:00:05,業績報表,meta.json,./dashboard_data/latest/meta.json,schedule
20260506120005942687,2026-05-06 12:00:05,業績報表,20260506_120005_df4.csv,./dashboard_data/snapshots/202605/20260506_120005_df4.csv,schedule
20260506120005948147,2026-05-06 12:00:05,業績報表,20260506_120005_daily_df.csv,./dashboard_data/snapshots/202605/20260506_120005_daily_df.csv,schedule
20260506120005953256,2026-05-06 12:00:05,次月統計報表,20260506_120005_next_month_daily_df.csv,./dashboard_data/snapshots/202605/20260506_120005_next_month_daily_df.csv,schedule
20260506120005957887,2026-05-06 12:00:05,業績報表,20260506_120005_meta.json,./dashboard_data/snapshots/202605/20260506_120005_meta.json,schedule
20260506120005962538,2026-05-06 12:00:05,業績報表,20260506_120005_email_preview.html,./dashboard_data/snapshots/202605/20260506_120005_email_preview.html,schedule
20260506200347459119,2026-05-06 20:03:47,業績報表,df4.csv,./dashboard_data/latest/df4.csv,schedule
20260506200347465134,2026-05-06 20:03:47,業績報表,daily_df.csv,./dashboard_data/latest/daily_df.csv,schedule
20260506200347470335,2026-05-06 20:03:47,次月統計報表,next_month_daily_df.csv,./dashboard_data/latest/next_month_daily_df.csv,schedule
20260506200347474914,2026-05-06 20:03:47,業績報表,email_preview.html,./dashboard_data/latest/email_preview.html,schedule
20260506200347479529,2026-05-06 20:03:47,業績報表,meta.json,./dashboard_data/latest/meta.json,schedule
20260506200347484591,2026-05-06 20:03:47,業績報表,20260506_200347_df4.csv,./dashboard_data/snapshots/202605/20260506_200347_df4.csv,schedule
20260506200347489977,2026-05-06 20:03:47,業績報表,20260506_200347_daily_df.csv,./dashboard_data/snapshots/202605/20260506_200347_daily_df.csv,schedule
20260506200347495035,2026-05-06 20:03:47,次月統計報表,20260506_200347_next_month_daily_df.csv,./dashboard_data/snapshots/202605/20260506_200347_next_month_daily_df.csv,schedule
20260506200347499644,2026-05-06 20:03:47,業績報表,20260506_200347_meta.json,./dashboard_data/snapshots/202605/20260506_200347_meta.json,schedule
20260506200347504237,2026-05-06 20:03:47,業績報表,20260506_200347_email_preview.html,./dashboard_data/snapshots/202605/20260506_200347_email_preview.html,schedule
20260507015319645399,2026-05-07 01:53:19,業績報表,df4.csv,./dashboard_data/latest/df4.csv,schedule
20260507015319657550,2026-05-07 01:53:19,業績報表,daily_df.csv,./dashboard_data/latest/daily_df.csv,schedule
20260507015319663252,2026-05-07 01:53:19,次月統計報表,next_month_daily_df.csv,./dashboard_data/latest/next_month_daily_df.csv,schedule
20260507015319668195,2026-05-07 01:53:19,業績報表,email_preview.html,./dashboard_data/latest/email_preview.html,schedule
20260507015319673205,2026-05-07 01:53:19,業績報表,meta.json,./dashboard_data/latest/meta.json,schedule
20260507015319678623,2026-05-07 01:53:19,業績報表,20260507_015319_df4.csv,./dashboard_data/snapshots/202605/20260507_015319_df4.csv,schedule
20260507015319684469,2026-05-07 01:53:19,業績報表,20260507_015319_daily_df.csv,./dashboard_data/snapshots/202605/20260507_015319_daily_df.csv,schedule
20260507015319689933,2026-05-07 01:53:19,次月統計報表,20260507_015319_next_month_daily_df.csv,./dashboard_data/snapshots/202605/20260507_015319_next_month_daily_df.csv,schedule
20260507015319694804,2026-05-07 01:53:19,業績報表,20260507_015319_meta.json,./dashboard_data/snapshots/202605/20260507_015319_meta.json,schedule
20260507015319699787,2026-05-07 01:53:19,業績報表,20260507_015319_email_preview.html,./dashboard_data/snapshots/202605/20260507_015319_email_preview.html,schedule
20260507115942083166,2026-05-07 11:59:42,業績報表,df4.csv,./dashboard_data/latest/df4.csv,schedule
20260507115942089570,2026-05-07 11:59:42,業績報表,daily_df.csv,./dashboard_data/latest/daily_df.csv,schedule
20260507115942095375,2026-05-07 11:59:42,次月統計報表,next_month_daily_df.csv,./dashboard_data/latest/next_month_daily_df.csv,schedule
20260507115942100423,2026-05-07 11:59:42,業績報表,email_preview.html,./dashboard_data/latest/email_preview.html,schedule
20260507115942105566,2026-05-07 11:59:42,業績報表,meta.json,./dashboard_data/latest/meta.json,schedule
20260507115942111057,2026-05-07 11:59:42,業績報表,20260507_115942_df4.csv,./dashboard_data/snapshots/202605/20260507_115942_df4.csv,schedule
20260507115942116951,2026-05-07 11:59:42,業績報表,20260507_115942_daily_df.csv,./dashboard_data/snapshots/202605/20260507_115942_daily_df.csv,schedule
20260507115942122529,2026-05-07 11:59:42,次月統計報表,20260507_115942_next_month_daily_df.csv,./dashboard_data/snapshots/202605/20260507_115942_next_month_daily_df.csv,schedule
20260507115942127523,2026-05-07 11:59:42,業績報表,20260507_115942_meta.json,./dashboard_data/snapshots/202605/20260507_115942_meta.json,schedule
20260507115942132576,2026-05-07 11:59:42,業績報表,20260507_115942_email_preview.html,./dashboard_data/snapshots/202605/20260507_115942_email_preview.html,schedule
20260507200234468383,2026-05-07 20:02:34,業績報表,df4.csv,./dashboard_data/latest/df4.csv,schedule
20260507200234475132,2026-05-07 20:02:34,業績報表,daily_df.csv,./dashboard_data/latest/daily_df.csv,schedule
20260507200234481038,2026-05-07 20:02:34,次月統計報表,next_month_daily_df.csv,./dashboard_data/latest/next_month_daily_df.csv,schedule
20260507200234486346,2026-05-07 20:02:34,業績報表,email_preview.html,./dashboard_data/latest/email_preview.html,schedule
20260507200234491643,2026-05-07 20:02:34,業績報表,meta.json,./dashboard_data/latest/meta.json,schedule
20260507200234497581,2026-05-07 20:02:34,業績報表,20260507_200234_df4.csv,./dashboard_data/snapshots/202605/20260507_200234_df4.csv,schedule
20260507200234503939,2026-05-07 20:02:34,業績報表,20260507_200234_daily_df.csv,./dashboard_data/snapshots/202605/20260507_200234_daily_df.csv,schedule
20260507200234509991,2026-05-07 20:02:34,次月統計報表,20260507_200234_next_month_daily_df.csv,./dashboard_data/snapshots/202605/20260507_200234_next_month_daily_df.csv,schedule
20260507200234515378,2026-05-07 20:02:34,業績報表,20260507_200234_meta.json,./dashboard_data/snapshots/202605/20260507_200234_meta.json,schedule
20260507200234520932,2026-05-07 20:02:34,業績報表,20260507_200234_email_preview.html,./dashboard_data/snapshots/202605/20260507_200234_email_preview.html,schedule
20260508015907298829,2026-05-08 01:59:07,業績報表,df4.csv,./dashboard_data/latest/df4.csv,schedule
20260508015907305579,2026-05-08 01:59:07,業績報表,daily_df.csv,./dashboard_data/latest/daily_df.csv,schedule
20260508015907311529,2026-05-08 01:59:07,次月統計報表,next_month_daily_df.csv,./dashboard_data/latest/next_month_daily_df.csv,schedule
20260508015907316727,2026-05-08 01:59:07,業績報表,email_preview.html,./dashboard_data/latest/email_preview.html,schedule
20260508015907321991,2026-05-08 01:59:07,業績報表,meta.json,./dashboard_data/latest/meta.json,schedule
20260508015907327759,2026-05-08 01:59:07,業績報表,20260508_015907_df4.csv,./dashboard_data/snapshots/202605/20260508_015907_df4.csv,schedule
20260508015907333799,2026-05-08 01:59:07,業績報表,20260508_015907_daily_df.csv,./dashboard_data/snapshots/202605/20260508_015907_daily_df.csv,schedule
20260508015907339529,2026-05-08 01:59:07,次月統計報表,20260508_015907_next_month_daily_df.csv,./dashboard_data/snapshots/202605/20260508_015907_next_month_daily_df.csv,schedule
20260508015907344674,2026-05-08 01:59:07,業績報表,20260508_015907_meta.json,./dashboard_data/snapshots/202605/20260508_015907_meta.json,schedule
20260508015907349804,2026-05-08 01:59:07,業績報表,20260508_015907_email_preview.html,./dashboard_data/snapshots/202605/20260508_015907_email_preview.html,schedule
20260508115010362048,2026-05-08 11:50:10,業績報表,df4.csv,./dashboard_data/latest/df4.csv,schedule
20260508115010368327,2026-05-08 11:50:10,業績報表,daily_df.csv,./dashboard_data/latest/daily_df.csv,schedule
20260508115010374145,2026-05-08 11:50:10,次月統計報表,next_month_daily_df.csv,./dashboard_data/latest/next_month_daily_df.csv,schedule
20260508115010379270,2026-05-08 11:50:10,業績報表,email_preview.html,./dashboard_data/latest/email_preview.html,schedule
20260508115010384423,2026-05-08 11:50:10,業績報表,meta.json,./dashboard_data/latest/meta.json,schedule
20260508115010390034,2026-05-08 11:50:10,業績報表,20260508_115010_df4.csv,./dashboard_data/snapshots/202605/20260508_115010_df4.csv,schedule
20260508115010396003,2026-05-08 11:50:10,業績報表,20260508_115010_daily_df.csv,./dashboard_data/snapshots/202605/20260508_115010_daily_df.csv,schedule
20260508115010401691,2026-05-08 11:50:10,次月統計報表,20260508_115010_next_month_daily_df.csv,./dashboard_data/snapshots/202605/20260508_115010_next_month_daily_df.csv,schedule
20260508115010406757,2026-05-08 11:50:10,業績報表,20260508_115010_meta.json,./dashboard_data/snapshots/202605/20260508_115010_meta.json,schedule
20260508115010411867,2026-05-08 11:50:10,業績報表,20260508_115010_email_preview.html,./dashboard_data/snapshots/202605/20260508_115010_email_preview.html,schedule
20260508194314173895,2026-05-08 19:43:14,業績報表,df4.csv,./dashboard_data/latest/df4.csv,schedule
20260508194314180299,2026-05-08 19:43:14,業績報表,daily_df.csv,./dashboard_data/latest/daily_df.csv,schedule
20260508194314185893,2026-05-08 19:43:14,次月統計報表,next_month_daily_df.csv,./dashboard_data/latest/next_month_daily_df.csv,schedule
20260508194314190823,2026-05-08 19:43:14,業績報表,email_preview.html,./dashboard_data/latest/email_preview.html,schedule
20260508194314195843,2026-05-08 19:43:14,業績報表,meta.json,./dashboard_data/latest/meta.json,schedule
20260508194314201250,2026-05-08 19:43:14,業績報表,20260508_194314_df4.csv,./dashboard_data/snapshots/202605/20260508_194314_df4.csv,schedule
20260508194314207064,2026-05-08 19:43:14,業績報表,20260508_194314_daily_df.csv,./dashboard_data/snapshots/202605/20260508_194314_daily_df.csv,schedule
20260508194314212553,2026-05-08 19:43:14,次月統計報表,20260508_194314_next_month_daily_df.csv,./dashboard_data/snapshots/202605/20260508_194314_next_month_daily_df.csv,schedule
20260508194314217485,2026-05-08 19:43:14,業績報表,20260508_194314_meta.json,./dashboard_data/snapshots/202605/20260508_194314_meta.json,schedule
20260508194314222458,2026-05-08 19:43:14,業績報表,20260508_194314_email_preview.html,./dashboard_data/snapshots/202605/20260508_194314_email_preview.html,schedule
20260509014515896823,2026-05-09 01:45:15,業績報表,df4.csv,./dashboard_data/latest/df4.csv,schedule
20260509014515903232,2026-05-09 01:45:15,業績報表,daily_df.csv,./dashboard_data/latest/daily_df.csv,schedule
20260509014515909132,2026-05-09 01:45:15,次月統計報表,next_month_daily_df.csv,./dashboard_data/latest/next_month_daily_df.csv,schedule
20260509014515914256,2026-05-09 01:45:15,業績報表,email_preview.html,./dashboard_data/latest/email_preview.html,schedule
20260509014515919612,2026-05-09 01:45:15,業績報表,meta.json,./dashboard_data/latest/meta.json,schedule
20260509014515925257,2026-05-09 01:45:15,業績報表,20260509_014515_df4.csv,./dashboard_data/snapshots/202605/20260509_014515_df4.csv,schedule
20260509014515931358,2026-05-09 01:45:15,業績報表,20260509_014515_daily_df.csv,./dashboard_data/snapshots/202605/20260509_014515_daily_df.csv,schedule
20260509014515937162,2026-05-09 01:45:15,次月統計報表,20260509_014515_next_month_daily_df.csv,./dashboard_data/snapshots/202605/20260509_014515_next_month_daily_df.csv,schedule
20260509014515942405,2026-05-09 01:45:15,業績報表,20260509_014515_meta.json,./dashboard_data/snapshots/202605/20260509_014515_meta.json,schedule
20260509014515947679,2026-05-09 01:45:15,業績報表,20260509_014515_email_preview.html,./dashboard_data/snapshots/202605/20260509_014515_email_preview.html,schedule
20260509115142955160,2026-05-09 11:51:42,業績報表,df4.csv,./dashboard_data/latest/df4.csv,schedule
20260509115142962039,2026-05-09 11:51:42,業績報表,daily_df.csv,./dashboard_data/latest/daily_df.csv,schedule
20260509115142968526,2026-05-09 11:51:42,次月統計報表,next_month_daily_df.csv,./dashboard_data/latest/next_month_daily_df.csv,schedule
20260509115142974187,2026-05-09 11:51:42,業績報表,email_preview.html,./dashboard_data/latest/email_preview.html,schedule
20260509115142979799,2026-05-09 11:51:42,業績報表,meta.json,./dashboard_data/latest/meta.json,schedule
20260509115142985688,2026-05-09 11:51:42,業績報表,20260509_115142_df4.csv,./dashboard_data/snapshots/202605/20260509_115142_df4.csv,schedule
20260509115142992283,2026-05-09 11:51:42,業績報表,20260509_115142_daily_df.csv,./dashboard_data/snapshots/202605/20260509_115142_daily_df.csv,schedule
20260509115142998606,2026-05-09 11:51:42,次月統計報表,20260509_115142_next_month_daily_df.csv,./dashboard_data/snapshots/202605/20260509_115142_next_month_daily_df.csv,schedule
20260509115143004208,2026-05-09 11:51:43,業績報表,20260509_115142_meta.json,./dashboard_data/snapshots/202605/20260509_115142_meta.json,schedule
20260509115143009671,2026-05-09 11:51:43,業績報表,20260509_115142_email_preview.html,./dashboard_data/snapshots/202605/20260509_115142_email_preview.html,schedule
20260509191021553490,2026-05-09 19:10:21,業績報表,df4.csv,./dashboard_data/latest/df4.csv,schedule
20260509191021560248,2026-05-09 19:10:21,業績報表,daily_df.csv,./dashboard_data/latest/daily_df.csv,schedule
20260509191021566521,2026-05-09 19:10:21,次月統計報表,next_month_daily_df.csv,./dashboard_data/latest/next_month_daily_df.csv,schedule
20260509191021572020,2026-05-09 19:10:21,業績報表,email_preview.html,./dashboard_data/latest/email_preview.html,schedule
20260509191021577737,2026-05-09 19:10:21,業績報表,meta.json,./dashboard_data/latest/meta.json,schedule
20260509191021583838,2026-05-09 19:10:21,業績報表,20260509_191021_df4.csv,./dashboard_data/snapshots/202605/20260509_191021_df4.csv,schedule
20260509191021590528,2026-05-09 19:10:21,業績報表,20260509_191021_daily_df.csv,./dashboard_data/snapshots/202605/20260509_191021_daily_df.csv,schedule
20260509191021596646,2026-05-09 19:10:21,次月統計報表,20260509_191021_next_month_daily_df.csv,./dashboard_data/snapshots/202605/20260509_191021_next_month_daily_df.csv,schedule
20260509191021602087,2026-05-09 19:10:21,業績報表,20260509_191021_meta.json,./dashboard_data/snapshots/202605/20260509_191021_meta.json,schedule
20260509191021607559,2026-05-09 19:10:21,業績報表,20260509_191021_email_preview.html,./dashboard_data/snapshots/202605/20260509_191021_email_preview.html,schedule
20260510011411391521,2026-05-10 01:14:11,業績報表,df4.csv,./dashboard_data/latest/df4.csv,schedule
20260510011411398260,2026-05-10 01:14:11,業績報表,daily_df.csv,./dashboard_data/latest/daily_df.csv,schedule
20260510011411404728,2026-05-10 01:14:11,次月統計報表,next_month_daily_df.csv,./dashboard_data/latest/next_month_daily_df.csv,schedule
20260510011411410340,2026-05-10 01:14:11,業績報表,email_preview.html,./dashboard_data/latest/email_preview.html,schedule
20260510011411416029,2026-05-10 01:14:11,業績報表,meta.json,./dashboard_data/latest/meta.json,schedule
20260510011411422134,2026-05-10 01:14:11,業績報表,20260510_011411_df4.csv,./dashboard_data/snapshots/202605/20260510_011411_df4.csv,schedule
20260510011411428699,2026-05-10 01:14:11,業績報表,20260510_011411_daily_df.csv,./dashboard_data/snapshots/202605/20260510_011411_daily_df.csv,schedule
20260510011411434971,2026-05-10 01:14:11,次月統計報表,20260510_011411_next_month_daily_df.csv,./dashboard_data/snapshots/202605/20260510_011411_next_month_daily_df.csv,schedule
20260510011411440565,2026-05-10 01:14:11,業績報表,20260510_011411_meta.json,./dashboard_data/snapshots/202605/20260510_011411_meta.json,schedule
20260510011411446273,2026-05-10 01:14:11,業績報表,20260510_011411_email_preview.html,./dashboard_data/snapshots/202605/20260510_011411_email_preview.html,schedule
20260510120938066808,2026-05-10 12:09:38,業績報表,df4.csv,./dashboard_data/latest/df4.csv,schedule
20260510120938073787,2026-05-10 12:09:38,業績報表,daily_df.csv,./dashboard_data/latest/daily_df.csv,schedule
20260510120938080199,2026-05-10 12:09:38,次月統計報表,next_month_daily_df.csv,./dashboard_data/latest/next_month_daily_df.csv,schedule
20260510120938085684,2026-05-10 12:09:38,業績報表,email_preview.html,./dashboard_data/latest/email_preview.html,schedule
20260510120938091235,2026-05-10 12:09:38,業績報表,meta.json,./dashboard_data/latest/meta.json,schedule
20260510120938097564,2026-05-10 12:09:38,業績報表,20260510_120938_df4.csv,./dashboard_data/snapshots/202605/20260510_120938_df4.csv,schedule
20260510120938104101,2026-05-10 12:09:38,業績報表,20260510_120938_daily_df.csv,./dashboard_data/snapshots/202605/20260510_120938_daily_df.csv,schedule
20260510120938110319,2026-05-10 12:09:38,次月統計報表,20260510_120938_next_month_daily_df.csv,./dashboard_data/snapshots/202605/20260510_120938_next_month_daily_df.csv,schedule
20260510120938115684,2026-05-10 12:09:38,業績報表,20260510_120938_meta.json,./dashboard_data/snapshots/202605/20260510_120938_meta.json,schedule
20260510120938121156,2026-05-10 12:09:38,業績報表,20260510_120938_email_preview.html,./dashboard_data/snapshots/202605/20260510_120938_email_preview.html,schedule
20260510191129467287,2026-05-10 19:11:29,業績報表,df4.csv,./dashboard_data/latest/df4.csv,schedule
20260510191129474270,2026-05-10 19:11:29,業績報表,daily_df.csv,./dashboard_data/latest/daily_df.csv,schedule
20260510191129480716,2026-05-10 19:11:29,次月統計報表,next_month_daily_df.csv,./dashboard_data/latest/next_month_daily_df.csv,schedule
20260510191129486416,2026-05-10 19:11:29,業績報表,email_preview.html,./dashboard_data/latest/email_preview.html,schedule
20260510191129492009,2026-05-10 19:11:29,業績報表,meta.json,./dashboard_data/latest/meta.json,schedule
20260510191129498152,2026-05-10 19:11:29,業績報表,20260510_191129_df4.csv,./dashboard_data/snapshots/202605/20260510_191129_df4.csv,schedule
20260510191129504954,2026-05-10 19:11:29,業績報表,20260510_191129_daily_df.csv,./dashboard_data/snapshots/202605/20260510_191129_daily_df.csv,schedule
20260510191129511813,2026-05-10 19:11:29,次月統計報表,20260510_191129_next_month_daily_df.csv,./dashboard_data/snapshots/202605/20260510_191129_next_month_daily_df.csv,schedule
20260510191129517598,2026-05-10 19:11:29,業績報表,20260510_191129_meta.json,./dashboard_data/snapshots/202605/20260510_191129_meta.json,schedule
20260510191129523274,2026-05-10 19:11:29,業績報表,20260510_191129_email_preview.html,./dashboard_data/snapshots/202605/20260510_191129_email_preview.html,schedule
20260511011407420077,2026-05-11 01:14:07,業績報表,df4.csv,./dashboard_data/latest/df4.csv,schedule
20260511011407427020,2026-05-11 01:14:07,業績報表,daily_df.csv,./dashboard_data/latest/daily_df.csv,schedule
20260511011407433359,2026-05-11 01:14:07,次月統計報表,next_month_daily_df.csv,./dashboard_data/latest/next_month_daily_df.csv,schedule
20260511011407438848,2026-05-11 01:14:07,業績報表,email_preview.html,./dashboard_data/latest/email_preview.html,schedule
20260511011407444546,2026-05-11 01:14:07,業績報表,meta.json,./dashboard_data/latest/meta.json,schedule
20260511011407450686,2026-05-11 01:14:07,業績報表,20260511_011407_df4.csv,./dashboard_data/snapshots/202605/20260511_011407_df4.csv,schedule
20260511011407457149,2026-05-11 01:14:07,業績報表,20260511_011407_daily_df.csv,./dashboard_data/snapshots/202605/20260511_011407_daily_df.csv,schedule
20260511011407463313,2026-05-11 01:14:07,次月統計報表,20260511_011407_next_month_daily_df.csv,./dashboard_data/snapshots/202605/20260511_011407_next_month_daily_df.csv,schedule
20260511011407468736,2026-05-11 01:14:07,業績報表,20260511_011407_meta.json,./dashboard_data/snapshots/202605/20260511_011407_meta.json,schedule
20260511011407474278,2026-05-11 01:14:07,業績報表,20260511_011407_email_preview.html,./dashboard_data/snapshots/202605/20260511_011407_email_preview.html,schedule
20260511122009654437,2026-05-11 12:20:09,業績報表,df4.csv,./dashboard_data/latest/df4.csv,schedule
20260511122009661506,2026-05-11 12:20:09,業績報表,daily_df.csv,./dashboard_data/latest/daily_df.csv,schedule
20260511122009668005,2026-05-11 12:20:09,次月統計報表,next_month_daily_df.csv,./dashboard_data/latest/next_month_daily_df.csv,schedule
20260511122009673627,2026-05-11 12:20:09,業績報表,email_preview.html,./dashboard_data/latest/email_preview.html,schedule
20260511122009679506,2026-05-11 12:20:09,業績報表,meta.json,./dashboard_data/latest/meta.json,schedule
20260511122009685442,2026-05-11 12:20:09,業績報表,20260511_122009_df4.csv,./dashboard_data/snapshots/202605/20260511_122009_df4.csv,schedule
20260511122009692175,2026-05-11 12:20:09,業績報表,20260511_122009_daily_df.csv,./dashboard_data/snapshots/202605/20260511_122009_daily_df.csv,schedule
20260511122009698552,2026-05-11 12:20:09,次月統計報表,20260511_122009_next_month_daily_df.csv,./dashboard_data/snapshots/202605/20260511_122009_next_month_daily_df.csv,schedule
20260511122009704246,2026-05-11 12:20:09,業績報表,20260511_122009_meta.json,./dashboard_data/snapshots/202605/20260511_122009_meta.json,schedule
20260511122009709682,2026-05-11 12:20:09,業績報表,20260511_122009_email_preview.html,./dashboard_data/snapshots/202605/20260511_122009_email_preview.html,schedule
20260511204939704114,2026-05-11 20:49:39,業績報表,df4.csv,./dashboard_data/latest/df4.csv,schedule
20260511204939711776,2026-05-11 20:49:39,業績報表,daily_df.csv,./dashboard_data/latest/daily_df.csv,schedule
20260511204939718797,2026-05-11 20:49:39,次月統計報表,next_month_daily_df.csv,./dashboard_data/latest/next_month_daily_df.csv,schedule
20260511204939724885,2026-05-11 20:49:39,業績報表,email_preview.html,./dashboard_data/latest/email_preview.html,schedule
20260511204939731084,2026-05-11 20:49:39,業績報表,meta.json,./dashboard_data/latest/meta.json,schedule
20260511204939737887,2026-05-11 20:49:39,業績報表,20260511_204939_df4.csv,./dashboard_data/snapshots/202605/20260511_204939_df4.csv,schedule
20260511204939745200,2026-05-11 20:49:39,業績報表,20260511_204939_daily_df.csv,./dashboard_data/snapshots/202605/20260511_204939_daily_df.csv,schedule
20260511204939752109,2026-05-11 20:49:39,次月統計報表,20260511_204939_next_month_daily_df.csv,./dashboard_data/snapshots/202605/20260511_204939_next_month_daily_df.csv,schedule
20260511204939758377,2026-05-11 20:49:39,業績報表,20260511_204939_meta.json,./dashboard_data/snapshots/202605/20260511_204939_meta.json,schedule
20260511204939764621,2026-05-11 20:49:39,業績報表,20260511_204939_email_preview.html,./dashboard_data/snapshots/202605/20260511_204939_email_preview.html,schedule
20260512020610739045,2026-05-12 02:06:10,業績報表,df4.csv,./dashboard_data/latest/df4.csv,schedule
20260512020610746312,2026-05-12 02:06:10,業績報表,daily_df.csv,./dashboard_data/latest/daily_df.csv,schedule
20260512020610753555,2026-05-12 02:06:10,次月統計報表,next_month_daily_df.csv,./dashboard_data/latest/next_month_daily_df.csv,schedule
20260512020610759335,2026-05-12 02:06:10,業績報表,email_preview.html,./dashboard_data/latest/email_preview.html,schedule
20260512020610765206,2026-05-12 02:06:10,業績報表,meta.json,./dashboard_data/latest/meta.json,schedule
20260512020610771358,2026-05-12 02:06:10,業績報表,20260512_020610_df4.csv,./dashboard_data/snapshots/202605/20260512_020610_df4.csv,schedule
20260512020610778116,2026-05-12 02:06:10,業績報表,20260512_020610_daily_df.csv,./dashboard_data/snapshots/202605/20260512_020610_daily_df.csv,schedule
20260512020610784430,2026-05-12 02:06:10,次月統計報表,20260512_020610_next_month_daily_df.csv,./dashboard_data/snapshots/202605/20260512_020610_next_month_daily_df.csv,schedule
20260512020610790091,2026-05-12 02:06:10,業績報表,20260512_020610_meta.json,./dashboard_data/snapshots/202605/20260512_020610_meta.json,schedule
20260512020610795930,2026-05-12 02:06:10,業績報表,20260512_020610_email_preview.html,./dashboard_data/snapshots/202605/20260512_020610_email_preview.html,schedule
20260512120201354742,2026-05-12 12:02:01,業績報表,df4.csv,./dashboard_data/latest/df4.csv,schedule
20260512120201362102,2026-05-12 12:02:01,業績報表,daily_df.csv,./dashboard_data/latest/daily_df.csv,schedule
20260512120201368739,2026-05-12 12:02:01,次月統計報表,next_month_daily_df.csv,./dashboard_data/latest/next_month_daily_df.csv,schedule
20260512120201374425,2026-05-12 12:02:01,業績報表,email_preview.html,./dashboard_data/latest/email_preview.html,schedule
20260512120201380416,2026-05-12 12:02:01,業績報表,meta.json,./dashboard_data/latest/meta.json,schedule
20260512120201387021,2026-05-12 12:02:01,業績報表,20260512_120201_df4.csv,./dashboard_data/snapshots/202605/20260512_120201_df4.csv,schedule
20260512120201394624,2026-05-12 12:02:01,業績報表,20260512_120201_daily_df.csv,./dashboard_data/snapshots/202605/20260512_120201_daily_df.csv,schedule
20260512120201401544,2026-05-12 12:02:01,次月統計報表,20260512_120201_next_month_daily_df.csv,./dashboard_data/snapshots/202605/20260512_120201_next_month_daily_df.csv,schedule
20260512120201407553,2026-05-12 12:02:01,業績報表,20260512_120201_meta.json,./dashboard_data/snapshots/202605/20260512_120201_meta.json,schedule
20260512120201413616,2026-05-12 12:02:01,業績報表,20260512_120201_email_preview.html,./dashboard_data/snapshots/202605/20260512_120201_email_preview.html,schedule
20260512200851822663,2026-05-12 20:08:51,業績報表,df4.csv,./dashboard_data/latest/df4.csv,schedule
20260512200851829957,2026-05-12 20:08:51,業績報表,daily_df.csv,./dashboard_data/latest/daily_df.csv,schedule
20260512200851836638,2026-05-12 20:08:51,次月統計報表,next_month_daily_df.csv,./dashboard_data/latest/next_month_daily_df.csv,schedule
20260512200851842432,2026-05-12 20:08:51,業績報表,email_preview.html,./dashboard_data/latest/email_preview.html,schedule
20260512200851848349,2026-05-12 20:08:51,業績報表,meta.json,./dashboard_data/latest/meta.json,schedule
20260512200851854597,2026-05-12 20:08:51,業績報表,20260512_200851_df4.csv,./dashboard_data/snapshots/202605/20260512_200851_df4.csv,schedule
20260512200851861446,2026-05-12 20:08:51,業績報表,20260512_200851_daily_df.csv,./dashboard_data/snapshots/202605/20260512_200851_daily_df.csv,schedule
20260512200851867936,2026-05-12 20:08:51,次月統計報表,20260512_200851_next_month_daily_df.csv,./dashboard_data/snapshots/202605/20260512_200851_next_month_daily_df.csv,schedule
20260512200851873605,2026-05-12 20:08:51,業績報表,20260512_200851_meta.json,./dashboard_data/snapshots/202605/20260512_200851_meta.json,schedule
20260512200851879381,2026-05-12 20:08:51,業績報表,20260512_200851_email_preview.html,./dashboard_data/snapshots/202605/20260512_200851_email_preview.html,schedule
20260513021901192163,2026-05-13 02:19:01,業績報表,df4.csv,./dashboard_data/latest/df4.csv,schedule
20260513021901199239,2026-05-13 02:19:01,業績報表,daily_df.csv,./dashboard_data/latest/daily_df.csv,schedule
20260513021901205773,2026-05-13 02:19:01,次月統計報表,next_month_daily_df.csv,./dashboard_data/latest/next_month_daily_df.csv,schedule
20260513021901211447,2026-05-13 02:19:01,業績報表,email_preview.html,./dashboard_data/latest/email_preview.html,schedule
20260513021901217198,2026-05-13 02:19:01,業績報表,meta.json,./dashboard_data/latest/meta.json,schedule
20260513021901223363,2026-05-13 02:19:01,業績報表,20260513_021901_df4.csv,./dashboard_data/snapshots/202605/20260513_021901_df4.csv,schedule
20260513021901229920,2026-05-13 02:19:01,業績報表,20260513_021901_daily_df.csv,./dashboard_data/snapshots/202605/20260513_021901_daily_df.csv,schedule
20260513021901236296,2026-05-13 02:19:01,次月統計報表,20260513_021901_next_month_daily_df.csv,./dashboard_data/snapshots/202605/20260513_021901_next_month_daily_df.csv,schedule
20260513021901241829,2026-05-13 02:19:01,業績報表,20260513_021901_meta.json,./dashboard_data/snapshots/202605/20260513_021901_meta.json,schedule
20260513021901247395,2026-05-13 02:19:01,業績報表,20260513_021901_email_preview.html,./dashboard_data/snapshots/202605/20260513_021901_email_preview.html,schedule
20260513120951526903,2026-05-13 12:09:51,業績報表,df4.csv,./dashboard_data/latest/df4.csv,schedule
20260513120951533993,2026-05-13 12:09:51,業績報表,daily_df.csv,./dashboard_data/latest/daily_df.csv,schedule
20260513120951540499,2026-05-13 12:09:51,次月統計報表,next_month_daily_df.csv,./dashboard_data/latest/next_month_daily_df.csv,schedule
20260513120951546121,2026-05-13 12:09:51,業績報表,email_preview.html,./dashboard_data/latest/email_preview.html,schedule
20260513120951551831,2026-05-13 12:09:51,業績報表,meta.json,./dashboard_data/latest/meta.json,schedule
20260513120951557887,2026-05-13 12:09:51,業績報表,20260513_120951_df4.csv,./dashboard_data/snapshots/202605/20260513_120951_df4.csv,schedule
20260513120951564434,2026-05-13 12:09:51,業績報表,20260513_120951_daily_df.csv,./dashboard_data/snapshots/202605/20260513_120951_daily_df.csv,schedule
20260513120951570710,2026-05-13 12:09:51,次月統計報表,20260513_120951_next_month_daily_df.csv,./dashboard_data/snapshots/202605/20260513_120951_next_month_daily_df.csv,schedule
20260513120951576116,2026-05-13 12:09:51,業績報表,20260513_120951_meta.json,./dashboard_data/snapshots/202605/20260513_120951_meta.json,schedule
20260513120951581599,2026-05-13 12:09:51,業績報表,20260513_120951_email_preview.html,./dashboard_data/snapshots/202605/20260513_120951_email_preview.html,schedule
20260513202134934969,2026-05-13 20:21:34,業績報表,df4.csv,./dashboard_data/latest/df4.csv,schedule
20260513202134942266,2026-05-13 20:21:34,業績報表,daily_df.csv,./dashboard_data/latest/daily_df.csv,schedule
20260513202134949073,2026-05-13 20:21:34,次月統計報表,next_month_daily_df.csv,./dashboard_data/latest/next_month_daily_df.csv,schedule
20260513202134954898,2026-05-13 20:21:34,業績報表,email_preview.html,./dashboard_data/latest/email_preview.html,schedule
20260513202134960755,2026-05-13 20:21:34,業績報表,meta.json,./dashboard_data/latest/meta.json,schedule
20260513202134967134,2026-05-13 20:21:34,業績報表,20260513_202134_df4.csv,./dashboard_data/snapshots/202605/20260513_202134_df4.csv,schedule
20260513202134973960,2026-05-13 20:21:34,業績報表,20260513_202134_daily_df.csv,./dashboard_data/snapshots/202605/20260513_202134_daily_df.csv,schedule
20260513202134980564,2026-05-13 20:21:34,次月統計報表,20260513_202134_next_month_daily_df.csv,./dashboard_data/snapshots/202605/20260513_202134_next_month_daily_df.csv,schedule
20260513202134986354,2026-05-13 20:21:34,業績報表,20260513_202134_meta.json,./dashboard_data/snapshots/202605/20260513_202134_meta.json,schedule
20260513202134992912,2026-05-13 20:21:34,業績報表,20260513_202134_email_preview.html,./dashboard_data/snapshots/202605/20260513_202134_email_preview.html,schedule
20260514021746499165,2026-05-14 02:17:46,業績報表,df4.csv,./dashboard_data/latest/df4.csv,schedule
20260514021746506334,2026-05-14 02:17:46,業績報表,daily_df.csv,./dashboard_data/latest/daily_df.csv,schedule
20260514021746512923,2026-05-14 02:17:46,次月統計報表,next_month_daily_df.csv,./dashboard_data/latest/next_month_daily_df.csv,schedule
20260514021746518510,2026-05-14 02:17:46,業績報表,email_preview.html,./dashboard_data/latest/email_preview.html,schedule
20260514021746524211,2026-05-14 02:17:46,業績報表,meta.json,./dashboard_data/latest/meta.json,schedule
20260514021746530398,2026-05-14 02:17:46,業績報表,20260514_021746_df4.csv,./dashboard_data/snapshots/202605/20260514_021746_df4.csv,schedule
20260514021746537018,2026-05-14 02:17:46,業績報表,20260514_021746_daily_df.csv,./dashboard_data/snapshots/202605/20260514_021746_daily_df.csv,schedule
20260514021746543468,2026-05-14 02:17:46,次月統計報表,20260514_021746_next_month_daily_df.csv,./dashboard_data/snapshots/202605/20260514_021746_next_month_daily_df.csv,schedule
20260514021746549130,2026-05-14 02:17:46,業績報表,20260514_021746_meta.json,./dashboard_data/snapshots/202605/20260514_021746_meta.json,schedule
20260514021746554855,2026-05-14 02:17:46,業績報表,20260514_021746_email_preview.html,./dashboard_data/snapshots/202605/20260514_021746_email_preview.html,schedule
20260514120939273133,2026-05-14 12:09:39,業績報表,df4.csv,./dashboard_data/latest/df4.csv,schedule
20260514120939280553,2026-05-14 12:09:39,業績報表,daily_df.csv,./dashboard_data/latest/daily_df.csv,schedule
20260514120939287790,2026-05-14 12:09:39,次月統計報表,next_month_daily_df.csv,./dashboard_data/latest/next_month_daily_df.csv,schedule
20260514120939294078,2026-05-14 12:09:39,業績報表,email_preview.html,./dashboard_data/latest/email_preview.html,schedule
20260514120939300360,2026-05-14 12:09:39,業績報表,meta.json,./dashboard_data/latest/meta.json,schedule
20260514120939307092,2026-05-14 12:09:39,業績報表,20260514_120939_df4.csv,./dashboard_data/snapshots/202605/20260514_120939_df4.csv,schedule
20260514120939314287,2026-05-14 12:09:39,業績報表,20260514_120939_daily_df.csv,./dashboard_data/snapshots/202605/20260514_120939_daily_df.csv,schedule
20260514120939321297,2026-05-14 12:09:39,次月統計報表,20260514_120939_next_month_daily_df.csv,./dashboard_data/snapshots/202605/20260514_120939_next_month_daily_df.csv,schedule
20260514120939327512,2026-05-14 12:09:39,業績報表,20260514_120939_meta.json,./dashboard_data/snapshots/202605/20260514_120939_meta.json,schedule
20260514120939334858,2026-05-14 12:09:39,業績報表,20260514_120939_email_preview.html,./dashboard_data/snapshots/202605/20260514_120939_email_preview.html,schedule
20260514200514398716,2026-05-14 20:05:14,業績報表,df4.csv,./dashboard_data/latest/df4.csv,schedule
20260514200514405927,2026-05-14 20:05:14,業績報表,daily_df.csv,./dashboard_data/latest/daily_df.csv,schedule
20260514200514412769,2026-05-14 20:05:14,次月統計報表,next_month_daily_df.csv,./dashboard_data/latest/next_month_daily_df.csv,schedule
20260514200514418631,2026-05-14 20:05:14,業績報表,email_preview.html,./dashboard_data/latest/email_preview.html,schedule
20260514200514424555,2026-05-14 20:05:14,業績報表,meta.json,./dashboard_data/latest/meta.json,schedule
20260514200514430960,2026-05-14 20:05:14,業績報表,20260514_200514_df4.csv,./dashboard_data/snapshots/202605/20260514_200514_df4.csv,schedule
20260514200514437960,2026-05-14 20:05:14,業績報表,20260514_200514_daily_df.csv,./dashboard_data/snapshots/202605/20260514_200514_daily_df.csv,schedule
20260514200514444639,2026-05-14 20:05:14,次月統計報表,20260514_200514_next_month_daily_df.csv,./dashboard_data/snapshots/202605/20260514_200514_next_month_daily_df.csv,schedule
20260514200514450470,2026-05-14 20:05:14,業績報表,20260514_200514_meta.json,./dashboard_data/snapshots/202605/20260514_200514_meta.json,schedule
20260514200514456244,2026-05-14 20:05:14,業績報表,20260514_200514_email_preview.html,./dashboard_data/snapshots/202605/20260514_200514_email_preview.html,schedule
20260515020753031336,2026-05-15 02:07:53,業績報表,df4.csv,./dashboard_data/latest/df4.csv,schedule
20260515020753038621,2026-05-15 02:07:53,業績報表,daily_df.csv,./dashboard_data/latest/daily_df.csv,schedule
20260515020753045516,2026-05-15 02:07:53,次月統計報表,next_month_daily_df.csv,./dashboard_data/latest/next_month_daily_df.csv,schedule
20260515020753051223,2026-05-15 02:07:53,業績報表,email_preview.html,./dashboard_data/latest/email_preview.html,schedule
20260515020753057010,2026-05-15 02:07:53,業績報表,meta.json,./dashboard_data/latest/meta.json,schedule
20260515020753063416,2026-05-15 02:07:53,業績報表,20260515_020753_df4.csv,./dashboard_data/snapshots/202605/20260515_020753_df4.csv,schedule
20260515020753070185,2026-05-15 02:07:53,業績報表,20260515_020753_daily_df.csv,./dashboard_data/snapshots/202605/20260515_020753_daily_df.csv,schedule
20260515020753076814,2026-05-15 02:07:53,次月統計報表,20260515_020753_next_month_daily_df.csv,./dashboard_data/snapshots/202605/20260515_020753_next_month_daily_df.csv,schedule
20260515020753082604,2026-05-15 02:07:53,業績報表,20260515_020753_meta.json,./dashboard_data/snapshots/202605/20260515_020753_meta.json,schedule
20260515020753088747,2026-05-15 02:07:53,業績報表,20260515_020753_email_preview.html,./dashboard_data/snapshots/202605/20260515_020753_email_preview.html,schedule
20260515121444561230,2026-05-15 12:14:44,業績報表,df4.csv,./dashboard_data/latest/df4.csv,schedule
20260515121444568994,2026-05-15 12:14:44,業績報表,daily_df.csv,./dashboard_data/latest/daily_df.csv,schedule
20260515121444576304,2026-05-15 12:14:44,次月統計報表,next_month_daily_df.csv,./dashboard_data/latest/next_month_daily_df.csv,schedule
20260515121444582196,2026-05-15 12:14:44,業績報表,email_preview.html,./dashboard_data/latest/email_preview.html,schedule
20260515121444588219,2026-05-15 12:14:44,業績報表,meta.json,./dashboard_data/latest/meta.json,schedule
20260515121444594778,2026-05-15 12:14:44,業績報表,20260515_121444_df4.csv,./dashboard_data/snapshots/202605/20260515_121444_df4.csv,schedule
20260515121444601960,2026-05-15 12:14:44,業績報表,20260515_121444_daily_df.csv,./dashboard_data/snapshots/202605/20260515_121444_daily_df.csv,schedule
20260515121444608805,2026-05-15 12:14:44,次月統計報表,20260515_121444_next_month_daily_df.csv,./dashboard_data/snapshots/202605/20260515_121444_next_month_daily_df.csv,schedule
20260515121444614769,2026-05-15 12:14:44,業績報表,20260515_121444_meta.json,./dashboard_data/snapshots/202605/20260515_121444_meta.json,schedule
20260515121444621590,2026-05-15 12:14:44,業績報表,20260515_121444_email_preview.html,./dashboard_data/snapshots/202605/20260515_121444_email_preview.html,schedule
20260515200456797944,2026-05-15 20:04:56,業績報表,df4.csv,./dashboard_data/latest/df4.csv,schedule
20260515200456805386,2026-05-15 20:04:56,業績報表,daily_df.csv,./dashboard_data/latest/daily_df.csv,schedule
20260515200456812067,2026-05-15 20:04:56,次月統計報表,next_month_daily_df.csv,./dashboard_data/latest/next_month_daily_df.csv,schedule
20260515200456817807,2026-05-15 20:04:56,業績報表,email_preview.html,./dashboard_data/latest/email_preview.html,schedule
20260515200456823537,2026-05-15 20:04:56,業績報表,meta.json,./dashboard_data/latest/meta.json,schedule
20260515200456829659,2026-05-15 20:04:56,業績報表,20260515_200456_df4.csv,./dashboard_data/snapshots/202605/20260515_200456_df4.csv,schedule
20260515200456836402,2026-05-15 20:04:56,業績報表,20260515_200456_daily_df.csv,./dashboard_data/snapshots/202605/20260515_200456_daily_df.csv,schedule
20260515200456842769,2026-05-15 20:04:56,次月統計報表,20260515_200456_next_month_daily_df.csv,./dashboard_data/snapshots/202605/20260515_200456_next_month_daily_df.csv,schedule
20260515200456848372,2026-05-15 20:04:56,業績報表,20260515_200456_meta.json,./dashboard_data/snapshots/202605/20260515_200456_meta.json,schedule
20260515200456854114,2026-05-15 20:04:56,業績報表,20260515_200456_email_preview.html,./dashboard_data/snapshots/202605/20260515_200456_email_preview.html,schedule
20260516015318692543,2026-05-16 01:53:18,業績報表,df4.csv,./dashboard_data/latest/df4.csv,schedule
20260516015318701666,2026-05-16 01:53:18,業績報表,daily_df.csv,./dashboard_data/latest/daily_df.csv,schedule
20260516015318709924,2026-05-16 01:53:18,次月統計報表,next_month_daily_df.csv,./dashboard_data/latest/next_month_daily_df.csv,schedule
20260516015318717023,2026-05-16 01:53:18,業績報表,email_preview.html,./dashboard_data/latest/email_preview.html,schedule
20260516015318724342,2026-05-16 01:53:18,業績報表,meta.json,./dashboard_data/latest/meta.json,schedule
20260516015318732172,2026-05-16 01:53:18,業績報表,20260516_015318_df4.csv,./dashboard_data/snapshots/202605/20260516_015318_df4.csv,schedule
20260516015318740826,2026-05-16 01:53:18,業績報表,20260516_015318_daily_df.csv,./dashboard_data/snapshots/202605/20260516_015318_daily_df.csv,schedule
20260516015318748928,2026-05-16 01:53:18,次月統計報表,20260516_015318_next_month_daily_df.csv,./dashboard_data/snapshots/202605/20260516_015318_next_month_daily_df.csv,schedule
20260516015318756098,2026-05-16 01:53:18,業績報表,20260516_015318_meta.json,./dashboard_data/snapshots/202605/20260516_015318_meta.json,schedule
20260516015318763564,2026-05-16 01:53:18,業績報表,20260516_015318_email_preview.html,./dashboard_data/snapshots/202605/20260516_015318_email_preview.html,schedule
20260516115648654727,2026-05-16 11:56:48,業績報表,df4.csv,./dashboard_data/latest/df4.csv,schedule
20260516115648663555,2026-05-16 11:56:48,業績報表,daily_df.csv,./dashboard_data/latest/daily_df.csv,schedule
20260516115648671524,2026-05-16 11:56:48,次月統計報表,next_month_daily_df.csv,./dashboard_data/latest/next_month_daily_df.csv,schedule
20260516115648678475,2026-05-16 11:56:48,業績報表,email_preview.html,./dashboard_data/latest/email_preview.html,schedule
20260516115648685498,2026-05-16 11:56:48,業績報表,meta.json,./dashboard_data/latest/meta.json,schedule
20260516115648692993,2026-05-16 11:56:48,業績報表,20260516_115648_df4.csv,./dashboard_data/snapshots/202605/20260516_115648_df4.csv,schedule
20260516115648701132,2026-05-16 11:56:48,業績報表,20260516_115648_daily_df.csv,./dashboard_data/snapshots/202605/20260516_115648_daily_df.csv,schedule
20260516115648708916,2026-05-16 11:56:48,次月統計報表,20260516_115648_next_month_daily_df.csv,./dashboard_data/snapshots/202605/20260516_115648_next_month_daily_df.csv,schedule
20260516115648715837,2026-05-16 11:56:48,業績報表,20260516_115648_meta.json,./dashboard_data/snapshots/202605/20260516_115648_meta.json,schedule
20260516115648722808,2026-05-16 11:56:48,業績報表,20260516_115648_email_preview.html,./dashboard_data/snapshots/202605/20260516_115648_email_preview.html,schedule
20260516191548548323,2026-05-16 19:15:48,業績報表,df4.csv,./dashboard_data/latest/df4.csv,schedule
20260516191548557105,2026-05-16 19:15:48,業績報表,daily_df.csv,./dashboard_data/latest/daily_df.csv,schedule
20260516191548565078,2026-05-16 19:15:48,次月統計報表,next_month_daily_df.csv,./dashboard_data/latest/next_month_daily_df.csv,schedule
20260516191548572008,2026-05-16 19:15:48,業績報表,email_preview.html,./dashboard_data/latest/email_preview.html,schedule
20260516191548579078,2026-05-16 19:15:48,業績報表,meta.json,./dashboard_data/latest/meta.json,schedule
20260516191548586644,2026-05-16 19:15:48,業績報表,20260516_191548_df4.csv,./dashboard_data/snapshots/202605/20260516_191548_df4.csv,schedule
20260516191548594718,2026-05-16 19:15:48,業績報表,20260516_191548_daily_df.csv,./dashboard_data/snapshots/202605/20260516_191548_daily_df.csv,schedule
20260516191548602532,2026-05-16 19:15:48,次月統計報表,20260516_191548_next_month_daily_df.csv,./dashboard_data/snapshots/202605/20260516_191548_next_month_daily_df.csv,schedule
20260516191548609423,2026-05-16 19:15:48,業績報表,20260516_191548_meta.json,./dashboard_data/snapshots/202605/20260516_191548_meta.json,schedule
20260516191548616501,2026-05-16 19:15:48,業績報表,20260516_191548_email_preview.html,./dashboard_data/snapshots/202605/20260516_191548_email_preview.html,schedule
20260517011634189586,2026-05-17 01:16:34,業績報表,df4.csv,./dashboard_data/latest/df4.csv,schedule
20260517011634198425,2026-05-17 01:16:34,業績報表,daily_df.csv,./dashboard_data/latest/daily_df.csv,schedule
20260517011634206371,2026-05-17 01:16:34,次月統計報表,next_month_daily_df.csv,./dashboard_data/latest/next_month_daily_df.csv,schedule
20260517011634213302,2026-05-17 01:16:34,業績報表,email_preview.html,./dashboard_data/latest/email_preview.html,schedule
20260517011634220296,2026-05-17 01:16:34,業績報表,meta.json,./dashboard_data/latest/meta.json,schedule
20260517011634227703,2026-05-17 01:16:34,業績報表,20260517_011634_df4.csv,./dashboard_data/snapshots/202605/20260517_011634_df4.csv,schedule
20260517011634235840,2026-05-17 01:16:34,業績報表,20260517_011634_daily_df.csv,./dashboard_data/snapshots/202605/20260517_011634_daily_df.csv,schedule
20260517011634243742,2026-05-17 01:16:34,次月統計報表,20260517_011634_next_month_daily_df.csv,./dashboard_data/snapshots/202605/20260517_011634_next_month_daily_df.csv,schedule
20260517011634250655,2026-05-17 01:16:34,業績報表,20260517_011634_meta.json,./dashboard_data/snapshots/202605/20260517_011634_meta.json,schedule
20260517011634257582,2026-05-17 01:16:34,業績報表,20260517_011634_email_preview.html,./dashboard_data/snapshots/202605/20260517_011634_email_preview.html,schedule
20260517121647994565,2026-05-17 12:16:47,業績報表,df4.csv,./dashboard_data/latest/df4.csv,schedule
20260517121648003100,2026-05-17 12:16:48,業績報表,daily_df.csv,./dashboard_data/latest/daily_df.csv,schedule
20260517121648011086,2026-05-17 12:16:48,次月統計報表,next_month_daily_df.csv,./dashboard_data/latest/next_month_daily_df.csv,schedule
20260517121648018111,2026-05-17 12:16:48,業績報表,email_preview.html,./dashboard_data/latest/email_preview.html,schedule
20260517121648025209,2026-05-17 12:16:48,業績報表,meta.json,./dashboard_data/latest/meta.json,schedule
20260517121648032612,2026-05-17 12:16:48,業績報表,20260517_121647_df4.csv,./dashboard_data/snapshots/202605/20260517_121647_df4.csv,schedule
20260517121648040759,2026-05-17 12:16:48,業績報表,20260517_121647_daily_df.csv,./dashboard_data/snapshots/202605/20260517_121647_daily_df.csv,schedule
20260517121648048591,2026-05-17 12:16:48,次月統計報表,20260517_121647_next_month_daily_df.csv,./dashboard_data/snapshots/202605/20260517_121647_next_month_daily_df.csv,schedule
20260517121648055560,2026-05-17 12:16:48,業績報表,20260517_121647_meta.json,./dashboard_data/snapshots/202605/20260517_121647_meta.json,schedule
20260517121648062584,2026-05-17 12:16:48,業績報表,20260517_121647_email_preview.html,./dashboard_data/snapshots/202605/20260517_121647_email_preview.html,schedule
20260517192312216148,2026-05-17 19:23:12,業績報表,df4.csv,./dashboard_data/latest/df4.csv,schedule
20260517192312225383,2026-05-17 19:23:12,業績報表,daily_df.csv,./dashboard_data/latest/daily_df.csv,schedule
20260517192312233694,2026-05-17 19:23:12,次月統計報表,next_month_daily_df.csv,./dashboard_data/latest/next_month_daily_df.csv,schedule
20260517192312240982,2026-05-17 19:23:12,業績報表,email_preview.html,./dashboard_data/latest/email_preview.html,schedule
20260517192312248467,2026-05-17 19:23:12,業績報表,meta.json,./dashboard_data/latest/meta.json,schedule
20260517192312256227,2026-05-17 19:23:12,業績報表,20260517_192312_df4.csv,./dashboard_data/snapshots/202605/20260517_192312_df4.csv,schedule
20260517192312264672,2026-05-17 19:23:12,業績報表,20260517_192312_daily_df.csv,./dashboard_data/snapshots/202605/20260517_192312_daily_df.csv,schedule
20260517192312272868,2026-05-17 19:23:12,次月統計報表,20260517_192312_next_month_daily_df.csv,./dashboard_data/snapshots/202605/20260517_192312_next_month_daily_df.csv,schedule
20260517192312280232,2026-05-17 19:23:12,業績報表,20260517_192312_meta.json,./dashboard_data/snapshots/202605/20260517_192312_meta.json,schedule
20260517192312287496,2026-05-17 19:23:12,業績報表,20260517_192312_email_preview.html,./dashboard_data/snapshots/202605/20260517_192312_email_preview.html,schedule
20260518011546368448,2026-05-18 01:15:46,業績報表,df4.csv,./dashboard_data/latest/df4.csv,schedule
20260518011546377459,2026-05-18 01:15:46,業績報表,daily_df.csv,./dashboard_data/latest/daily_df.csv,schedule
20260518011546385634,2026-05-18 01:15:46,次月統計報表,next_month_daily_df.csv,./dashboard_data/latest/next_month_daily_df.csv,schedule
20260518011546392851,2026-05-18 01:15:46,業績報表,email_preview.html,./dashboard_data/latest/email_preview.html,schedule
20260518011546400221,2026-05-18 01:15:46,業績報表,meta.json,./dashboard_data/latest/meta.json,schedule
20260518011546407831,2026-05-18 01:15:46,業績報表,20260518_011546_df4.csv,./dashboard_data/snapshots/202605/20260518_011546_df4.csv,schedule
20260518011546416223,2026-05-18 01:15:46,業績報表,20260518_011546_daily_df.csv,./dashboard_data/snapshots/202605/20260518_011546_daily_df.csv,schedule
20260518011546424282,2026-05-18 01:15:46,次月統計報表,20260518_011546_next_month_daily_df.csv,./dashboard_data/snapshots/202605/20260518_011546_next_month_daily_df.csv,schedule
20260518011546431481,2026-05-18 01:15:46,業績報表,20260518_011546_meta.json,./dashboard_data/snapshots/202605/20260518_011546_meta.json,schedule
20260518011546438735,2026-05-18 01:15:46,業績報表,20260518_011546_email_preview.html,./dashboard_data/snapshots/202605/20260518_011546_email_preview.html,schedule
20260518123750197018,2026-05-18 12:37:50,業績報表,df4.csv,./dashboard_data/latest/df4.csv,schedule
20260518123750206300,2026-05-18 12:37:50,業績報表,daily_df.csv,./dashboard_data/latest/daily_df.csv,schedule
20260518123750214778,2026-05-18 12:37:50,次月統計報表,next_month_daily_df.csv,./dashboard_data/latest/next_month_daily_df.csv,schedule
20260518123750222197,2026-05-18 12:37:50,業績報表,email_preview.html,./dashboard_data/latest/email_preview.html,schedule
20260518123750229740,2026-05-18 12:37:50,業績報表,meta.json,./dashboard_data/latest/meta.json,schedule
20260518123750237842,2026-05-18 12:37:50,業績報表,20260518_123750_df4.csv,./dashboard_data/snapshots/202605/20260518_123750_df4.csv,schedule
20260518123750246398,2026-05-18 12:37:50,業績報表,20260518_123750_daily_df.csv,./dashboard_data/snapshots/202605/20260518_123750_daily_df.csv,schedule
20260518123750254635,2026-05-18 12:37:50,次月統計報表,20260518_123750_next_month_daily_df.csv,./dashboard_data/snapshots/202605/20260518_123750_next_month_daily_df.csv,schedule
20260518123750261890,2026-05-18 12:37:50,業績報表,20260518_123750_meta.json,./dashboard_data/snapshots/202605/20260518_123750_meta.json,schedule
20260518123750269119,2026-05-18 12:37:50,業績報表,20260518_123750_email_preview.html,./dashboard_data/snapshots/202605/20260518_123750_email_preview.html,schedule
20260518215838345140,2026-05-18 21:58:38,業績報表,df4.csv,./dashboard_data/latest/df4.csv,schedule
20260518215838354352,2026-05-18 21:58:38,業績報表,daily_df.csv,./dashboard_data/latest/daily_df.csv,schedule
20260518215838362745,2026-05-18 21:58:38,次月統計報表,next_month_daily_df.csv,./dashboard_data/latest/next_month_daily_df.csv,schedule
20260518215838370030,2026-05-18 21:58:38,業績報表,email_preview.html,./dashboard_data/latest/email_preview.html,schedule
20260518215838377376,2026-05-18 21:58:38,業績報表,meta.json,./dashboard_data/latest/meta.json,schedule
20260518215838385139,2026-05-18 21:58:38,業績報表,20260518_215838_df4.csv,./dashboard_data/snapshots/202605/20260518_215838_df4.csv,schedule
20260518215838393624,2026-05-18 21:58:38,業績報表,20260518_215838_daily_df.csv,./dashboard_data/snapshots/202605/20260518_215838_daily_df.csv,schedule
20260518215838401796,2026-05-18 21:58:38,次月統計報表,20260518_215838_next_month_daily_df.csv,./dashboard_data/snapshots/202605/20260518_215838_next_month_daily_df.csv,schedule
20260518215838409061,2026-05-18 21:58:38,業績報表,20260518_215838_meta.json,./dashboard_data/snapshots/202605/20260518_215838_meta.json,schedule
20260518215838416314,2026-05-18 21:58:38,業績報表,20260518_215838_email_preview.html,./dashboard_data/snapshots/202605/20260518_215838_email_preview.html,schedule
20260519021151347789,2026-05-19 02:11:51,業績報表,df4.csv,./dashboard_data/latest/df4.csv,schedule
20260519021151357472,2026-05-19 02:11:51,業績報表,daily_df.csv,./dashboard_data/latest/daily_df.csv,schedule
20260519021151366229,2026-05-19 02:11:51,次月統計報表,next_month_daily_df.csv,./dashboard_data/latest/next_month_daily_df.csv,schedule
20260519021151374000,2026-05-19 02:11:51,業績報表,email_preview.html,./dashboard_data/latest/email_preview.html,schedule
20260519021151381748,2026-05-19 02:11:51,業績報表,meta.json,./dashboard_data/latest/meta.json,schedule
20260519021151389968,2026-05-19 02:11:51,業績報表,20260519_021151_df4.csv,./dashboard_data/snapshots/202605/20260519_021151_df4.csv,schedule
20260519021151398919,2026-05-19 02:11:51,業績報表,20260519_021151_daily_df.csv,./dashboard_data/snapshots/202605/20260519_021151_daily_df.csv,schedule
20260519021151407604,2026-05-19 02:11:51,次月統計報表,20260519_021151_next_month_daily_df.csv,./dashboard_data/snapshots/202605/20260519_021151_next_month_daily_df.csv,schedule
20260519021151415241,2026-05-19 02:11:51,業績報表,20260519_021151_meta.json,./dashboard_data/snapshots/202605/20260519_021151_meta.json,schedule
20260519021151423047,2026-05-19 02:11:51,業績報表,20260519_021151_email_preview.html,./dashboard_data/snapshots/202605/20260519_021151_email_preview.html,schedule
20260519122157482624,2026-05-19 12:21:57,業績報表,df4.csv,./dashboard_data/latest/df4.csv,schedule
20260519122157491789,2026-05-19 12:21:57,業績報表,daily_df.csv,./dashboard_data/latest/daily_df.csv,schedule
20260519122157500359,2026-05-19 12:21:57,次月統計報表,next_month_daily_df.csv,./dashboard_data/latest/next_month_daily_df.csv,schedule
20260519122157507793,2026-05-19 12:21:57,業績報表,email_preview.html,./dashboard_data/latest/email_preview.html,schedule
20260519122157515380,2026-05-19 12:21:57,業績報表,meta.json,./dashboard_data/latest/meta.json,schedule
20260519122157523522,2026-05-19 12:21:57,業績報表,20260519_122157_df4.csv,./dashboard_data/snapshots/202605/20260519_122157_df4.csv,schedule
20260519122157532281,2026-05-19 12:21:57,業績報表,20260519_122157_daily_df.csv,./dashboard_data/snapshots/202605/20260519_122157_daily_df.csv,schedule
20260519122157540695,2026-05-19 12:21:57,次月統計報表,20260519_122157_next_month_daily_df.csv,./dashboard_data/snapshots/202605/20260519_122157_next_month_daily_df.csv,schedule
20260519122157548165,2026-05-19 12:21:57,業績報表,20260519_122157_meta.json,./dashboard_data/snapshots/202605/20260519_122157_meta.json,schedule
20260519122157555654,2026-05-19 12:21:57,業績報表,20260519_122157_email_preview.html,./dashboard_data/snapshots/202605/20260519_122157_email_preview.html,schedule
20260519205251407848,2026-05-19 20:52:51,業績報表,df4.csv,./dashboard_data/latest/df4.csv,schedule
20260519205251417123,2026-05-19 20:52:51,業績報表,daily_df.csv,./dashboard_data/latest/daily_df.csv,schedule
20260519205251425754,2026-05-19 20:52:51,次月統計報表,next_month_daily_df.csv,./dashboard_data/latest/next_month_daily_df.csv,schedule
20260519205251433178,2026-05-19 20:52:51,業績報表,email_preview.html,./dashboard_data/latest/email_preview.html,schedule
20260519205251440696,2026-05-19 20:52:51,業績報表,meta.json,./dashboard_data/latest/meta.json,schedule
20260519205251448653,2026-05-19 20:52:51,業績報表,20260519_205251_df4.csv,./dashboard_data/snapshots/202605/20260519_205251_df4.csv,schedule
20260519205251457346,2026-05-19 20:52:51,業績報表,20260519_205251_daily_df.csv,./dashboard_data/snapshots/202605/20260519_205251_daily_df.csv,schedule
20260519205251465725,2026-05-19 20:52:51,次月統計報表,20260519_205251_next_month_daily_df.csv,./dashboard_data/snapshots/202605/20260519_205251_next_month_daily_df.csv,schedule
20260519205251473110,2026-05-19 20:52:51,業績報表,20260519_205251_meta.json,./dashboard_data/snapshots/202605/20260519_205251_meta.json,schedule
20260519205251480594,2026-05-19 20:52:51,業績報表,20260519_205251_email_preview.html,./dashboard_data/snapshots/202605/20260519_205251_email_preview.html,schedule
20260520021627678837,2026-05-20 02:16:27,業績報表,df4.csv,./dashboard_data/latest/df4.csv,schedule
20260520021627688287,2026-05-20 02:16:27,業績報表,daily_df.csv,./dashboard_data/latest/daily_df.csv,schedule
20260520021627696868,2026-05-20 02:16:27,次月統計報表,next_month_daily_df.csv,./dashboard_data/latest/next_month_daily_df.csv,schedule
20260520021627704237,2026-05-20 02:16:27,業績報表,email_preview.html,./dashboard_data/latest/email_preview.html,schedule
20260520021627711694,2026-05-20 02:16:27,業績報表,meta.json,./dashboard_data/latest/meta.json,schedule
20260520021627719548,2026-05-20 02:16:27,業績報表,20260520_021627_df4.csv,./dashboard_data/snapshots/202605/20260520_021627_df4.csv,schedule
20260520021627728240,2026-05-20 02:16:27,業績報表,20260520_021627_daily_df.csv,./dashboard_data/snapshots/202605/20260520_021627_daily_df.csv,schedule
20260520021627736561,2026-05-20 02:16:27,次月統計報表,20260520_021627_next_month_daily_df.csv,./dashboard_data/snapshots/202605/20260520_021627_next_month_daily_df.csv,schedule
20260520021627743899,2026-05-20 02:16:27,業績報表,20260520_021627_meta.json,./dashboard_data/snapshots/202605/20260520_021627_meta.json,schedule
20260520021627751399,2026-05-20 02:16:27,業績報表,20260520_021627_email_preview.html,./dashboard_data/snapshots/202605/20260520_021627_email_preview.html,schedule
20260520122339957628,2026-05-20 12:23:39,業績報表,df4.csv,./dashboard_data/latest/df4.csv,schedule
20260520122339966859,2026-05-20 12:23:39,業績報表,daily_df.csv,./dashboard_data/latest/daily_df.csv,schedule
20260520122339975335,2026-05-20 12:23:39,次月統計報表,next_month_daily_df.csv,./dashboard_data/latest/next_month_daily_df.csv,schedule
20260520122339982821,2026-05-20 12:23:39,業績報表,email_preview.html,./dashboard_data/latest/email_preview.html,schedule
20260520122339990329,2026-05-20 12:23:39,業績報表,meta.json,./dashboard_data/latest/meta.json,schedule
20260520122339998309,2026-05-20 12:23:39,業績報表,20260520_122339_df4.csv,./dashboard_data/snapshots/202605/20260520_122339_df4.csv,schedule
20260520122340006959,2026-05-20 12:23:40,業績報表,20260520_122339_daily_df.csv,./dashboard_data/snapshots/202605/20260520_122339_daily_df.csv,schedule
20260520122340015467,2026-05-20 12:23:40,次月統計報表,20260520_122339_next_month_daily_df.csv,./dashboard_data/snapshots/202605/20260520_122339_next_month_daily_df.csv,schedule
20260520122340022820,2026-05-20 12:23:40,業績報表,20260520_122339_meta.json,./dashboard_data/snapshots/202605/20260520_122339_meta.json,schedule
20260520122340030301,2026-05-20 12:23:40,業績報表,20260520_122339_email_preview.html,./dashboard_data/snapshots/202605/20260520_122339_email_preview.html,schedule
20260520203739664405,2026-05-20 20:37:39,業績報表,df4.csv,./dashboard_data/latest/df4.csv,schedule
20260520203739673766,2026-05-20 20:37:39,業績報表,daily_df.csv,./dashboard_data/latest/daily_df.csv,schedule
20260520203739682449,2026-05-20 20:37:39,次月統計報表,next_month_daily_df.csv,./dashboard_data/latest/next_month_daily_df.csv,schedule
20260520203739690061,2026-05-20 20:37:39,業績報表,email_preview.html,./dashboard_data/latest/email_preview.html,schedule
20260520203739697681,2026-05-20 20:37:39,業績報表,meta.json,./dashboard_data/latest/meta.json,schedule
20260520203739705604,2026-05-20 20:37:39,業績報表,20260520_203739_df4.csv,./dashboard_data/snapshots/202605/20260520_203739_df4.csv,schedule
20260520203739714328,2026-05-20 20:37:39,業績報表,20260520_203739_daily_df.csv,./dashboard_data/snapshots/202605/20260520_203739_daily_df.csv,schedule
20260520203739722846,2026-05-20 20:37:39,次月統計報表,20260520_203739_next_month_daily_df.csv,./dashboard_data/snapshots/202605/20260520_203739_next_month_daily_df.csv,schedule
20260520203739730310,2026-05-20 20:37:39,業績報表,20260520_203739_meta.json,./dashboard_data/snapshots/202605/20260520_203739_meta.json,schedule
20260520203739737836,2026-05-20 20:37:39,業績報表,20260520_203739_email_preview.html,./dashboard_data/snapshots/202605/20260520_203739_email_preview.html,schedule
20260521023319375361,2026-05-21 02:33:19,業績報表,df4.csv,./dashboard_data/latest/df4.csv,schedule
20260521023319385349,2026-05-21 02:33:19,業績報表,daily_df.csv,./dashboard_data/latest/daily_df.csv,schedule
20260521023319394445,2026-05-21 02:33:19,次月統計報表,next_month_daily_df.csv,./dashboard_data/latest/next_month_daily_df.csv,schedule
20260521023319402307,2026-05-21 02:33:19,業績報表,email_preview.html,./dashboard_data/latest/email_preview.html,schedule
20260521023319410209,2026-05-21 02:33:19,業績報表,meta.json,./dashboard_data/latest/meta.json,schedule
20260521023319418545,2026-05-21 02:33:19,業績報表,20260521_023319_df4.csv,./dashboard_data/snapshots/202605/20260521_023319_df4.csv,schedule
20260521023319427736,2026-05-21 02:33:19,業績報表,20260521_023319_daily_df.csv,./dashboard_data/snapshots/202605/20260521_023319_daily_df.csv,schedule
20260521023319436623,2026-05-21 02:33:19,次月統計報表,20260521_023319_next_month_daily_df.csv,./dashboard_data/snapshots/202605/20260521_023319_next_month_daily_df.csv,schedule
20260521023319444476,2026-05-21 02:33:19,業績報表,20260521_023319_meta.json,./dashboard_data/snapshots/202605/20260521_023319_meta.json,schedule
20260521023319452473,2026-05-21 02:33:19,業績報表,20260521_023319_email_preview.html,./dashboard_data/snapshots/202605/20260521_023319_email_preview.html,schedule
20260521124034945352,2026-05-21 12:40:34,業績報表,df4.csv,./dashboard_data/latest/df4.csv,schedule
20260521124034955289,2026-05-21 12:40:34,業績報表,daily_df.csv,./dashboard_data/latest/daily_df.csv,schedule
20260521124034964473,2026-05-21 12:40:34,次月統計報表,next_month_daily_df.csv,./dashboard_data/latest/next_month_daily_df.csv,schedule
20260521124034972583,2026-05-21 12:40:34,業績報表,email_preview.html,./dashboard_data/latest/email_preview.html,schedule
20260521124034980677,2026-05-21 12:40:34,業績報表,meta.json,./dashboard_data/latest/meta.json,schedule
20260521124034989223,2026-05-21 12:40:34,業績報表,20260521_124034_df4.csv,./dashboard_data/snapshots/202605/20260521_124034_df4.csv,schedule
20260521124034998633,2026-05-21 12:40:34,業績報表,20260521_124034_daily_df.csv,./dashboard_data/snapshots/202605/20260521_124034_daily_df.csv,schedule
20260521124035007613,2026-05-21 12:40:35,次月統計報表,20260521_124034_next_month_daily_df.csv,./dashboard_data/snapshots/202605/20260521_124034_next_month_daily_df.csv,schedule
20260521124035015690,2026-05-21 12:40:35,業績報表,20260521_124034_meta.json,./dashboard_data/snapshots/202605/20260521_124034_meta.json,schedule
20260521124035023799,2026-05-21 12:40:35,業績報表,20260521_124034_email_preview.html,./dashboard_data/snapshots/202605/20260521_124034_email_preview.html,schedule
20260521213042160178,2026-05-21 21:30:42,業績報表,df4.csv,./dashboard_data/latest/df4.csv,schedule
20260521213042170670,2026-05-21 21:30:42,業績報表,daily_df.csv,./dashboard_data/latest/daily_df.csv,schedule
20260521213042180178,2026-05-21 21:30:42,次月統計報表,next_month_daily_df.csv,./dashboard_data/latest/next_month_daily_df.csv,schedule
20260521213042188502,2026-05-21 21:30:42,業績報表,email_preview.html,./dashboard_data/latest/email_preview.html,schedule
20260521213042197023,2026-05-21 21:30:42,業績報表,meta.json,./dashboard_data/latest/meta.json,schedule
20260521213042206141,2026-05-21 21:30:42,業績報表,20260521_213042_df4.csv,./dashboard_data/snapshots/202605/20260521_213042_df4.csv,schedule
20260521213042215839,2026-05-21 21:30:42,業績報表,20260521_213042_daily_df.csv,./dashboard_data/snapshots/202605/20260521_213042_daily_df.csv,schedule
20260521213042226087,2026-05-21 21:30:42,次月統計報表,20260521_213042_next_month_daily_df.csv,./dashboard_data/snapshots/202605/20260521_213042_next_month_daily_df.csv,schedule
20260521213042234531,2026-05-21 21:30:42,業績報表,20260521_213042_meta.json,./dashboard_data/snapshots/202605/20260521_213042_meta.json,schedule
20260521213042242759,2026-05-21 21:30:42,業績報表,20260521_213042_email_preview.html,./dashboard_data/snapshots/202605/20260521_213042_email_preview.html,schedule
20260522021419636583,2026-05-22 02:14:19,業績報表,df4.csv,./dashboard_data/latest/df4.csv,schedule
20260522021419647662,2026-05-22 02:14:19,業績報表,daily_df.csv,./dashboard_data/latest/daily_df.csv,schedule
20260522021419657846,2026-05-22 02:14:19,次月統計報表,next_month_daily_df.csv,./dashboard_data/latest/next_month_daily_df.csv,schedule
20260522021419666783,2026-05-22 02:14:19,業績報表,email_preview.html,./dashboard_data/latest/email_preview.html,schedule
20260522021419675924,2026-05-22 02:14:19,業績報表,meta.json,./dashboard_data/latest/meta.json,schedule
20260522021419685423,2026-05-22 02:14:19,業績報表,20260522_021419_df4.csv,./dashboard_data/snapshots/202605/20260522_021419_df4.csv,schedule
20260522021419695924,2026-05-22 02:14:19,業績報表,20260522_021419_daily_df.csv,./dashboard_data/snapshots/202605/20260522_021419_daily_df.csv,schedule
20260522021419706275,2026-05-22 02:14:19,次月統計報表,20260522_021419_next_month_daily_df.csv,./dashboard_data/snapshots/202605/20260522_021419_next_month_daily_df.csv,schedule
20260522021419715431,2026-05-22 02:14:19,業績報表,20260522_021419_meta.json,./dashboard_data/snapshots/202605/20260522_021419_meta.json,schedule
20260522021419724612,2026-05-22 02:14:19,業績報表,20260522_021419_email_preview.html,./dashboard_data/snapshots/202605/20260522_021419_email_preview.html,schedule
20260522122508280725,2026-05-22 12:25:08,業績報表,df4.csv,./dashboard_data/latest/df4.csv,schedule
20260522122508290896,2026-05-22 12:25:08,業績報表,daily_df.csv,./dashboard_data/latest/daily_df.csv,schedule
20260522122508300252,2026-05-22 12:25:08,次月統計報表,next_month_daily_df.csv,./dashboard_data/latest/next_month_daily_df.csv,schedule
20260522122508308453,2026-05-22 12:25:08,業績報表,email_preview.html,./dashboard_data/latest/email_preview.html,schedule
20260522122508316676,2026-05-22 12:25:08,業績報表,meta.json,./dashboard_data/latest/meta.json,schedule
20260522122508325496,2026-05-22 12:25:08,業績報表,20260522_122508_df4.csv,./dashboard_data/snapshots/202605/20260522_122508_df4.csv,schedule
20260522122508335189,2026-05-22 12:25:08,業績報表,20260522_122508_daily_df.csv,./dashboard_data/snapshots/202605/20260522_122508_daily_df.csv,schedule
20260522122508344480,2026-05-22 12:25:08,次月統計報表,20260522_122508_next_month_daily_df.csv,./dashboard_data/snapshots/202605/20260522_122508_next_month_daily_df.csv,schedule
20260522122508352579,2026-05-22 12:25:08,業績報表,20260522_122508_meta.json,./dashboard_data/snapshots/202605/20260522_122508_meta.json,schedule
20260522122508360793,2026-05-22 12:25:08,業績報表,20260522_122508_email_preview.html,./dashboard_data/snapshots/202605/20260522_122508_email_preview.html,schedule
20260522203327613867,2026-05-22 20:33:27,業績報表,df4.csv,./dashboard_data/latest/df4.csv,schedule
20260522203327623653,2026-05-22 20:33:27,業績報表,daily_df.csv,./dashboard_data/latest/daily_df.csv,schedule
20260522203327632621,2026-05-22 20:33:27,次月統計報表,next_month_daily_df.csv,./dashboard_data/latest/next_month_daily_df.csv,schedule
20260522203327640461,2026-05-22 20:33:27,業績報表,email_preview.html,./dashboard_data/latest/email_preview.html,schedule
20260522203327648345,2026-05-22 20:33:27,業績報表,meta.json,./dashboard_data/latest/meta.json,schedule
20260522203327656675,2026-05-22 20:33:27,業績報表,20260522_203327_df4.csv,./dashboard_data/snapshots/202605/20260522_203327_df4.csv,schedule
20260522203327665833,2026-05-22 20:33:27,業績報表,20260522_203327_daily_df.csv,./dashboard_data/snapshots/202605/20260522_203327_daily_df.csv,schedule
20260522203327674629,2026-05-22 20:33:27,次月統計報表,20260522_203327_next_month_daily_df.csv,./dashboard_data/snapshots/202605/20260522_203327_next_month_daily_df.csv,schedule
20260522203327682398,2026-05-22 20:33:27,業績報表,20260522_203327_meta.json,./dashboard_data/snapshots/202605/20260522_203327_meta.json,schedule
20260522203327690824,2026-05-22 20:33:27,業績報表,20260522_203327_email_preview.html,./dashboard_data/snapshots/202605/20260522_203327_email_preview.html,schedule
20260523020542281850,2026-05-23 02:05:42,業績報表,df4.csv,./dashboard_data/latest/df4.csv,schedule
20260523020542291179,2026-05-23 02:05:42,業績報表,daily_df.csv,./dashboard_data/latest/daily_df.csv,schedule
20260523020542299550,2026-05-23 02:05:42,次月統計報表,next_month_daily_df.csv,./dashboard_data/latest/next_month_daily_df.csv,schedule
20260523020542306731,2026-05-23 02:05:42,業績報表,email_preview.html,./dashboard_data/latest/email_preview.html,schedule
20260523020542314129,2026-05-23 02:05:42,業績報表,meta.json,./dashboard_data/latest/meta.json,schedule
20260523020542322117,2026-05-23 02:05:42,業績報表,20260523_020542_df4.csv,./dashboard_data/snapshots/202605/20260523_020542_df4.csv,schedule
20260523020542331028,2026-05-23 02:05:42,業績報表,20260523_020542_daily_df.csv,./dashboard_data/snapshots/202605/20260523_020542_daily_df.csv,schedule
20260523020542339364,2026-05-23 02:05:42,次月統計報表,20260523_020542_next_month_daily_df.csv,./dashboard_data/snapshots/202605/20260523_020542_next_month_daily_df.csv,schedule
20260523020542346641,2026-05-23 02:05:42,業績報表,20260523_020542_meta.json,./dashboard_data/snapshots/202605/20260523_020542_meta.json,schedule
20260523020542354597,2026-05-23 02:05:42,業績報表,20260523_020542_email_preview.html,./dashboard_data/snapshots/202605/20260523_020542_email_preview.html,schedule
20260523120457081271,2026-05-23 12:04:57,業績報表,df4.csv,./dashboard_data/latest/df4.csv,schedule
20260523120457091299,2026-05-23 12:04:57,業績報表,daily_df.csv,./dashboard_data/latest/daily_df.csv,schedule
20260523120457101083,2026-05-23 12:04:57,次月統計報表,next_month_daily_df.csv,./dashboard_data/latest/next_month_daily_df.csv,schedule
20260523120457109557,2026-05-23 12:04:57,業績報表,email_preview.html,./dashboard_data/latest/email_preview.html,schedule
20260523120457118165,2026-05-23 12:04:57,業績報表,meta.json,./dashboard_data/latest/meta.json,schedule
20260523120457127186,2026-05-23 12:04:57,業績報表,20260523_120457_df4.csv,./dashboard_data/snapshots/202605/20260523_120457_df4.csv,schedule
20260523120457136989,2026-05-23 12:04:57,業績報表,20260523_120457_daily_df.csv,./dashboard_data/snapshots/202605/20260523_120457_daily_df.csv,schedule
20260523120457146408,2026-05-23 12:04:57,次月統計報表,20260523_120457_next_month_daily_df.csv,./dashboard_data/snapshots/202605/20260523_120457_next_month_daily_df.csv,schedule
20260523120457154774,2026-05-23 12:04:57,業績報表,20260523_120457_meta.json,./dashboard_data/snapshots/202605/20260523_120457_meta.json,schedule
20260523120457163214,2026-05-23 12:04:57,業績報表,20260523_120457_email_preview.html,./dashboard_data/snapshots/202605/20260523_120457_email_preview.html,schedule
20260523192448747506,2026-05-23 19:24:48,業績報表,df4.csv,./dashboard_data/latest/df4.csv,schedule
20260523192448757583,2026-05-23 19:24:48,業績報表,daily_df.csv,./dashboard_data/latest/daily_df.csv,schedule
20260523192448767171,2026-05-23 19:24:48,次月統計報表,next_month_daily_df.csv,./dashboard_data/latest/next_month_daily_df.csv,schedule
20260523192448775517,2026-05-23 19:24:48,業績報表,email_preview.html,./dashboard_data/latest/email_preview.html,schedule
20260523192448784056,2026-05-23 19:24:48,業績報表,meta.json,./dashboard_data/latest/meta.json,schedule
20260523192448792876,2026-05-23 19:24:48,業績報表,20260523_192448_df4.csv,./dashboard_data/snapshots/202605/20260523_192448_df4.csv,schedule
20260523192448802506,2026-05-23 19:24:48,業績報表,20260523_192448_daily_df.csv,./dashboard_data/snapshots/202605/20260523_192448_daily_df.csv,schedule
20260523192448811843,2026-05-23 19:24:48,次月統計報表,20260523_192448_next_month_daily_df.csv,./dashboard_data/snapshots/202605/20260523_192448_next_month_daily_df.csv,schedule
20260523192448820031,2026-05-23 19:24:48,業績報表,20260523_192448_meta.json,./dashboard_data/snapshots/202605/20260523_192448_meta.json,schedule
20260523192448828437,2026-05-23 19:24:48,業績報表,20260523_192448_email_preview.html,./dashboard_data/snapshots/202605/20260523_192448_email_preview.html,schedule
20260524011824978271,2026-05-24 01:18:24,業績報表,df4.csv,./dashboard_data/latest/df4.csv,schedule
20260524011824986139,2026-05-24 01:18:24,業績報表,daily_df.csv,./dashboard_data/latest/daily_df.csv,schedule
20260524011824993656,2026-05-24 01:18:24,次月統計報表,next_month_daily_df.csv,./dashboard_data/latest/next_month_daily_df.csv,schedule
20260524011825000154,2026-05-24 01:18:25,業績報表,email_preview.html,./dashboard_data/latest/email_preview.html,schedule
20260524011825006706,2026-05-24 01:18:25,業績報表,meta.json,./dashboard_data/latest/meta.json,schedule
20260524011825013598,2026-05-24 01:18:25,業績報表,20260524_011824_df4.csv,./dashboard_data/snapshots/202605/20260524_011824_df4.csv,schedule
20260524011825021156,2026-05-24 01:18:25,業績報表,20260524_011824_daily_df.csv,./dashboard_data/snapshots/202605/20260524_011824_daily_df.csv,schedule
20260524011825040851,2026-05-24 01:18:25,次月統計報表,20260524_011824_next_month_daily_df.csv,./dashboard_data/snapshots/202605/20260524_011824_next_month_daily_df.csv,schedule
20260524011825047311,2026-05-24 01:18:25,業績報表,20260524_011824_meta.json,./dashboard_data/snapshots/202605/20260524_011824_meta.json,schedule
20260524011825053772,2026-05-24 01:18:25,業績報表,20260524_011824_email_preview.html,./dashboard_data/snapshots/202605/20260524_011824_email_preview.html,schedule
20260524122515388981,2026-05-24 12:25:15,業績報表,df4.csv,./dashboard_data/latest/df4.csv,schedule
20260524122515399334,2026-05-24 12:25:15,業績報表,daily_df.csv,./dashboard_data/latest/daily_df.csv,schedule
20260524122515409457,2026-05-24 12:25:15,次月統計報表,next_month_daily_df.csv,./dashboard_data/latest/next_month_daily_df.csv,schedule
20260524122515418350,2026-05-24 12:25:15,業績報表,email_preview.html,./dashboard_data/latest/email_preview.html,schedule
20260524122515427358,2026-05-24 12:25:15,業績報表,meta.json,./dashboard_data/latest/meta.json,schedule
20260524122515436826,2026-05-24 12:25:15,業績報表,20260524_122515_df4.csv,./dashboard_data/snapshots/202605/20260524_122515_df4.csv,schedule
20260524122515447157,2026-05-24 12:25:15,業績報表,20260524_122515_daily_df.csv,./dashboard_data/snapshots/202605/20260524_122515_daily_df.csv,schedule
20260524122515457093,2026-05-24 12:25:15,次月統計報表,20260524_122515_next_month_daily_df.csv,./dashboard_data/snapshots/202605/20260524_122515_next_month_daily_df.csv,schedule
20260524122515465958,2026-05-24 12:25:15,業績報表,20260524_122515_meta.json,./dashboard_data/snapshots/202605/20260524_122515_meta.json,schedule
20260524122515474784,2026-05-24 12:25:15,業績報表,20260524_122515_email_preview.html,./dashboard_data/snapshots/202605/20260524_122515_email_preview.html,schedule
20260524193904556238,2026-05-24 19:39:04,業績報表,df4.csv,./dashboard_data/latest/df4.csv,schedule
20260524193904566868,2026-05-24 19:39:04,業績報表,daily_df.csv,./dashboard_data/latest/daily_df.csv,schedule
20260524193904576867,2026-05-24 19:39:04,次月統計報表,next_month_daily_df.csv,./dashboard_data/latest/next_month_daily_df.csv,schedule
20260524193904585600,2026-05-24 19:39:04,業績報表,email_preview.html,./dashboard_data/latest/email_preview.html,schedule
20260524193904594446,2026-05-24 19:39:04,業績報表,meta.json,./dashboard_data/latest/meta.json,schedule
20260524193904603659,2026-05-24 19:39:04,業績報表,20260524_193904_df4.csv,./dashboard_data/snapshots/202605/20260524_193904_df4.csv,schedule
20260524193904613846,2026-05-24 19:39:04,業績報表,20260524_193904_daily_df.csv,./dashboard_data/snapshots/202605/20260524_193904_daily_df.csv,schedule
20260524193904623687,2026-05-24 19:39:04,次月統計報表,20260524_193904_next_month_daily_df.csv,./dashboard_data/snapshots/202605/20260524_193904_next_month_daily_df.csv,schedule
20260524193904632546,2026-05-24 19:39:04,業績報表,20260524_193904_meta.json,./dashboard_data/snapshots/202605/20260524_193904_meta.json,schedule
20260524193904641454,2026-05-24 19:39:04,業績報表,20260524_193904_email_preview.html,./dashboard_data/snapshots/202605/20260524_193904_email_preview.html,schedule
20260525011704859299,2026-05-25 01:17:04,業績報表,df4.csv,./dashboard_data/latest/df4.csv,schedule
20260525011704869252,2026-05-25 01:17:04,業績報表,daily_df.csv,./dashboard_data/latest/daily_df.csv,schedule
20260525011704878789,2026-05-25 01:17:04,次月統計報表,next_month_daily_df.csv,./dashboard_data/latest/next_month_daily_df.csv,schedule
20260525011704886925,2026-05-25 01:17:04,業績報表,email_preview.html,./dashboard_data/latest/email_preview.html,schedule
20260525011704895104,2026-05-25 01:17:04,業績報表,meta.json,./dashboard_data/latest/meta.json,schedule
20260525011704903732,2026-05-25 01:17:04,業績報表,20260525_011704_df4.csv,./dashboard_data/snapshots/202605/20260525_011704_df4.csv,schedule
20260525011704913322,2026-05-25 01:17:04,業績報表,20260525_011704_daily_df.csv,./dashboard_data/snapshots/202605/20260525_011704_daily_df.csv,schedule
20260525011704922496,2026-05-25 01:17:04,次月統計報表,20260525_011704_next_month_daily_df.csv,./dashboard_data/snapshots/202605/20260525_011704_next_month_daily_df.csv,schedule
20260525011704930528,2026-05-25 01:17:04,業績報表,20260525_011704_meta.json,./dashboard_data/snapshots/202605/20260525_011704_meta.json,schedule
20260525011704941106,2026-05-25 01:17:04,業績報表,20260525_011704_email_preview.html,./dashboard_data/snapshots/202605/20260525_011704_email_preview.html,schedule
20260525124720634662,2026-05-25 12:47:20,業績報表,df4.csv,./dashboard_data/latest/df4.csv,schedule
20260525124720644029,2026-05-25 12:47:20,業績報表,daily_df.csv,./dashboard_data/latest/daily_df.csv,schedule
20260525124720653300,2026-05-25 12:47:20,次月統計報表,next_month_daily_df.csv,./dashboard_data/latest/next_month_daily_df.csv,schedule
20260525124720661342,2026-05-25 12:47:20,業績報表,email_preview.html,./dashboard_data/latest/email_preview.html,schedule
20260525124720669307,2026-05-25 12:47:20,業績報表,meta.json,./dashboard_data/latest/meta.json,schedule
20260525124720677703,2026-05-25 12:47:20,業績報表,20260525_124720_df4.csv,./dashboard_data/snapshots/202605/20260525_124720_df4.csv,schedule
20260525124720687018,2026-05-25 12:47:20,業績報表,20260525_124720_daily_df.csv,./dashboard_data/snapshots/202605/20260525_124720_daily_df.csv,schedule
20260525124720696075,2026-05-25 12:47:20,次月統計報表,20260525_124720_next_month_daily_df.csv,./dashboard_data/snapshots/202605/20260525_124720_next_month_daily_df.csv,schedule
20260525124720703795,2026-05-25 12:47:20,業績報表,20260525_124720_meta.json,./dashboard_data/snapshots/202605/20260525_124720_meta.json,schedule
20260525124720711675,2026-05-25 12:47:20,業績報表,20260525_124720_email_preview.html,./dashboard_data/snapshots/202605/20260525_124720_email_preview.html,schedule
20260525213957055593,2026-05-25 21:39:57,業績報表,df4.csv,./dashboard_data/latest/df4.csv,schedule
20260525213957067270,2026-05-25 21:39:57,業績報表,daily_df.csv,./dashboard_data/latest/daily_df.csv,schedule
20260525213957078550,2026-05-25 21:39:57,次月統計報表,next_month_daily_df.csv,./dashboard_data/latest/next_month_daily_df.csv,schedule
20260525213957088336,2026-05-25 21:39:57,業績報表,email_preview.html,./dashboard_data/latest/email_preview.html,schedule
20260525213957098338,2026-05-25 21:39:57,業績報表,meta.json,./dashboard_data/latest/meta.json,schedule
20260525213957108480,2026-05-25 21:39:57,業績報表,20260525_213957_df4.csv,./dashboard_data/snapshots/202605/20260525_213957_df4.csv,schedule
20260525213957119714,2026-05-25 21:39:57,業績報表,20260525_213957_daily_df.csv,./dashboard_data/snapshots/202605/20260525_213957_daily_df.csv,schedule
20260525213957130747,2026-05-25 21:39:57,次月統計報表,20260525_213957_next_month_daily_df.csv,./dashboard_data/snapshots/202605/20260525_213957_next_month_daily_df.csv,schedule
20260525213957140562,2026-05-25 21:39:57,業績報表,20260525_213957_meta.json,./dashboard_data/snapshots/202605/20260525_213957_meta.json,schedule
20260525213957150500,2026-05-25 21:39:57,業績報表,20260525_213957_email_preview.html,./dashboard_data/snapshots/202605/20260525_213957_email_preview.html,schedule
20260526015909577471,2026-05-26 01:59:09,業績報表,df4.csv,./dashboard_data/latest/df4.csv,schedule
20260526015909587779,2026-05-26 01:59:09,業績報表,daily_df.csv,./dashboard_data/latest/daily_df.csv,schedule
20260526015909597591,2026-05-26 01:59:09,次月統計報表,next_month_daily_df.csv,./dashboard_data/latest/next_month_daily_df.csv,schedule
20260526015909606014,2026-05-26 01:59:09,業績報表,email_preview.html,./dashboard_data/latest/email_preview.html,schedule
20260526015909614459,2026-05-26 01:59:09,業績報表,meta.json,./dashboard_data/latest/meta.json,schedule
20260526015909623433,2026-05-26 01:59:09,業績報表,20260526_015909_df4.csv,./dashboard_data/snapshots/202605/20260526_015909_df4.csv,schedule
20260526015909633216,2026-05-26 01:59:09,業績報表,20260526_015909_daily_df.csv,./dashboard_data/snapshots/202605/20260526_015909_daily_df.csv,schedule
20260526015909642779,2026-05-26 01:59:09,次月統計報表,20260526_015909_next_month_daily_df.csv,./dashboard_data/snapshots/202605/20260526_015909_next_month_daily_df.csv,schedule
20260526015909651173,2026-05-26 01:59:09,業績報表,20260526_015909_meta.json,./dashboard_data/snapshots/202605/20260526_015909_meta.json,schedule
20260526015909659535,2026-05-26 01:59:09,業績報表,20260526_015909_email_preview.html,./dashboard_data/snapshots/202605/20260526_015909_email_preview.html,schedule
20260526122216751421,2026-05-26 12:22:16,業績報表,df4.csv,./dashboard_data/latest/df4.csv,schedule
20260526122216762011,2026-05-26 12:22:16,業績報表,daily_df.csv,./dashboard_data/latest/daily_df.csv,schedule
20260526122216772047,2026-05-26 12:22:16,次月統計報表,next_month_daily_df.csv,./dashboard_data/latest/next_month_daily_df.csv,schedule
20260526122216780844,2026-05-26 12:22:16,業績報表,email_preview.html,./dashboard_data/latest/email_preview.html,schedule
20260526122216789743,2026-05-26 12:22:16,業績報表,meta.json,./dashboard_data/latest/meta.json,schedule
20260526122216799045,2026-05-26 12:22:16,業績報表,20260526_122216_df4.csv,./dashboard_data/snapshots/202605/20260526_122216_df4.csv,schedule
20260526122216809154,2026-05-26 12:22:16,業績報表,20260526_122216_daily_df.csv,./dashboard_data/snapshots/202605/20260526_122216_daily_df.csv,schedule
20260526122216819117,2026-05-26 12:22:16,次月統計報表,20260526_122216_next_month_daily_df.csv,./dashboard_data/snapshots/202605/20260526_122216_next_month_daily_df.csv,schedule
20260526122216827789,2026-05-26 12:22:16,業績報表,20260526_122216_meta.json,./dashboard_data/snapshots/202605/20260526_122216_meta.json,schedule
20260526122216836651,2026-05-26 12:22:16,業績報表,20260526_122216_email_preview.html,./dashboard_data/snapshots/202605/20260526_122216_email_preview.html,schedule
20260527023754412157,2026-05-27 02:37:54,業績報表,df4.csv,./dashboard_data/latest/df4.csv,schedule
20260527023754422763,2026-05-27 02:37:54,業績報表,daily_df.csv,./dashboard_data/latest/daily_df.csv,schedule
20260527023754432929,2026-05-27 02:37:54,次月統計報表,next_month_daily_df.csv,./dashboard_data/latest/next_month_daily_df.csv,schedule
20260527023754441626,2026-05-27 02:37:54,業績報表,email_preview.html,./dashboard_data/latest/email_preview.html,schedule
20260527023754450514,2026-05-27 02:37:54,業績報表,meta.json,./dashboard_data/latest/meta.json,schedule
20260527023754459807,2026-05-27 02:37:54,業績報表,20260527_023754_df4.csv,./dashboard_data/snapshots/202605/20260527_023754_df4.csv,schedule
20260527023754470102,2026-05-27 02:37:54,業績報表,20260527_023754_daily_df.csv,./dashboard_data/snapshots/202605/20260527_023754_daily_df.csv,schedule
20260527023754479987,2026-05-27 02:37:54,次月統計報表,20260527_023754_next_month_daily_df.csv,./dashboard_data/snapshots/202605/20260527_023754_next_month_daily_df.csv,schedule
20260527023754488787,2026-05-27 02:37:54,業績報表,20260527_023754_meta.json,./dashboard_data/snapshots/202605/20260527_023754_meta.json,schedule
20260527023754497506,2026-05-27 02:37:54,業績報表,20260527_023754_email_preview.html,./dashboard_data/snapshots/202605/20260527_023754_email_preview.html,schedule
20260527124516975577,2026-05-27 12:45:16,業績報表,df4.csv,./dashboard_data/latest/df4.csv,schedule
20260527124516985956,2026-05-27 12:45:16,業績報表,daily_df.csv,./dashboard_data/latest/daily_df.csv,schedule
20260527124516996035,2026-05-27 12:45:16,次月統計報表,next_month_daily_df.csv,./dashboard_data/latest/next_month_daily_df.csv,schedule
20260527124517004916,2026-05-27 12:45:17,業績報表,email_preview.html,./dashboard_data/latest/email_preview.html,schedule
20260527124517014001,2026-05-27 12:45:17,業績報表,meta.json,./dashboard_data/latest/meta.json,schedule
20260527124517023344,2026-05-27 12:45:17,業績報表,20260527_124516_df4.csv,./dashboard_data/snapshots/202605/20260527_124516_df4.csv,schedule
20260527124517033487,2026-05-27 12:45:17,業績報表,20260527_124516_daily_df.csv,./dashboard_data/snapshots/202605/20260527_124516_daily_df.csv,schedule
20260527124517043418,2026-05-27 12:45:17,次月統計報表,20260527_124516_next_month_daily_df.csv,./dashboard_data/snapshots/202605/20260527_124516_next_month_daily_df.csv,schedule
20260527124517052215,2026-05-27 12:45:17,業績報表,20260527_124516_meta.json,./dashboard_data/snapshots/202605/20260527_124516_meta.json,schedule
20260527124517063934,2026-05-27 12:45:17,業績報表,20260527_124516_email_preview.html,./dashboard_data/snapshots/202605/20260527_124516_email_preview.html,schedule
20260527214414110760,2026-05-27 21:44:14,業績報表,df4.csv,./dashboard_data/latest/df4.csv,schedule
20260527214414121933,2026-05-27 21:44:14,業績報表,daily_df.csv,./dashboard_data/latest/daily_df.csv,schedule
20260527214414132633,2026-05-27 21:44:14,次月統計報表,next_month_daily_df.csv,./dashboard_data/latest/next_month_daily_df.csv,schedule
20260527214414141966,2026-05-27 21:44:14,業績報表,email_preview.html,./dashboard_data/latest/email_preview.html,schedule
20260527214414151267,2026-05-27 21:44:14,業績報表,meta.json,./dashboard_data/latest/meta.json,schedule
20260527214414161087,2026-05-27 21:44:14,業績報表,20260527_214414_df4.csv,./dashboard_data/snapshots/202605/20260527_214414_df4.csv,schedule
20260527214414171740,2026-05-27 21:44:14,業績報表,20260527_214414_daily_df.csv,./dashboard_data/snapshots/202605/20260527_214414_daily_df.csv,schedule
20260527214414182033,2026-05-27 21:44:14,次月統計報表,20260527_214414_next_month_daily_df.csv,./dashboard_data/snapshots/202605/20260527_214414_next_month_daily_df.csv,schedule
20260527214414191120,2026-05-27 21:44:14,業績報表,20260527_214414_meta.json,./dashboard_data/snapshots/202605/20260527_214414_meta.json,schedule
20260527214414200125,2026-05-27 21:44:14,業績報表,20260527_214414_email_preview.html,./dashboard_data/snapshots/202605/20260527_214414_email_preview.html,schedule
20260528023524202914,2026-05-28 02:35:24,業績報表,df4.csv,./dashboard_data/latest/df4.csv,schedule
20260528023524214052,2026-05-28 02:35:24,業績報表,daily_df.csv,./dashboard_data/latest/daily_df.csv,schedule
20260528023524224609,2026-05-28 02:35:24,次月統計報表,next_month_daily_df.csv,./dashboard_data/latest/next_month_daily_df.csv,schedule
20260528023524233901,2026-05-28 02:35:24,業績報表,email_preview.html,./dashboard_data/latest/email_preview.html,schedule
20260528023524243093,2026-05-28 02:35:24,業績報表,meta.json,./dashboard_data/latest/meta.json,schedule
20260528023524252694,2026-05-28 02:35:24,業績報表,20260528_023524_df4.csv,./dashboard_data/snapshots/202605/20260528_023524_df4.csv,schedule
20260528023524263432,2026-05-28 02:35:24,業績報表,20260528_023524_daily_df.csv,./dashboard_data/snapshots/202605/20260528_023524_daily_df.csv,schedule
20260528023524274011,2026-05-28 02:35:24,次月統計報表,20260528_023524_next_month_daily_df.csv,./dashboard_data/snapshots/202605/20260528_023524_next_month_daily_df.csv,schedule
20260528023524283523,2026-05-28 02:35:24,業績報表,20260528_023524_meta.json,./dashboard_data/snapshots/202605/20260528_023524_meta.json,schedule
20260528023524293065,2026-05-28 02:35:24,業績報表,20260528_023524_email_preview.html,./dashboard_data/snapshots/202605/20260528_023524_email_preview.html,schedule
20260528122522753585,2026-05-28 12:25:22,業績報表,df4.csv,./dashboard_data/latest/df4.csv,schedule
20260528122522766406,2026-05-28 12:25:22,業績報表,daily_df.csv,./dashboard_data/latest/daily_df.csv,schedule
20260528122522778657,2026-05-28 12:25:22,次月統計報表,next_month_daily_df.csv,./dashboard_data/latest/next_month_daily_df.csv,schedule
20260528122522788975,2026-05-28 12:25:22,業績報表,email_preview.html,./dashboard_data/latest/email_preview.html,schedule
20260528122522798274,2026-05-28 12:25:22,業績報表,meta.json,./dashboard_data/latest/meta.json,schedule
20260528122522808049,2026-05-28 12:25:22,業績報表,20260528_122522_df4.csv,./dashboard_data/snapshots/202605/20260528_122522_df4.csv,schedule
20260528122522818951,2026-05-28 12:25:22,業績報表,20260528_122522_daily_df.csv,./dashboard_data/snapshots/202605/20260528_122522_daily_df.csv,schedule
20260528122522829291,2026-05-28 12:25:22,次月統計報表,20260528_122522_next_month_daily_df.csv,./dashboard_data/snapshots/202605/20260528_122522_next_month_daily_df.csv,schedule
20260528122522838548,2026-05-28 12:25:22,業績報表,20260528_122522_meta.json,./dashboard_data/snapshots/202605/20260528_122522_meta.json,schedule
20260528122522847801,2026-05-28 12:25:22,業績報表,20260528_122522_email_preview.html,./dashboard_data/snapshots/202605/20260528_122522_email_preview.html,schedule
20260528220433463959,2026-05-28 22:04:33,業績報表,df4.csv,./dashboard_data/latest/df4.csv,schedule
20260528220433474752,2026-05-28 22:04:33,業績報表,daily_df.csv,./dashboard_data/latest/daily_df.csv,schedule
20260528220433485215,2026-05-28 22:04:33,次月統計報表,next_month_daily_df.csv,./dashboard_data/latest/next_month_daily_df.csv,schedule
20260528220433494492,2026-05-28 22:04:33,業績報表,email_preview.html,./dashboard_data/latest/email_preview.html,schedule
20260528220433503943,2026-05-28 22:04:33,業績報表,meta.json,./dashboard_data/latest/meta.json,schedule
20260528220433513827,2026-05-28 22:04:33,業績報表,20260528_220433_df4.csv,./dashboard_data/snapshots/202605/20260528_220433_df4.csv,schedule
20260528220433525135,2026-05-28 22:04:33,業績報表,20260528_220433_daily_df.csv,./dashboard_data/snapshots/202605/20260528_220433_daily_df.csv,schedule
20260528220433536098,2026-05-28 22:04:33,次月統計報表,20260528_220433_next_month_daily_df.csv,./dashboard_data/snapshots/202605/20260528_220433_next_month_daily_df.csv,schedule
20260528220433545910,2026-05-28 22:04:33,業績報表,20260528_220433_meta.json,./dashboard_data/snapshots/202605/20260528_220433_meta.json,schedule
20260528220433555548,2026-05-28 22:04:33,業績報表,20260528_220433_email_preview.html,./dashboard_data/snapshots/202605/20260528_220433_email_preview.html,schedule
20260529024348338531,2026-05-29 02:43:48,業績報表,df4.csv,./dashboard_data/latest/df4.csv,schedule
20260529024348349673,2026-05-29 02:43:48,業績報表,daily_df.csv,./dashboard_data/latest/daily_df.csv,schedule
20260529024348360376,2026-05-29 02:43:48,次月統計報表,next_month_daily_df.csv,./dashboard_data/latest/next_month_daily_df.csv,schedule
20260529024348369563,2026-05-29 02:43:48,業績報表,email_preview.html,./dashboard_data/latest/email_preview.html,schedule
20260529024348378867,2026-05-29 02:43:48,業績報表,meta.json,./dashboard_data/latest/meta.json,schedule
20260529024348388583,2026-05-29 02:43:48,業績報表,20260529_024348_df4.csv,./dashboard_data/snapshots/202605/20260529_024348_df4.csv,schedule
20260529024348399332,2026-05-29 02:43:48,業績報表,20260529_024348_daily_df.csv,./dashboard_data/snapshots/202605/20260529_024348_daily_df.csv,schedule
20260529024348409788,2026-05-29 02:43:48,次月統計報表,20260529_024348_next_month_daily_df.csv,./dashboard_data/snapshots/202605/20260529_024348_next_month_daily_df.csv,schedule
20260529024348419011,2026-05-29 02:43:48,業績報表,20260529_024348_meta.json,./dashboard_data/snapshots/202605/20260529_024348_meta.json,schedule
20260529024348428228,2026-05-29 02:43:48,業績報表,20260529_024348_email_preview.html,./dashboard_data/snapshots/202605/20260529_024348_email_preview.html,schedule
20260529123838674430,2026-05-29 12:38:38,業績報表,df4.csv,./dashboard_data/latest/df4.csv,schedule
20260529123838685506,2026-05-29 12:38:38,業績報表,daily_df.csv,./dashboard_data/latest/daily_df.csv,schedule
20260529123838696086,2026-05-29 12:38:38,次月統計報表,next_month_daily_df.csv,./dashboard_data/latest/next_month_daily_df.csv,schedule
20260529123838705369,2026-05-29 12:38:38,業績報表,email_preview.html,./dashboard_data/latest/email_preview.html,schedule
20260529123838714587,2026-05-29 12:38:38,業績報表,meta.json,./dashboard_data/latest/meta.json,schedule
20260529123838724415,2026-05-29 12:38:38,業績報表,20260529_123838_df4.csv,./dashboard_data/snapshots/202605/20260529_123838_df4.csv,schedule
20260529123838735385,2026-05-29 12:38:38,業績報表,20260529_123838_daily_df.csv,./dashboard_data/snapshots/202605/20260529_123838_daily_df.csv,schedule
20260529123838745961,2026-05-29 12:38:38,次月統計報表,20260529_123838_next_month_daily_df.csv,./dashboard_data/snapshots/202605/20260529_123838_next_month_daily_df.csv,schedule
20260529123838755142,2026-05-29 12:38:38,業績報表,20260529_123838_meta.json,./dashboard_data/snapshots/202605/20260529_123838_meta.json,schedule
20260529123838764451,2026-05-29 12:38:38,業績報表,20260529_123838_email_preview.html,./dashboard_data/snapshots/202605/20260529_123838_email_preview.html,schedule
20260529205421109790,2026-05-29 20:54:21,業績報表,df4.csv,./dashboard_data/latest/df4.csv,schedule
20260529205421120702,2026-05-29 20:54:21,業績報表,daily_df.csv,./dashboard_data/latest/daily_df.csv,schedule
20260529205421131262,2026-05-29 20:54:21,次月統計報表,next_month_daily_df.csv,./dashboard_data/latest/next_month_daily_df.csv,schedule
20260529205421140540,2026-05-29 20:54:21,業績報表,email_preview.html,./dashboard_data/latest/email_preview.html,schedule
20260529205421149805,2026-05-29 20:54:21,業績報表,meta.json,./dashboard_data/latest/meta.json,schedule
20260529205421159528,2026-05-29 20:54:21,業績報表,20260529_205421_df4.csv,./dashboard_data/snapshots/202605/20260529_205421_df4.csv,schedule
20260529205421170327,2026-05-29 20:54:21,業績報表,20260529_205421_daily_df.csv,./dashboard_data/snapshots/202605/20260529_205421_daily_df.csv,schedule
20260529205421180815,2026-05-29 20:54:21,次月統計報表,20260529_205421_next_month_daily_df.csv,./dashboard_data/snapshots/202605/20260529_205421_next_month_daily_df.csv,schedule
20260529205421190063,2026-05-29 20:54:21,業績報表,20260529_205421_meta.json,./dashboard_data/snapshots/202605/20260529_205421_meta.json,schedule
20260529205421199334,2026-05-29 20:54:21,業績報表,20260529_205421_email_preview.html,./dashboard_data/snapshots/202605/20260529_205421_email_preview.html,schedule
20260530024302415378,2026-05-30 02:43:02,業績報表,df4.csv,./dashboard_data/latest/df4.csv,schedule
20260530024302427045,2026-05-30 02:43:02,業績報表,daily_df.csv,./dashboard_data/latest/daily_df.csv,schedule
20260530024302438138,2026-05-30 02:43:02,次月統計報表,next_month_daily_df.csv,./dashboard_data/latest/next_month_daily_df.csv,schedule
20260530024302448011,2026-05-30 02:43:02,業績報表,email_preview.html,./dashboard_data/latest/email_preview.html,schedule
20260530024302457900,2026-05-30 02:43:02,業績報表,meta.json,./dashboard_data/latest/meta.json,schedule
20260530024302468018,2026-05-30 02:43:02,業績報表,20260530_024302_df4.csv,./dashboard_data/snapshots/202605/20260530_024302_df4.csv,schedule
20260530024302479658,2026-05-30 02:43:02,業績報表,20260530_024302_daily_df.csv,./dashboard_data/snapshots/202605/20260530_024302_daily_df.csv,schedule
20260530024302490428,2026-05-30 02:43:02,次月統計報表,20260530_024302_next_month_daily_df.csv,./dashboard_data/snapshots/202605/20260530_024302_next_month_daily_df.csv,schedule
20260530024302500029,2026-05-30 02:43:02,業績報表,20260530_024302_meta.json,./dashboard_data/snapshots/202605/20260530_024302_meta.json,schedule
20260530024302509812,2026-05-30 02:43:02,業績報表,20260530_024302_email_preview.html,./dashboard_data/snapshots/202605/20260530_024302_email_preview.html,schedule
20260530121344903338,2026-05-30 12:13:44,業績報表,df4.csv,./dashboard_data/latest/df4.csv,schedule
20260530121344914472,2026-05-30 12:13:44,業績報表,daily_df.csv,./dashboard_data/latest/daily_df.csv,schedule
20260530121344925210,2026-05-30 12:13:44,次月統計報表,next_month_daily_df.csv,./dashboard_data/latest/next_month_daily_df.csv,schedule
20260530121344934555,2026-05-30 12:13:44,業績報表,email_preview.html,./dashboard_data/latest/email_preview.html,schedule
20260530121344946241,2026-05-30 12:13:44,業績報表,meta.json,./dashboard_data/latest/meta.json,schedule
20260530121344958565,2026-05-30 12:13:44,業績報表,20260530_121344_df4.csv,./dashboard_data/snapshots/202605/20260530_121344_df4.csv,schedule
20260530121344969467,2026-05-30 12:13:44,業績報表,20260530_121344_daily_df.csv,./dashboard_data/snapshots/202605/20260530_121344_daily_df.csv,schedule
20260530121344979980,2026-05-30 12:13:44,次月統計報表,20260530_121344_next_month_daily_df.csv,./dashboard_data/snapshots/202605/20260530_121344_next_month_daily_df.csv,schedule
20260530121344989404,2026-05-30 12:13:44,業績報表,20260530_121344_meta.json,./dashboard_data/snapshots/202605/20260530_121344_meta.json,schedule
20260530121344998712,2026-05-30 12:13:44,業績報表,20260530_121344_email_preview.html,./dashboard_data/snapshots/202605/20260530_121344_email_preview.html,schedule
20260530194204399991,2026-05-30 19:42:04,業績報表,df4.csv,./dashboard_data/latest/df4.csv,schedule
20260530194204411347,2026-05-30 19:42:04,業績報表,daily_df.csv,./dashboard_data/latest/daily_df.csv,schedule
20260530194204422246,2026-05-30 19:42:04,次月統計報表,next_month_daily_df.csv,./dashboard_data/latest/next_month_daily_df.csv,schedule
20260530194204431808,2026-05-30 19:42:04,業績報表,email_preview.html,./dashboard_data/latest/email_preview.html,schedule
20260530194204441354,2026-05-30 19:42:04,業績報表,meta.json,./dashboard_data/latest/meta.json,schedule
20260530194204451332,2026-05-30 19:42:04,業績報表,20260530_194204_df4.csv,./dashboard_data/snapshots/202605/20260530_194204_df4.csv,schedule
20260530194204462482,2026-05-30 19:42:04,業績報表,20260530_194204_daily_df.csv,./dashboard_data/snapshots/202605/20260530_194204_daily_df.csv,schedule
20260530194204473214,2026-05-30 19:42:04,次月統計報表,20260530_194204_next_month_daily_df.csv,./dashboard_data/snapshots/202605/20260530_194204_next_month_daily_df.csv,schedule
20260530194204482604,2026-05-30 19:42:04,業績報表,20260530_194204_meta.json,./dashboard_data/snapshots/202605/20260530_194204_meta.json,schedule
20260530194204492154,2026-05-30 19:42:04,業績報表,20260530_194204_email_preview.html,./dashboard_data/snapshots/202605/20260530_194204_email_preview.html,schedule
20260531013105232436,2026-05-31 01:31:05,月底快照,month_end_summary.csv,./dashboard_data/daily_overview_history/month_end_summary.csv,schedule
20260531013105242502,2026-05-31 01:31:05,月底快照,20260531_month_end_summary.csv,./dashboard_data/snapshots/202605/20260531_month_end_summary.csv,schedule
20260531013105257514,2026-05-31 01:31:05,業績報表,df4.csv,./dashboard_data/latest/df4.csv,schedule
20260531013105268580,2026-05-31 01:31:05,業績報表,daily_df.csv,./dashboard_data/latest/daily_df.csv,schedule
20260531013105279431,2026-05-31 01:31:05,次月統計報表,next_month_daily_df.csv,./dashboard_data/latest/next_month_daily_df.csv,schedule
20260531013105289551,2026-05-31 01:31:05,月底快照,month_end_summary.csv,./dashboard_data/latest/month_end_summary.csv,schedule
20260531013105299113,2026-05-31 01:31:05,業績報表,email_preview.html,./dashboard_data/latest/email_preview.html,schedule
20260531013105308640,2026-05-31 01:31:05,業績報表,meta.json,./dashboard_data/latest/meta.json,schedule
20260531013105318455,2026-05-31 01:31:05,業績報表,20260531_013105_df4.csv,./dashboard_data/snapshots/202605/20260531_013105_df4.csv,schedule
20260531013105329341,2026-05-31 01:31:05,業績報表,20260531_013105_daily_df.csv,./dashboard_data/snapshots/202605/20260531_013105_daily_df.csv,schedule
20260531013105339927,2026-05-31 01:31:05,次月統計報表,20260531_013105_next_month_daily_df.csv,./dashboard_data/snapshots/202605/20260531_013105_next_month_daily_df.csv,schedule
20260531013105349963,2026-05-31 01:31:05,月底快照,20260531_013105_month_end_summary.csv,./dashboard_data/snapshots/202605/20260531_013105_month_end_summary.csv,schedule
20260531013105360402,2026-05-31 01:31:05,業績報表,20260531_013105_meta.json,./dashboard_data/snapshots/202605/20260531_013105_meta.json,schedule
20260531013105370251,2026-05-31 01:31:05,業績報表,20260531_013105_email_preview.html,./dashboard_data/snapshots/202605/20260531_013105_email_preview.html,schedule
20260531124737513510,2026-05-31 12:47:37,月底快照,month_end_summary.csv,./dashboard_data/daily_overview_history/month_end_summary.csv,schedule
20260531124737523610,2026-05-31 12:47:37,月底快照,20260531_month_end_summary.csv,./dashboard_data/snapshots/202605/20260531_month_end_summary.csv,schedule
20260531124737537770,2026-05-31 12:47:37,業績報表,df4.csv,./dashboard_data/latest/df4.csv,schedule
20260531124737547960,2026-05-31 12:47:37,業績報表,daily_df.csv,./dashboard_data/latest/daily_df.csv,schedule
20260531124737557927,2026-05-31 12:47:37,次月統計報表,next_month_daily_df.csv,./dashboard_data/latest/next_month_daily_df.csv,schedule
20260531124737566937,2026-05-31 12:47:37,月底快照,month_end_summary.csv,./dashboard_data/latest/month_end_summary.csv,schedule
20260531124737575393,2026-05-31 12:47:37,業績報表,email_preview.html,./dashboard_data/latest/email_preview.html,schedule
20260531124737583848,2026-05-31 12:47:37,業績報表,meta.json,./dashboard_data/latest/meta.json,schedule
20260531124737592648,2026-05-31 12:47:37,業績報表,20260531_124737_df4.csv,./dashboard_data/snapshots/202605/20260531_124737_df4.csv,schedule
20260531124737602629,2026-05-31 12:47:37,業績報表,20260531_124737_daily_df.csv,./dashboard_data/snapshots/202605/20260531_124737_daily_df.csv,schedule
20260531124737612378,2026-05-31 12:47:37,次月統計報表,20260531_124737_next_month_daily_df.csv,./dashboard_data/snapshots/202605/20260531_124737_next_month_daily_df.csv,schedule
20260531124737621248,2026-05-31 12:47:37,月底快照,20260531_124737_month_end_summary.csv,./dashboard_data/snapshots/202605/20260531_124737_month_end_summary.csv,schedule
20260531124737629596,2026-05-31 12:47:37,業績報表,20260531_124737_meta.json,./dashboard_data/snapshots/202605/20260531_124737_meta.json,schedule
20260531124737637851,2026-05-31 12:47:37,業績報表,20260531_124737_email_preview.html,./dashboard_data/snapshots/202605/20260531_124737_email_preview.html,schedule
20260531194842894537,2026-05-31 19:48:42,月底快照,month_end_summary.csv,./dashboard_data/daily_overview_history/month_end_summary.csv,schedule
20260531194842904642,2026-05-31 19:48:42,月底快照,20260531_month_end_summary.csv,./dashboard_data/snapshots/202605/20260531_month_end_summary.csv,schedule
20260531194842919475,2026-05-31 19:48:42,業績報表,df4.csv,./dashboard_data/latest/df4.csv,schedule
20260531194842930714,2026-05-31 19:48:42,業績報表,daily_df.csv,./dashboard_data/latest/daily_df.csv,schedule
20260531194842941460,2026-05-31 19:48:42,次月統計報表,next_month_daily_df.csv,./dashboard_data/latest/next_month_daily_df.csv,schedule
20260531194842951486,2026-05-31 19:48:42,月底快照,month_end_summary.csv,./dashboard_data/latest/month_end_summary.csv,schedule
20260531194842960900,2026-05-31 19:48:42,業績報表,email_preview.html,./dashboard_data/latest/email_preview.html,schedule
20260531194842970423,2026-05-31 19:48:42,業績報表,meta.json,./dashboard_data/latest/meta.json,schedule
20260531194842980329,2026-05-31 19:48:42,業績報表,20260531_194842_df4.csv,./dashboard_data/snapshots/202605/20260531_194842_df4.csv,schedule
20260531194842991292,2026-05-31 19:48:42,業績報表,20260531_194842_daily_df.csv,./dashboard_data/snapshots/202605/20260531_194842_daily_df.csv,schedule
20260531194843001948,2026-05-31 19:48:43,次月統計報表,20260531_194842_next_month_daily_df.csv,./dashboard_data/snapshots/202605/20260531_194842_next_month_daily_df.csv,schedule
20260531194843011862,2026-05-31 19:48:43,月底快照,20260531_194842_month_end_summary.csv,./dashboard_data/snapshots/202605/20260531_194842_month_end_summary.csv,schedule
20260531194843021296,2026-05-31 19:48:43,業績報表,20260531_194842_meta.json,./dashboard_data/snapshots/202605/20260531_194842_meta.json,schedule
20260531194843030719,2026-05-31 19:48:43,業績報表,20260531_194842_email_preview.html,./dashboard_data/snapshots/202605/20260531_194842_email_preview.html,schedule
20260601013123694973,2026-06-01 01:31:23,業績報表,df4.csv,./dashboard_data/latest/df4.csv,schedule
20260601013123706596,2026-06-01 01:31:23,業績報表,daily_df.csv,./dashboard_data/latest/daily_df.csv,schedule
20260601013123717184,2026-06-01 01:31:23,次月統計報表,next_month_daily_df.csv,./dashboard_data/latest/next_month_daily_df.csv,schedule
20260601013123726480,2026-06-01 01:31:23,業績報表,email_preview.html,./dashboard_data/latest/email_preview.html,schedule
20260601013123735745,2026-06-01 01:31:23,業績報表,meta.json,./dashboard_data/latest/meta.json,schedule
20260601013123745305,2026-06-01 01:31:23,業績報表,20260601_013123_df4.csv,./dashboard_data/snapshots/202606/20260601_013123_df4.csv,schedule
20260601013123756018,2026-06-01 01:31:23,業績報表,20260601_013123_daily_df.csv,./dashboard_data/snapshots/202606/20260601_013123_daily_df.csv,schedule
20260601013123766327,2026-06-01 01:31:23,次月統計報表,20260601_013123_next_month_daily_df.csv,./dashboard_data/snapshots/202606/20260601_013123_next_month_daily_df.csv,schedule
20260601013123775429,2026-06-01 01:31:23,業績報表,20260601_013123_meta.json,./dashboard_data/snapshots/202606/20260601_013123_meta.json,schedule
20260601013123784799,2026-06-01 01:31:23,業績報表,20260601_013123_email_preview.html,./dashboard_data/snapshots/202606/20260601_013123_email_preview.html,schedule
20260601130932298463,2026-06-01 13:09:32,業績報表,df4.csv,./dashboard_data/latest/df4.csv,schedule
20260601130932310022,2026-06-01 13:09:32,業績報表,daily_df.csv,./dashboard_data/latest/daily_df.csv,schedule
20260601130932321165,2026-06-01 13:09:32,次月統計報表,next_month_daily_df.csv,./dashboard_data/latest/next_month_daily_df.csv,schedule
20260601130932330821,2026-06-01 13:09:32,業績報表,email_preview.html,./dashboard_data/latest/email_preview.html,schedule
20260601130932340569,2026-06-01 13:09:32,業績報表,meta.json,./dashboard_data/latest/meta.json,schedule
20260601130932350688,2026-06-01 13:09:32,業績報表,20260601_130932_df4.csv,./dashboard_data/snapshots/202606/20260601_130932_df4.csv,schedule
20260601130932361986,2026-06-01 13:09:32,業績報表,20260601_130932_daily_df.csv,./dashboard_data/snapshots/202606/20260601_130932_daily_df.csv,schedule
20260601130932372956,2026-06-01 13:09:32,次月統計報表,20260601_130932_next_month_daily_df.csv,./dashboard_data/snapshots/202606/20260601_130932_next_month_daily_df.csv,schedule
20260601130932382658,2026-06-01 13:09:32,業績報表,20260601_130932_meta.json,./dashboard_data/snapshots/202606/20260601_130932_meta.json,schedule
20260601130932392305,2026-06-01 13:09:32,業績報表,20260601_130932_email_preview.html,./dashboard_data/snapshots/202606/20260601_130932_email_preview.html,schedule
20260602001706613999,2026-06-02 00:17:06,業績報表,df4.csv,./dashboard_data/latest/df4.csv,schedule
20260602001706626284,2026-06-02 00:17:06,業績報表,daily_df.csv,./dashboard_data/latest/daily_df.csv,schedule
20260602001706637727,2026-06-02 00:17:06,次月統計報表,next_month_daily_df.csv,./dashboard_data/latest/next_month_daily_df.csv,schedule
20260602001706647789,2026-06-02 00:17:06,業績報表,email_preview.html,./dashboard_data/latest/email_preview.html,schedule
20260602001706657926,2026-06-02 00:17:06,業績報表,meta.json,./dashboard_data/latest/meta.json,schedule
20260602001706668275,2026-06-02 00:17:06,業績報表,20260602_001706_df4.csv,./dashboard_data/snapshots/202606/20260602_001706_df4.csv,schedule
20260602001706679878,2026-06-02 00:17:06,業績報表,20260602_001706_daily_df.csv,./dashboard_data/snapshots/202606/20260602_001706_daily_df.csv,schedule
20260602001706691157,2026-06-02 00:17:06,次月統計報表,20260602_001706_next_month_daily_df.csv,./dashboard_data/snapshots/202606/20260602_001706_next_month_daily_df.csv,schedule
20260602001706700899,2026-06-02 00:17:06,業績報表,20260602_001706_meta.json,./dashboard_data/snapshots/202606/20260602_001706_meta.json,schedule
20260602001706710693,2026-06-02 00:17:06,業績報表,20260602_001706_email_preview.html,./dashboard_data/snapshots/202606/20260602_001706_email_preview.html,schedule
20260602043604604728,2026-06-02 04:36:04,業績報表,df4.csv,./dashboard_data/latest/df4.csv,schedule
20260602043604617376,2026-06-02 04:36:04,業績報表,daily_df.csv,./dashboard_data/latest/daily_df.csv,schedule
20260602043604629258,2026-06-02 04:36:04,次月統計報表,next_month_daily_df.csv,./dashboard_data/latest/next_month_daily_df.csv,schedule
20260602043604639763,2026-06-02 04:36:04,業績報表,email_preview.html,./dashboard_data/latest/email_preview.html,schedule
20260602043604650068,2026-06-02 04:36:04,業績報表,meta.json,./dashboard_data/latest/meta.json,schedule
20260602043604660926,2026-06-02 04:36:04,業績報表,20260602_043604_df4.csv,./dashboard_data/snapshots/202606/20260602_043604_df4.csv,schedule
20260602043604673151,2026-06-02 04:36:04,業績報表,20260602_043604_daily_df.csv,./dashboard_data/snapshots/202606/20260602_043604_daily_df.csv,schedule
20260602043604684832,2026-06-02 04:36:04,次月統計報表,20260602_043604_next_month_daily_df.csv,./dashboard_data/snapshots/202606/20260602_043604_next_month_daily_df.csv,schedule
20260602043604695198,2026-06-02 04:36:04,業績報表,20260602_043604_meta.json,./dashboard_data/snapshots/202606/20260602_043604_meta.json,schedule
20260602043604705557,2026-06-02 04:36:04,業績報表,20260602_043604_email_preview.html,./dashboard_data/snapshots/202606/20260602_043604_email_preview.html,schedule
20260602125727407345,2026-06-02 12:57:27,業績報表,df4.csv,./dashboard_data/latest/df4.csv,schedule
20260602125727419124,2026-06-02 12:57:27,業績報表,daily_df.csv,./dashboard_data/latest/daily_df.csv,schedule
20260602125727430154,2026-06-02 12:57:27,次月統計報表,next_month_daily_df.csv,./dashboard_data/latest/next_month_daily_df.csv,schedule
20260602125727439681,2026-06-02 12:57:27,業績報表,email_preview.html,./dashboard_data/latest/email_preview.html,schedule
20260602125727449131,2026-06-02 12:57:27,業績報表,meta.json,./dashboard_data/latest/meta.json,schedule
20260602125727459026,2026-06-02 12:57:27,業績報表,20260602_125727_df4.csv,./dashboard_data/snapshots/202606/20260602_125727_df4.csv,schedule
20260602125727470215,2026-06-02 12:57:27,業績報表,20260602_125727_daily_df.csv,./dashboard_data/snapshots/202606/20260602_125727_daily_df.csv,schedule
20260602125727480938,2026-06-02 12:57:27,次月統計報表,20260602_125727_next_month_daily_df.csv,./dashboard_data/snapshots/202606/20260602_125727_next_month_daily_df.csv,schedule
20260602125727490265,2026-06-02 12:57:27,業績報表,20260602_125727_meta.json,./dashboard_data/snapshots/202606/20260602_125727_meta.json,schedule
20260602125727499648,2026-06-02 12:57:27,業績報表,20260602_125727_email_preview.html,./dashboard_data/snapshots/202606/20260602_125727_email_preview.html,schedule
20260602222119267986,2026-06-02 22:21:19,業績報表,df4.csv,./dashboard_data/latest/df4.csv,schedule
20260602222119280794,2026-06-02 22:21:19,業績報表,daily_df.csv,./dashboard_data/latest/daily_df.csv,schedule
20260602222119292689,2026-06-02 22:21:19,次月統計報表,next_month_daily_df.csv,./dashboard_data/latest/next_month_daily_df.csv,schedule
20260602222119302828,2026-06-02 22:21:19,業績報表,email_preview.html,./dashboard_data/latest/email_preview.html,schedule
20260602222119313040,2026-06-02 22:21:19,業績報表,meta.json,./dashboard_data/latest/meta.json,schedule
20260602222119323800,2026-06-02 22:21:19,業績報表,20260602_222119_df4.csv,./dashboard_data/snapshots/202606/20260602_222119_df4.csv,schedule
20260602222119336001,2026-06-02 22:21:19,業績報表,20260602_222119_daily_df.csv,./dashboard_data/snapshots/202606/20260602_222119_daily_df.csv,schedule
20260602222119347754,2026-06-02 22:21:19,次月統計報表,20260602_222119_next_month_daily_df.csv,./dashboard_data/snapshots/202606/20260602_222119_next_month_daily_df.csv,schedule
20260602222119357885,2026-06-02 22:21:19,業績報表,20260602_222119_meta.json,./dashboard_data/snapshots/202606/20260602_222119_meta.json,schedule
20260602222119368260,2026-06-02 22:21:19,業績報表,20260602_222119_email_preview.html,./dashboard_data/snapshots/202606/20260602_222119_email_preview.html,schedule
20260603035335693216,2026-06-03 03:53:35,業績報表,df4.csv,./dashboard_data/latest/df4.csv,schedule
20260603035335705516,2026-06-03 03:53:35,業績報表,daily_df.csv,./dashboard_data/latest/daily_df.csv,schedule
20260603035335717042,2026-06-03 03:53:35,次月統計報表,next_month_daily_df.csv,./dashboard_data/latest/next_month_daily_df.csv,schedule
20260603035335727098,2026-06-03 03:53:35,業績報表,email_preview.html,./dashboard_data/latest/email_preview.html,schedule
20260603035335737225,2026-06-03 03:53:35,業績報表,meta.json,./dashboard_data/latest/meta.json,schedule
20260603035335747930,2026-06-03 03:53:35,業績報表,20260603_035335_df4.csv,./dashboard_data/snapshots/202606/20260603_035335_df4.csv,schedule
20260603035335759688,2026-06-03 03:53:35,業績報表,20260603_035335_daily_df.csv,./dashboard_data/snapshots/202606/20260603_035335_daily_df.csv,schedule
20260603035335771024,2026-06-03 03:53:35,次月統計報表,20260603_035335_next_month_daily_df.csv,./dashboard_data/snapshots/202606/20260603_035335_next_month_daily_df.csv,schedule
20260603035335781103,2026-06-03 03:53:35,業績報表,20260603_035335_meta.json,./dashboard_data/snapshots/202606/20260603_035335_meta.json,schedule
20260603035335791218,2026-06-03 03:53:35,業績報表,20260603_035335_email_preview.html,./dashboard_data/snapshots/202606/20260603_035335_email_preview.html,schedule
20260603130732114510,2026-06-03 13:07:32,業績報表,df4.csv,./dashboard_data/latest/df4.csv,schedule
20260603130732126759,2026-06-03 13:07:32,業績報表,daily_df.csv,./dashboard_data/latest/daily_df.csv,schedule
20260603130732138422,2026-06-03 13:07:32,次月統計報表,next_month_daily_df.csv,./dashboard_data/latest/next_month_daily_df.csv,schedule
20260603130732148606,2026-06-03 13:07:32,業績報表,email_preview.html,./dashboard_data/latest/email_preview.html,schedule
20260603130732158762,2026-06-03 13:07:32,業績報表,meta.json,./dashboard_data/latest/meta.json,schedule
20260603130732169479,2026-06-03 13:07:32,業績報表,20260603_130732_df4.csv,./dashboard_data/snapshots/202606/20260603_130732_df4.csv,schedule
20260603130732181429,2026-06-03 13:07:32,業績報表,20260603_130732_daily_df.csv,./dashboard_data/snapshots/202606/20260603_130732_daily_df.csv,schedule
20260603130732192799,2026-06-03 13:07:32,次月統計報表,20260603_130732_next_month_daily_df.csv,./dashboard_data/snapshots/202606/20260603_130732_next_month_daily_df.csv,schedule
20260603130732202787,2026-06-03 13:07:32,業績報表,20260603_130732_meta.json,./dashboard_data/snapshots/202606/20260603_130732_meta.json,schedule
20260603130732212902,2026-06-03 13:07:32,業績報表,20260603_130732_email_preview.html,./dashboard_data/snapshots/202606/20260603_130732_email_preview.html,schedule
20260603225947165482,2026-06-03 22:59:47,業績報表,df4.csv,./dashboard_data/latest/df4.csv,schedule
20260603225947177664,2026-06-03 22:59:47,業績報表,daily_df.csv,./dashboard_data/latest/daily_df.csv,schedule
20260603225947189035,2026-06-03 22:59:47,次月統計報表,next_month_daily_df.csv,./dashboard_data/latest/next_month_daily_df.csv,schedule
20260603225947199079,2026-06-03 22:59:47,業績報表,email_preview.html,./dashboard_data/latest/email_preview.html,schedule
20260603225947209316,2026-06-03 22:59:47,業績報表,meta.json,./dashboard_data/latest/meta.json,schedule
20260603225947219852,2026-06-03 22:59:47,業績報表,20260603_225947_df4.csv,./dashboard_data/snapshots/202606/20260603_225947_df4.csv,schedule
20260603225947231476,2026-06-03 22:59:47,業績報表,20260603_225947_daily_df.csv,./dashboard_data/snapshots/202606/20260603_225947_daily_df.csv,schedule
20260603225947242898,2026-06-03 22:59:47,次月統計報表,20260603_225947_next_month_daily_df.csv,./dashboard_data/snapshots/202606/20260603_225947_next_month_daily_df.csv,schedule
20260603225947252884,2026-06-03 22:59:47,業績報表,20260603_225947_meta.json,./dashboard_data/snapshots/202606/20260603_225947_meta.json,schedule
20260603225947262957,2026-06-03 22:59:47,業績報表,20260603_225947_email_preview.html,./dashboard_data/snapshots/202606/20260603_225947_email_preview.html,schedule
20260604035820539118,2026-06-04 03:58:20,業績報表,df4.csv,./dashboard_data/latest/df4.csv,schedule
20260604035820551840,2026-06-04 03:58:20,業績報表,daily_df.csv,./dashboard_data/latest/daily_df.csv,schedule
20260604035820563741,2026-06-04 03:58:20,次月統計報表,next_month_daily_df.csv,./dashboard_data/latest/next_month_daily_df.csv,schedule
20260604035820574039,2026-06-04 03:58:20,業績報表,email_preview.html,./dashboard_data/latest/email_preview.html,schedule
20260604035820584435,2026-06-04 03:58:20,業績報表,meta.json,./dashboard_data/latest/meta.json,schedule
20260604035820596896,2026-06-04 03:58:20,業績報表,20260604_035820_df4.csv,./dashboard_data/snapshots/202606/20260604_035820_df4.csv,schedule
20260604035820609137,2026-06-04 03:58:20,業績報表,20260604_035820_daily_df.csv,./dashboard_data/snapshots/202606/20260604_035820_daily_df.csv,schedule
20260604035820620725,2026-06-04 03:58:20,次月統計報表,20260604_035820_next_month_daily_df.csv,./dashboard_data/snapshots/202606/20260604_035820_next_month_daily_df.csv,schedule
20260604035820631079,2026-06-04 03:58:20,業績報表,20260604_035820_meta.json,./dashboard_data/snapshots/202606/20260604_035820_meta.json,schedule
20260604035820641794,2026-06-04 03:58:20,業績報表,20260604_035820_email_preview.html,./dashboard_data/snapshots/202606/20260604_035820_email_preview.html,schedule
20260604130114138567,2026-06-04 13:01:14,業績報表,df4.csv,./dashboard_data/latest/df4.csv,schedule
20260604130114150701,2026-06-04 13:01:14,業績報表,daily_df.csv,./dashboard_data/latest/daily_df.csv,schedule
20260604130114162272,2026-06-04 13:01:14,次月統計報表,next_month_daily_df.csv,./dashboard_data/latest/next_month_daily_df.csv,schedule
20260604130114172369,2026-06-04 13:01:14,業績報表,email_preview.html,./dashboard_data/latest/email_preview.html,schedule
20260604130114182541,2026-06-04 13:01:14,業績報表,meta.json,./dashboard_data/latest/meta.json,schedule
20260604130114193126,2026-06-04 13:01:14,業績報表,20260604_130114_df4.csv,./dashboard_data/snapshots/202606/20260604_130114_df4.csv,schedule
20260604130114204915,2026-06-04 13:01:14,業績報表,20260604_130114_daily_df.csv,./dashboard_data/snapshots/202606/20260604_130114_daily_df.csv,schedule
20260604130114216420,2026-06-04 13:01:14,次月統計報表,20260604_130114_next_month_daily_df.csv,./dashboard_data/snapshots/202606/20260604_130114_next_month_daily_df.csv,schedule
20260604130114226653,2026-06-04 13:01:14,業績報表,20260604_130114_meta.json,./dashboard_data/snapshots/202606/20260604_130114_meta.json,schedule
20260604130114236753,2026-06-04 13:01:14,業績報表,20260604_130114_email_preview.html,./dashboard_data/snapshots/202606/20260604_130114_email_preview.html,schedule
20260604205312496667,2026-06-04 20:53:12,業績報表,df4.csv,./dashboard_data/latest/df4.csv,schedule
20260604205312508876,2026-06-04 20:53:12,業績報表,daily_df.csv,./dashboard_data/latest/daily_df.csv,schedule
20260604205312520690,2026-06-04 20:53:12,次月統計報表,next_month_daily_df.csv,./dashboard_data/latest/next_month_daily_df.csv,schedule
20260604205312530929,2026-06-04 20:53:12,業績報表,email_preview.html,./dashboard_data/latest/email_preview.html,schedule
20260604205312541397,2026-06-04 20:53:12,業績報表,meta.json,./dashboard_data/latest/meta.json,schedule
20260604205312552052,2026-06-04 20:53:12,業績報表,20260604_205312_df4.csv,./dashboard_data/snapshots/202606/20260604_205312_df4.csv,schedule
20260604205312563852,2026-06-04 20:53:12,業績報表,20260604_205312_daily_df.csv,./dashboard_data/snapshots/202606/20260604_205312_daily_df.csv,schedule
20260604205312575333,2026-06-04 20:53:12,次月統計報表,20260604_205312_next_month_daily_df.csv,./dashboard_data/snapshots/202606/20260604_205312_next_month_daily_df.csv,schedule
20260604205312585406,2026-06-04 20:53:12,業績報表,20260604_205312_meta.json,./dashboard_data/snapshots/202606/20260604_205312_meta.json,schedule
20260604205312595561,2026-06-04 20:53:12,業績報表,20260604_205312_email_preview.html,./dashboard_data/snapshots/202606/20260604_205312_email_preview.html,schedule
20260605022951322399,2026-06-05 02:29:51,業績報表,df4.csv,./dashboard_data/latest/df4.csv,schedule
20260605022951334653,2026-06-05 02:29:51,業績報表,daily_df.csv,./dashboard_data/latest/daily_df.csv,schedule
20260605022951345996,2026-06-05 02:29:51,次月統計報表,next_month_daily_df.csv,./dashboard_data/latest/next_month_daily_df.csv,schedule
20260605022951355870,2026-06-05 02:29:51,業績報表,email_preview.html,./dashboard_data/latest/email_preview.html,schedule
20260605022951365527,2026-06-05 02:29:51,業績報表,meta.json,./dashboard_data/latest/meta.json,schedule
20260605022951375840,2026-06-05 02:29:51,業績報表,20260605_022951_df4.csv,./dashboard_data/snapshots/202606/20260605_022951_df4.csv,schedule
20260605022951387202,2026-06-05 02:29:51,業績報表,20260605_022951_daily_df.csv,./dashboard_data/snapshots/202606/20260605_022951_daily_df.csv,schedule
20260605022951397884,2026-06-05 02:29:51,次月統計報表,20260605_022951_next_month_daily_df.csv,./dashboard_data/snapshots/202606/20260605_022951_next_month_daily_df.csv,schedule
20260605022951407392,2026-06-05 02:29:51,業績報表,20260605_022951_meta.json,./dashboard_data/snapshots/202606/20260605_022951_meta.json,schedule
20260605022951416951,2026-06-05 02:29:51,業績報表,20260605_022951_email_preview.html,./dashboard_data/snapshots/202606/20260605_022951_email_preview.html,schedule
20260605124325903155,2026-06-05 12:43:25,業績報表,df4.csv,./dashboard_data/latest/df4.csv,schedule
20260605124325915852,2026-06-05 12:43:25,業績報表,daily_df.csv,./dashboard_data/latest/daily_df.csv,schedule
20260605124325927891,2026-06-05 12:43:25,次月統計報表,next_month_daily_df.csv,./dashboard_data/latest/next_month_daily_df.csv,schedule
20260605124325938518,2026-06-05 12:43:25,業績報表,email_preview.html,./dashboard_data/latest/email_preview.html,schedule
20260605124325948933,2026-06-05 12:43:25,業績報表,meta.json,./dashboard_data/latest/meta.json,schedule
20260605124325959927,2026-06-05 12:43:25,業績報表,20260605_124325_df4.csv,./dashboard_data/snapshots/202606/20260605_124325_df4.csv,schedule
20260605124325972151,2026-06-05 12:43:25,業績報表,20260605_124325_daily_df.csv,./dashboard_data/snapshots/202606/20260605_124325_daily_df.csv,schedule
20260605124325983921,2026-06-05 12:43:25,次月統計報表,20260605_124325_next_month_daily_df.csv,./dashboard_data/snapshots/202606/20260605_124325_next_month_daily_df.csv,schedule
20260605124325994373,2026-06-05 12:43:25,業績報表,20260605_124325_meta.json,./dashboard_data/snapshots/202606/20260605_124325_meta.json,schedule
20260605124326005959,2026-06-05 12:43:26,業績報表,20260605_124325_email_preview.html,./dashboard_data/snapshots/202606/20260605_124325_email_preview.html,schedule
20260605204851623730,2026-06-05 20:48:51,業績報表,df4.csv,./dashboard_data/latest/df4.csv,schedule
20260605204851636090,2026-06-05 20:48:51,業績報表,daily_df.csv,./dashboard_data/latest/daily_df.csv,schedule
20260605204851647944,2026-06-05 20:48:51,次月統計報表,next_month_daily_df.csv,./dashboard_data/latest/next_month_daily_df.csv,schedule
20260605204851658348,2026-06-05 20:48:51,業績報表,email_preview.html,./dashboard_data/latest/email_preview.html,schedule
20260605204851668922,2026-06-05 20:48:51,業績報表,meta.json,./dashboard_data/latest/meta.json,schedule
20260605204851679933,2026-06-05 20:48:51,業績報表,20260605_204851_df4.csv,./dashboard_data/snapshots/202606/20260605_204851_df4.csv,schedule
20260605204851692157,2026-06-05 20:48:51,業績報表,20260605_204851_daily_df.csv,./dashboard_data/snapshots/202606/20260605_204851_daily_df.csv,schedule
20260605204851703761,2026-06-05 20:48:51,次月統計報表,20260605_204851_next_month_daily_df.csv,./dashboard_data/snapshots/202606/20260605_204851_next_month_daily_df.csv,schedule
20260605204851714236,2026-06-05 20:48:51,業績報表,20260605_204851_meta.json,./dashboard_data/snapshots/202606/20260605_204851_meta.json,schedule
20260605204851724766,2026-06-05 20:48:51,業績報表,20260605_204851_email_preview.html,./dashboard_data/snapshots/202606/20260605_204851_email_preview.html,schedule
20260606021218552527,2026-06-06 02:12:18,業績報表,df4.csv,./dashboard_data/latest/df4.csv,schedule
20260606021218565279,2026-06-06 02:12:18,業績報表,daily_df.csv,./dashboard_data/latest/daily_df.csv,schedule
20260606021218577212,2026-06-06 02:12:18,次月統計報表,next_month_daily_df.csv,./dashboard_data/latest/next_month_daily_df.csv,schedule
20260606021218587024,2026-06-06 02:12:18,業績報表,email_preview.html,./dashboard_data/latest/email_preview.html,schedule
20260606021218597385,2026-06-06 02:12:18,業績報表,meta.json,./dashboard_data/latest/meta.json,schedule
20260606021218608245,2026-06-06 02:12:18,業績報表,20260606_021218_df4.csv,./dashboard_data/snapshots/202606/20260606_021218_df4.csv,schedule
20260606021218620457,2026-06-06 02:12:18,業績報表,20260606_021218_daily_df.csv,./dashboard_data/snapshots/202606/20260606_021218_daily_df.csv,schedule
20260606021218632302,2026-06-06 02:12:18,次月統計報表,20260606_021218_next_month_daily_df.csv,./dashboard_data/snapshots/202606/20260606_021218_next_month_daily_df.csv,schedule
20260606021218642698,2026-06-06 02:12:18,業績報表,20260606_021218_meta.json,./dashboard_data/snapshots/202606/20260606_021218_meta.json,schedule
20260606021218653150,2026-06-06 02:12:18,業績報表,20260606_021218_email_preview.html,./dashboard_data/snapshots/202606/20260606_021218_email_preview.html,schedule
20260606121626187999,2026-06-06 12:16:26,業績報表,df4.csv,./dashboard_data/latest/df4.csv,schedule
20260606121626201160,2026-06-06 12:16:26,業績報表,daily_df.csv,./dashboard_data/latest/daily_df.csv,schedule
20260606121626214098,2026-06-06 12:16:26,次月統計報表,next_month_daily_df.csv,./dashboard_data/latest/next_month_daily_df.csv,schedule
20260606121626225347,2026-06-06 12:16:26,業績報表,email_preview.html,./dashboard_data/latest/email_preview.html,schedule
20260606121626236735,2026-06-06 12:16:26,業績報表,meta.json,./dashboard_data/latest/meta.json,schedule
20260606121626248546,2026-06-06 12:16:26,業績報表,20260606_121626_df4.csv,./dashboard_data/snapshots/202606/20260606_121626_df4.csv,schedule
20260606121626261822,2026-06-06 12:16:26,業績報表,20260606_121626_daily_df.csv,./dashboard_data/snapshots/202606/20260606_121626_daily_df.csv,schedule
20260606121626274670,2026-06-06 12:16:26,次月統計報表,20260606_121626_next_month_daily_df.csv,./dashboard_data/snapshots/202606/20260606_121626_next_month_daily_df.csv,schedule
20260606121626286071,2026-06-06 12:16:26,業績報表,20260606_121626_meta.json,./dashboard_data/snapshots/202606/20260606_121626_meta.json,schedule
20260606121626297597,2026-06-06 12:16:26,業績報表,20260606_121626_email_preview.html,./dashboard_data/snapshots/202606/20260606_121626_email_preview.html,schedule
20260606194329162506,2026-06-06 19:43:29,業績報表,df4.csv,./dashboard_data/latest/df4.csv,schedule
20260606194329175642,2026-06-06 19:43:29,業績報表,daily_df.csv,./dashboard_data/latest/daily_df.csv,schedule
20260606194329188260,2026-06-06 19:43:29,次月統計報表,next_month_daily_df.csv,./dashboard_data/latest/next_month_daily_df.csv,schedule
20260606194329199445,2026-06-06 19:43:29,業績報表,email_preview.html,./dashboard_data/latest/email_preview.html,schedule
20260606194329210457,2026-06-06 19:43:29,業績報表,meta.json,./dashboard_data/latest/meta.json,schedule
20260606194329221906,2026-06-06 19:43:29,業績報表,20260606_194329_df4.csv,./dashboard_data/snapshots/202606/20260606_194329_df4.csv,schedule
20260606194329234454,2026-06-06 19:43:29,業績報表,20260606_194329_daily_df.csv,./dashboard_data/snapshots/202606/20260606_194329_daily_df.csv,schedule
20260606194329246658,2026-06-06 19:43:29,次月統計報表,20260606_194329_next_month_daily_df.csv,./dashboard_data/snapshots/202606/20260606_194329_next_month_daily_df.csv,schedule
20260606194329257430,2026-06-06 19:43:29,業績報表,20260606_194329_meta.json,./dashboard_data/snapshots/202606/20260606_194329_meta.json,schedule
20260606194329268313,2026-06-06 19:43:29,業績報表,20260606_194329_email_preview.html,./dashboard_data/snapshots/202606/20260606_194329_email_preview.html,schedule
20260607013539698418,2026-06-07 01:35:39,業績報表,df4.csv,./dashboard_data/latest/df4.csv,schedule
20260607013539711320,2026-06-07 01:35:39,業績報表,daily_df.csv,./dashboard_data/latest/daily_df.csv,schedule
20260607013539723455,2026-06-07 01:35:39,次月統計報表,next_month_daily_df.csv,./dashboard_data/latest/next_month_daily_df.csv,schedule
20260607013539734057,2026-06-07 01:35:39,業績報表,email_preview.html,./dashboard_data/latest/email_preview.html,schedule
20260607013539744819,2026-06-07 01:35:39,業績報表,meta.json,./dashboard_data/latest/meta.json,schedule
20260607013539755804,2026-06-07 01:35:39,業績報表,20260607_013539_df4.csv,./dashboard_data/snapshots/202606/20260607_013539_df4.csv,schedule
20260607013539768080,2026-06-07 01:35:39,業績報表,20260607_013539_daily_df.csv,./dashboard_data/snapshots/202606/20260607_013539_daily_df.csv,schedule
20260607013539780077,2026-06-07 01:35:39,次月統計報表,20260607_013539_next_month_daily_df.csv,./dashboard_data/snapshots/202606/20260607_013539_next_month_daily_df.csv,schedule
20260607013539791256,2026-06-07 01:35:39,業績報表,20260607_013539_meta.json,./dashboard_data/snapshots/202606/20260607_013539_meta.json,schedule
20260607013539802118,2026-06-07 01:35:39,業績報表,20260607_013539_email_preview.html,./dashboard_data/snapshots/202606/20260607_013539_email_preview.html,schedule
20260607125241267911,2026-06-07 12:52:41,業績報表,df4.csv,./dashboard_data/latest/df4.csv,schedule
20260607125241280888,2026-06-07 12:52:41,業績報表,daily_df.csv,./dashboard_data/latest/daily_df.csv,schedule
20260607125241293217,2026-06-07 12:52:41,次月統計報表,next_month_daily_df.csv,./dashboard_data/latest/next_month_daily_df.csv,schedule
20260607125241303852,2026-06-07 12:52:41,業績報表,email_preview.html,./dashboard_data/latest/email_preview.html,schedule
20260607125241314513,2026-06-07 12:52:41,業績報表,meta.json,./dashboard_data/latest/meta.json,schedule
20260607125241325536,2026-06-07 12:52:41,業績報表,20260607_125241_df4.csv,./dashboard_data/snapshots/202606/20260607_125241_df4.csv,schedule
20260607125241338053,2026-06-07 12:52:41,業績報表,20260607_125241_daily_df.csv,./dashboard_data/snapshots/202606/20260607_125241_daily_df.csv,schedule
20260607125241349949,2026-06-07 12:52:41,次月統計報表,20260607_125241_next_month_daily_df.csv,./dashboard_data/snapshots/202606/20260607_125241_next_month_daily_df.csv,schedule
20260607125241360475,2026-06-07 12:52:41,業績報表,20260607_125241_meta.json,./dashboard_data/snapshots/202606/20260607_125241_meta.json,schedule
20260607125241371210,2026-06-07 12:52:41,業績報表,20260607_125241_email_preview.html,./dashboard_data/snapshots/202606/20260607_125241_email_preview.html,schedule
20260607200055951833,2026-06-07 20:00:55,業績報表,df4.csv,./dashboard_data/latest/df4.csv,schedule
20260607200055963815,2026-06-07 20:00:55,業績報表,daily_df.csv,./dashboard_data/latest/daily_df.csv,schedule
20260607200055974846,2026-06-07 20:00:55,次月統計報表,next_month_daily_df.csv,./dashboard_data/latest/next_month_daily_df.csv,schedule
20260607200055984392,2026-06-07 20:00:55,業績報表,email_preview.html,./dashboard_data/latest/email_preview.html,schedule
20260607200055993908,2026-06-07 20:00:55,業績報表,meta.json,./dashboard_data/latest/meta.json,schedule
20260607200056004015,2026-06-07 20:00:56,業績報表,20260607_200055_df4.csv,./dashboard_data/snapshots/202606/20260607_200055_df4.csv,schedule
20260607200056015389,2026-06-07 20:00:56,業績報表,20260607_200055_daily_df.csv,./dashboard_data/snapshots/202606/20260607_200055_daily_df.csv,schedule
20260607200056026801,2026-06-07 20:00:56,次月統計報表,20260607_200055_next_month_daily_df.csv,./dashboard_data/snapshots/202606/20260607_200055_next_month_daily_df.csv,schedule
20260607200056036294,2026-06-07 20:00:56,業績報表,20260607_200055_meta.json,./dashboard_data/snapshots/202606/20260607_200055_meta.json,schedule
20260607200056045830,2026-06-07 20:00:56,業績報表,20260607_200055_email_preview.html,./dashboard_data/snapshots/202606/20260607_200055_email_preview.html,schedule
20260608014117287643,2026-06-08 01:41:17,業績報表,df4.csv,./dashboard_data/latest/df4.csv,schedule
20260608014117300293,2026-06-08 01:41:17,業績報表,daily_df.csv,./dashboard_data/latest/daily_df.csv,schedule
20260608014117312255,2026-06-08 01:41:17,次月統計報表,next_month_daily_df.csv,./dashboard_data/latest/next_month_daily_df.csv,schedule
20260608014117322608,2026-06-08 01:41:17,業績報表,email_preview.html,./dashboard_data/latest/email_preview.html,schedule
20260608014117332890,2026-06-08 01:41:17,業績報表,meta.json,./dashboard_data/latest/meta.json,schedule
20260608014117343674,2026-06-08 01:41:17,業績報表,20260608_014117_df4.csv,./dashboard_data/snapshots/202606/20260608_014117_df4.csv,schedule
20260608014117355856,2026-06-08 01:41:17,業績報表,20260608_014117_daily_df.csv,./dashboard_data/snapshots/202606/20260608_014117_daily_df.csv,schedule
20260608014117367411,2026-06-08 01:41:17,次月統計報表,20260608_014117_next_month_daily_df.csv,./dashboard_data/snapshots/202606/20260608_014117_next_month_daily_df.csv,schedule
20260608014117377765,2026-06-08 01:41:17,業績報表,20260608_014117_meta.json,./dashboard_data/snapshots/202606/20260608_014117_meta.json,schedule
20260608014117387995,2026-06-08 01:41:17,業績報表,20260608_014117_email_preview.html,./dashboard_data/snapshots/202606/20260608_014117_email_preview.html,schedule
20260608125832303219,2026-06-08 12:58:32,業績報表,df4.csv,./dashboard_data/latest/df4.csv,schedule
20260608125832316583,2026-06-08 12:58:32,業績報表,daily_df.csv,./dashboard_data/latest/daily_df.csv,schedule
20260608125832329416,2026-06-08 12:58:32,次月統計報表,next_month_daily_df.csv,./dashboard_data/latest/next_month_daily_df.csv,schedule
20260608125832340425,2026-06-08 12:58:32,業績報表,email_preview.html,./dashboard_data/latest/email_preview.html,schedule
20260608125832351660,2026-06-08 12:58:32,業績報表,meta.json,./dashboard_data/latest/meta.json,schedule
20260608125832363047,2026-06-08 12:58:32,業績報表,20260608_125832_df4.csv,./dashboard_data/snapshots/202606/20260608_125832_df4.csv,schedule
20260608125832375687,2026-06-08 12:58:32,業績報表,20260608_125832_daily_df.csv,./dashboard_data/snapshots/202606/20260608_125832_daily_df.csv,schedule
20260608125832387785,2026-06-08 12:58:32,次月統計報表,20260608_125832_next_month_daily_df.csv,./dashboard_data/snapshots/202606/20260608_125832_next_month_daily_df.csv,schedule
20260608125832398545,2026-06-08 12:58:32,業績報表,20260608_125832_meta.json,./dashboard_data/snapshots/202606/20260608_125832_meta.json,schedule
20260608125832409210,2026-06-08 12:58:32,業績報表,20260608_125832_email_preview.html,./dashboard_data/snapshots/202606/20260608_125832_email_preview.html,schedule
20260608222143778646,2026-06-08 22:21:43,業績報表,df4.csv,./dashboard_data/latest/df4.csv,schedule
20260608222143794011,2026-06-08 22:21:43,業績報表,daily_df.csv,./dashboard_data/latest/daily_df.csv,schedule
20260608222143808571,2026-06-08 22:21:43,次月統計報表,next_month_daily_df.csv,./dashboard_data/latest/next_month_daily_df.csv,schedule
20260608222143821232,2026-06-08 22:21:43,業績報表,email_preview.html,./dashboard_data/latest/email_preview.html,schedule
20260608222143834213,2026-06-08 22:21:43,業績報表,meta.json,./dashboard_data/latest/meta.json,schedule
20260608222143848292,2026-06-08 22:21:43,業績報表,20260608_222143_df4.csv,./dashboard_data/snapshots/202606/20260608_222143_df4.csv,schedule
20260608222143863824,2026-06-08 22:21:43,業績報表,20260608_222143_daily_df.csv,./dashboard_data/snapshots/202606/20260608_222143_daily_df.csv,schedule
20260608222143878581,2026-06-08 22:21:43,次月統計報表,20260608_222143_next_month_daily_df.csv,./dashboard_data/snapshots/202606/20260608_222143_next_month_daily_df.csv,schedule
20260608222143891907,2026-06-08 22:21:43,業績報表,20260608_222143_meta.json,./dashboard_data/snapshots/202606/20260608_222143_meta.json,schedule
20260608222143905484,2026-06-08 22:21:43,業績報表,20260608_222143_email_preview.html,./dashboard_data/snapshots/202606/20260608_222143_email_preview.html,schedule
20260609023555179964,2026-06-09 02:35:55,業績報表,df4.csv,./dashboard_data/latest/df4.csv,schedule
20260609023555192495,2026-06-09 02:35:55,業績報表,daily_df.csv,./dashboard_data/latest/daily_df.csv,schedule
20260609023555204451,2026-06-09 02:35:55,次月統計報表,next_month_daily_df.csv,./dashboard_data/latest/next_month_daily_df.csv,schedule
20260609023555214937,2026-06-09 02:35:55,業績報表,email_preview.html,./dashboard_data/latest/email_preview.html,schedule
20260609023555225390,2026-06-09 02:35:55,業績報表,meta.json,./dashboard_data/latest/meta.json,schedule
20260609023555236378,2026-06-09 02:35:55,業績報表,20260609_023555_df4.csv,./dashboard_data/snapshots/202606/20260609_023555_df4.csv,schedule
20260609023555248717,2026-06-09 02:35:55,業績報表,20260609_023555_daily_df.csv,./dashboard_data/snapshots/202606/20260609_023555_daily_df.csv,schedule
20260609023555260545,2026-06-09 02:35:55,次月統計報表,20260609_023555_next_month_daily_df.csv,./dashboard_data/snapshots/202606/20260609_023555_next_month_daily_df.csv,schedule
20260609023555270732,2026-06-09 02:35:55,業績報表,20260609_023555_meta.json,./dashboard_data/snapshots/202606/20260609_023555_meta.json,schedule
20260609023555281153,2026-06-09 02:35:55,業績報表,20260609_023555_email_preview.html,./dashboard_data/snapshots/202606/20260609_023555_email_preview.html,schedule
20260609122052940612,2026-06-09 12:20:52,業績報表,df4.csv,./dashboard_data/latest/df4.csv,schedule
20260609122052954332,2026-06-09 12:20:52,業績報表,daily_df.csv,./dashboard_data/latest/daily_df.csv,schedule
20260609122052967177,2026-06-09 12:20:52,次月統計報表,next_month_daily_df.csv,./dashboard_data/latest/next_month_daily_df.csv,schedule
20260609122052978551,2026-06-09 12:20:52,業績報表,email_preview.html,./dashboard_data/latest/email_preview.html,schedule
20260609122052989966,2026-06-09 12:20:52,業績報表,meta.json,./dashboard_data/latest/meta.json,schedule
20260609122053001905,2026-06-09 12:20:53,業績報表,20260609_122052_df4.csv,./dashboard_data/snapshots/202606/20260609_122052_df4.csv,schedule
20260609122053015093,2026-06-09 12:20:53,業績報表,20260609_122052_daily_df.csv,./dashboard_data/snapshots/202606/20260609_122052_daily_df.csv,schedule
20260609122053027977,2026-06-09 12:20:53,次月統計報表,20260609_122052_next_month_daily_df.csv,./dashboard_data/snapshots/202606/20260609_122052_next_month_daily_df.csv,schedule
20260609122053039333,2026-06-09 12:20:53,業績報表,20260609_122052_meta.json,./dashboard_data/snapshots/202606/20260609_122052_meta.json,schedule
20260609122053050893,2026-06-09 12:20:53,業績報表,20260609_122052_email_preview.html,./dashboard_data/snapshots/202606/20260609_122052_email_preview.html,schedule
20260609204939315304,2026-06-09 20:49:39,業績報表,df4.csv,./dashboard_data/latest/df4.csv,schedule
20260609204939327850,2026-06-09 20:49:39,業績報表,daily_df.csv,./dashboard_data/latest/daily_df.csv,schedule
20260609204939339927,2026-06-09 20:49:39,次月統計報表,next_month_daily_df.csv,./dashboard_data/latest/next_month_daily_df.csv,schedule
20260609204939350292,2026-06-09 20:49:39,業績報表,email_preview.html,./dashboard_data/latest/email_preview.html,schedule
20260609204939360638,2026-06-09 20:49:39,業績報表,meta.json,./dashboard_data/latest/meta.json,schedule
20260609204939371440,2026-06-09 20:49:39,業績報表,20260609_204939_df4.csv,./dashboard_data/snapshots/202606/20260609_204939_df4.csv,schedule
20260609204939383647,2026-06-09 20:49:39,業績報表,20260609_204939_daily_df.csv,./dashboard_data/snapshots/202606/20260609_204939_daily_df.csv,schedule
20260609204939395387,2026-06-09 20:49:39,次月統計報表,20260609_204939_next_month_daily_df.csv,./dashboard_data/snapshots/202606/20260609_204939_next_month_daily_df.csv,schedule
20260609204939405726,2026-06-09 20:49:39,業績報表,20260609_204939_meta.json,./dashboard_data/snapshots/202606/20260609_204939_meta.json,schedule
20260609204939416147,2026-06-09 20:49:39,業績報表,20260609_204939_email_preview.html,./dashboard_data/snapshots/202606/20260609_204939_email_preview.html,schedule
20260610022141585043,2026-06-10 02:21:41,業績報表,df4.csv,./dashboard_data/latest/df4.csv,schedule
20260610022141598066,2026-06-10 02:21:41,業績報表,daily_df.csv,./dashboard_data/latest/daily_df.csv,schedule
20260610022141610561,2026-06-10 02:21:41,次月統計報表,next_month_daily_df.csv,./dashboard_data/latest/next_month_daily_df.csv,schedule
20260610022141621312,2026-06-10 02:21:41,業績報表,email_preview.html,./dashboard_data/latest/email_preview.html,schedule
20260610022141632298,2026-06-10 02:21:41,業績報表,meta.json,./dashboard_data/latest/meta.json,schedule
20260610022141643788,2026-06-10 02:21:41,業績報表,20260610_022141_df4.csv,./dashboard_data/snapshots/202606/20260610_022141_df4.csv,schedule
20260610022141657056,2026-06-10 02:21:41,業績報表,20260610_022141_daily_df.csv,./dashboard_data/snapshots/202606/20260610_022141_daily_df.csv,schedule
20260610022141669623,2026-06-10 02:21:41,次月統計報表,20260610_022141_next_month_daily_df.csv,./dashboard_data/snapshots/202606/20260610_022141_next_month_daily_df.csv,schedule
20260610022141680604,2026-06-10 02:21:41,業績報表,20260610_022141_meta.json,./dashboard_data/snapshots/202606/20260610_022141_meta.json,schedule
20260610022141691573,2026-06-10 02:21:41,業績報表,20260610_022141_email_preview.html,./dashboard_data/snapshots/202606/20260610_022141_email_preview.html,schedule
20260610124200272819,2026-06-10 12:42:00,業績報表,df4.csv,./dashboard_data/latest/df4.csv,schedule
20260610124200286186,2026-06-10 12:42:00,業績報表,daily_df.csv,./dashboard_data/latest/daily_df.csv,schedule
20260610124200298438,2026-06-10 12:42:00,次月統計報表,next_month_daily_df.csv,./dashboard_data/latest/next_month_daily_df.csv,schedule
20260610124200309028,2026-06-10 12:42:00,業績報表,email_preview.html,./dashboard_data/latest/email_preview.html,schedule
20260610124200319794,2026-06-10 12:42:00,業績報表,meta.json,./dashboard_data/latest/meta.json,schedule
20260610124200331042,2026-06-10 12:42:00,業績報表,20260610_124200_df4.csv,./dashboard_data/snapshots/202606/20260610_124200_df4.csv,schedule
20260610124200343979,2026-06-10 12:42:00,業績報表,20260610_124200_daily_df.csv,./dashboard_data/snapshots/202606/20260610_124200_daily_df.csv,schedule
20260610124200355988,2026-06-10 12:42:00,次月統計報表,20260610_124200_next_month_daily_df.csv,./dashboard_data/snapshots/202606/20260610_124200_next_month_daily_df.csv,schedule
20260610124200366456,2026-06-10 12:42:00,業績報表,20260610_124200_meta.json,./dashboard_data/snapshots/202606/20260610_124200_meta.json,schedule
20260610124200376885,2026-06-10 12:42:00,業績報表,20260610_124200_email_preview.html,./dashboard_data/snapshots/202606/20260610_124200_email_preview.html,schedule
20260610214801876608,2026-06-10 21:48:01,業績報表,df4.csv,./dashboard_data/latest/df4.csv,schedule
20260610214801890496,2026-06-10 21:48:01,業績報表,daily_df.csv,./dashboard_data/latest/daily_df.csv,schedule
20260610214801903449,2026-06-10 21:48:01,次月統計報表,next_month_daily_df.csv,./dashboard_data/latest/next_month_daily_df.csv,schedule
20260610214801914483,2026-06-10 21:48:01,業績報表,email_preview.html,./dashboard_data/latest/email_preview.html,schedule
20260610214801925718,2026-06-10 21:48:01,業績報表,meta.json,./dashboard_data/latest/meta.json,schedule
20260610214801937191,2026-06-10 21:48:01,業績報表,20260610_214801_df4.csv,./dashboard_data/snapshots/202606/20260610_214801_df4.csv,schedule
20260610214801950305,2026-06-10 21:48:01,業績報表,20260610_214801_daily_df.csv,./dashboard_data/snapshots/202606/20260610_214801_daily_df.csv,schedule
20260610214801963058,2026-06-10 21:48:01,次月統計報表,20260610_214801_next_month_daily_df.csv,./dashboard_data/snapshots/202606/20260610_214801_next_month_daily_df.csv,schedule
20260610214801974335,2026-06-10 21:48:01,業績報表,20260610_214801_meta.json,./dashboard_data/snapshots/202606/20260610_214801_meta.json,schedule
20260610214801986796,2026-06-10 21:48:01,業績報表,20260610_214801_email_preview.html,./dashboard_data/snapshots/202606/20260610_214801_email_preview.html,schedule
20260611024309856895,2026-06-11 02:43:09,業績報表,df4.csv,./dashboard_data/latest/df4.csv,schedule
20260611024309871461,2026-06-11 02:43:09,業績報表,daily_df.csv,./dashboard_data/latest/daily_df.csv,schedule
20260611024309885709,2026-06-11 02:43:09,次月統計報表,next_month_daily_df.csv,./dashboard_data/latest/next_month_daily_df.csv,schedule
20260611024309898004,2026-06-11 02:43:09,業績報表,email_preview.html,./dashboard_data/latest/email_preview.html,schedule
20260611024309910104,2026-06-11 02:43:09,業績報表,meta.json,./dashboard_data/latest/meta.json,schedule
20260611024309923355,2026-06-11 02:43:09,業績報表,20260611_024309_df4.csv,./dashboard_data/snapshots/202606/20260611_024309_df4.csv,schedule
20260611024309937805,2026-06-11 02:43:09,業績報表,20260611_024309_daily_df.csv,./dashboard_data/snapshots/202606/20260611_024309_daily_df.csv,schedule
20260611024309951981,2026-06-11 02:43:09,次月統計報表,20260611_024309_next_month_daily_df.csv,./dashboard_data/snapshots/202606/20260611_024309_next_month_daily_df.csv,schedule
20260611024309964672,2026-06-11 02:43:09,業績報表,20260611_024309_meta.json,./dashboard_data/snapshots/202606/20260611_024309_meta.json,schedule
20260611024309977280,2026-06-11 02:43:09,業績報表,20260611_024309_email_preview.html,./dashboard_data/snapshots/202606/20260611_024309_email_preview.html,schedule
20260611125542207674,2026-06-11 12:55:42,業績報表,df4.csv,./dashboard_data/latest/df4.csv,schedule
20260611125542221098,2026-06-11 12:55:42,業績報表,daily_df.csv,./dashboard_data/latest/daily_df.csv,schedule
20260611125542233740,2026-06-11 12:55:42,次月統計報表,next_month_daily_df.csv,./dashboard_data/latest/next_month_daily_df.csv,schedule
20260611125542245108,2026-06-11 12:55:42,業績報表,email_preview.html,./dashboard_data/latest/email_preview.html,schedule
20260611125542256463,2026-06-11 12:55:42,業績報表,meta.json,./dashboard_data/latest/meta.json,schedule
20260611125542268171,2026-06-11 12:55:42,業績報表,20260611_125542_df4.csv,./dashboard_data/snapshots/202606/20260611_125542_df4.csv,schedule
20260611125542281283,2026-06-11 12:55:42,業績報表,20260611_125542_daily_df.csv,./dashboard_data/snapshots/202606/20260611_125542_daily_df.csv,schedule
20260611125542294056,2026-06-11 12:55:42,次月統計報表,20260611_125542_next_month_daily_df.csv,./dashboard_data/snapshots/202606/20260611_125542_next_month_daily_df.csv,schedule
20260611125542305310,2026-06-11 12:55:42,業績報表,20260611_125542_meta.json,./dashboard_data/snapshots/202606/20260611_125542_meta.json,schedule
20260611125542316314,2026-06-11 12:55:42,業績報表,20260611_125542_email_preview.html,./dashboard_data/snapshots/202606/20260611_125542_email_preview.html,schedule
20260611221121858935,2026-06-11 22:11:21,業績報表,df4.csv,./dashboard_data/latest/df4.csv,schedule
20260611221121872187,2026-06-11 22:11:21,業績報表,daily_df.csv,./dashboard_data/latest/daily_df.csv,schedule
20260611221121884568,2026-06-11 22:11:21,次月統計報表,next_month_daily_df.csv,./dashboard_data/latest/next_month_daily_df.csv,schedule
20260611221121895523,2026-06-11 22:11:21,業績報表,email_preview.html,./dashboard_data/latest/email_preview.html,schedule
20260611221121906427,2026-06-11 22:11:21,業績報表,meta.json,./dashboard_data/latest/meta.json,schedule
20260611221121917537,2026-06-11 22:11:21,業績報表,20260611_221121_df4.csv,./dashboard_data/snapshots/202606/20260611_221121_df4.csv,schedule
20260611221121930213,2026-06-11 22:11:21,業績報表,20260611_221121_daily_df.csv,./dashboard_data/snapshots/202606/20260611_221121_daily_df.csv,schedule
20260611221121942521,2026-06-11 22:11:21,次月統計報表,20260611_221121_next_month_daily_df.csv,./dashboard_data/snapshots/202606/20260611_221121_next_month_daily_df.csv,schedule
20260611221121953199,2026-06-11 22:11:21,業績報表,20260611_221121_meta.json,./dashboard_data/snapshots/202606/20260611_221121_meta.json,schedule
20260611221121964020,2026-06-11 22:11:21,業績報表,20260611_221121_email_preview.html,./dashboard_data/snapshots/202606/20260611_221121_email_preview.html,schedule
20260612031323514226,2026-06-12 03:13:23,業績報表,df4.csv,./dashboard_data/latest/df4.csv,schedule
20260612031323527646,2026-06-12 03:13:23,業績報表,daily_df.csv,./dashboard_data/latest/daily_df.csv,schedule
20260612031323540342,2026-06-12 03:13:23,次月統計報表,next_month_daily_df.csv,./dashboard_data/latest/next_month_daily_df.csv,schedule
20260612031323551435,2026-06-12 03:13:23,業績報表,email_preview.html,./dashboard_data/latest/email_preview.html,schedule
20260612031323562431,2026-06-12 03:13:23,業績報表,meta.json,./dashboard_data/latest/meta.json,schedule
20260612031323574046,2026-06-12 03:13:23,業績報表,20260612_031323_df4.csv,./dashboard_data/snapshots/202606/20260612_031323_df4.csv,schedule
20260612031323587199,2026-06-12 03:13:23,業績報表,20260612_031323_daily_df.csv,./dashboard_data/snapshots/202606/20260612_031323_daily_df.csv,schedule
20260612031323599706,2026-06-12 03:13:23,次月統計報表,20260612_031323_next_month_daily_df.csv,./dashboard_data/snapshots/202606/20260612_031323_next_month_daily_df.csv,schedule
20260612031323610540,2026-06-12 03:13:23,業績報表,20260612_031323_meta.json,./dashboard_data/snapshots/202606/20260612_031323_meta.json,schedule
20260612031323621587,2026-06-12 03:13:23,業績報表,20260612_031323_email_preview.html,./dashboard_data/snapshots/202606/20260612_031323_email_preview.html,schedule
20260612125852119032,2026-06-12 12:58:52,業績報表,df4.csv,./dashboard_data/latest/df4.csv,schedule
20260612125852132987,2026-06-12 12:58:52,業績報表,daily_df.csv,./dashboard_data/latest/daily_df.csv,schedule
20260612125852145334,2026-06-12 12:58:52,次月統計報表,next_month_daily_df.csv,./dashboard_data/latest/next_month_daily_df.csv,schedule
20260612125852156020,2026-06-12 12:58:52,業績報表,email_preview.html,./dashboard_data/latest/email_preview.html,schedule
20260612125852166554,2026-06-12 12:58:52,業績報表,meta.json,./dashboard_data/latest/meta.json,schedule
20260612125852177899,2026-06-12 12:58:52,業績報表,20260612_125852_df4.csv,./dashboard_data/snapshots/202606/20260612_125852_df4.csv,schedule
20260612125852190459,2026-06-12 12:58:52,業績報表,20260612_125852_daily_df.csv,./dashboard_data/snapshots/202606/20260612_125852_daily_df.csv,schedule
20260612125852202777,2026-06-12 12:58:52,次月統計報表,20260612_125852_next_month_daily_df.csv,./dashboard_data/snapshots/202606/20260612_125852_next_month_daily_df.csv,schedule
20260612125852213297,2026-06-12 12:58:52,業績報表,20260612_125852_meta.json,./dashboard_data/snapshots/202606/20260612_125852_meta.json,schedule
20260612125852223939,2026-06-12 12:58:52,業績報表,20260612_125852_email_preview.html,./dashboard_data/snapshots/202606/20260612_125852_email_preview.html,schedule
20260612214024598160,2026-06-12 21:40:24,業績報表,df4.csv,./dashboard_data/latest/df4.csv,schedule
20260612214024611403,2026-06-12 21:40:24,業績報表,daily_df.csv,./dashboard_data/latest/daily_df.csv,schedule
20260612214024623860,2026-06-12 21:40:24,次月統計報表,next_month_daily_df.csv,./dashboard_data/latest/next_month_daily_df.csv,schedule
20260612214024634834,2026-06-12 21:40:24,業績報表,email_preview.html,./dashboard_data/latest/email_preview.html,schedule
20260612214024645943,2026-06-12 21:40:24,業績報表,meta.json,./dashboard_data/latest/meta.json,schedule
20260612214024657541,2026-06-12 21:40:24,業績報表,20260612_214024_df4.csv,./dashboard_data/snapshots/202606/20260612_214024_df4.csv,schedule
20260612214024670421,2026-06-12 21:40:24,業績報表,20260612_214024_daily_df.csv,./dashboard_data/snapshots/202606/20260612_214024_daily_df.csv,schedule
20260612214024682880,2026-06-12 21:40:24,次月統計報表,20260612_214024_next_month_daily_df.csv,./dashboard_data/snapshots/202606/20260612_214024_next_month_daily_df.csv,schedule
20260612214024693791,2026-06-12 21:40:24,業績報表,20260612_214024_meta.json,./dashboard_data/snapshots/202606/20260612_214024_meta.json,schedule
20260612214024704556,2026-06-12 21:40:24,業績報表,20260612_214024_email_preview.html,./dashboard_data/snapshots/202606/20260612_214024_email_preview.html,schedule
20260613022029922491,2026-06-13 02:20:29,業績報表,df4.csv,./dashboard_data/latest/df4.csv,schedule
20260613022029936860,2026-06-13 02:20:29,業績報表,daily_df.csv,./dashboard_data/latest/daily_df.csv,schedule
20260613022029950939,2026-06-13 02:20:29,次月統計報表,next_month_daily_df.csv,./dashboard_data/latest/next_month_daily_df.csv,schedule
20260613022029963124,2026-06-13 02:20:29,業績報表,email_preview.html,./dashboard_data/latest/email_preview.html,schedule
20260613022029975339,2026-06-13 02:20:29,業績報表,meta.json,./dashboard_data/latest/meta.json,schedule
20260613022029987984,2026-06-13 02:20:29,業績報表,20260613_022029_df4.csv,./dashboard_data/snapshots/202606/20260613_022029_df4.csv,schedule
20260613022030002202,2026-06-13 02:20:30,業績報表,20260613_022029_daily_df.csv,./dashboard_data/snapshots/202606/20260613_022029_daily_df.csv,schedule
20260613022030015822,2026-06-13 02:20:30,次月統計報表,20260613_022029_next_month_daily_df.csv,./dashboard_data/snapshots/202606/20260613_022029_next_month_daily_df.csv,schedule
20260613022030028259,2026-06-13 02:20:30,業績報表,20260613_022029_meta.json,./dashboard_data/snapshots/202606/20260613_022029_meta.json,schedule
20260613022030040747,2026-06-13 02:20:30,業績報表,20260613_022029_email_preview.html,./dashboard_data/snapshots/202606/20260613_022029_email_preview.html,schedule
20260613124455625468,2026-06-13 12:44:55,業績報表,df4.csv,./dashboard_data/latest/df4.csv,schedule
20260613124455639369,2026-06-13 12:44:55,業績報表,daily_df.csv,./dashboard_data/latest/daily_df.csv,schedule
20260613124455653016,2026-06-13 12:44:55,次月統計報表,next_month_daily_df.csv,./dashboard_data/latest/next_month_daily_df.csv,schedule
20260613124455664912,2026-06-13 12:44:55,業績報表,email_preview.html,./dashboard_data/latest/email_preview.html,schedule
20260613124455676935,2026-06-13 12:44:55,業績報表,meta.json,./dashboard_data/latest/meta.json,schedule
20260613124455689295,2026-06-13 12:44:55,業績報表,20260613_124455_df4.csv,./dashboard_data/snapshots/202606/20260613_124455_df4.csv,schedule
20260613124455702982,2026-06-13 12:44:55,業績報表,20260613_124455_daily_df.csv,./dashboard_data/snapshots/202606/20260613_124455_daily_df.csv,schedule
20260613124455716379,2026-06-13 12:44:55,次月統計報表,20260613_124455_next_month_daily_df.csv,./dashboard_data/snapshots/202606/20260613_124455_next_month_daily_df.csv,schedule
20260613124455728215,2026-06-13 12:44:55,業績報表,20260613_124455_meta.json,./dashboard_data/snapshots/202606/20260613_124455_meta.json,schedule
20260613124455739874,2026-06-13 12:44:55,業績報表,20260613_124455_email_preview.html,./dashboard_data/snapshots/202606/20260613_124455_email_preview.html,schedule
20260613200217528427,2026-06-13 20:02:17,業績報表,df4.csv,./dashboard_data/latest/df4.csv,schedule
20260613200217543003,2026-06-13 20:02:17,業績報表,daily_df.csv,./dashboard_data/latest/daily_df.csv,schedule
20260613200217557166,2026-06-13 20:02:17,次月統計報表,next_month_daily_df.csv,./dashboard_data/latest/next_month_daily_df.csv,schedule
20260613200217569221,2026-06-13 20:02:17,業績報表,email_preview.html,./dashboard_data/latest/email_preview.html,schedule
20260613200217581703,2026-06-13 20:02:17,業績報表,meta.json,./dashboard_data/latest/meta.json,schedule
20260613200217594456,2026-06-13 20:02:17,業績報表,20260613_200217_df4.csv,./dashboard_data/snapshots/202606/20260613_200217_df4.csv,schedule
20260613200217608680,2026-06-13 20:02:17,業績報表,20260613_200217_daily_df.csv,./dashboard_data/snapshots/202606/20260613_200217_daily_df.csv,schedule
20260613200217622304,2026-06-13 20:02:17,次月統計報表,20260613_200217_next_month_daily_df.csv,./dashboard_data/snapshots/202606/20260613_200217_next_month_daily_df.csv,schedule
20260613200217634464,2026-06-13 20:02:17,業績報表,20260613_200217_meta.json,./dashboard_data/snapshots/202606/20260613_200217_meta.json,schedule
20260613200217647077,2026-06-13 20:02:17,業績報表,20260613_200217_email_preview.html,./dashboard_data/snapshots/202606/20260613_200217_email_preview.html,schedule
20260614014649833933,2026-06-14 01:46:49,業績報表,df4.csv,./dashboard_data/latest/df4.csv,schedule
20260614014649847910,2026-06-14 01:46:49,業績報表,daily_df.csv,./dashboard_data/latest/daily_df.csv,schedule
20260614014649861507,2026-06-14 01:46:49,次月統計報表,next_month_daily_df.csv,./dashboard_data/latest/next_month_daily_df.csv,schedule
20260614014649873416,2026-06-14 01:46:49,業績報表,email_preview.html,./dashboard_data/latest/email_preview.html,schedule
20260614014649885136,2026-06-14 01:46:49,業績報表,meta.json,./dashboard_data/latest/meta.json,schedule
20260614014649897556,2026-06-14 01:46:49,業績報表,20260614_014649_df4.csv,./dashboard_data/snapshots/202606/20260614_014649_df4.csv,schedule
20260614014649911195,2026-06-14 01:46:49,業績報表,20260614_014649_daily_df.csv,./dashboard_data/snapshots/202606/20260614_014649_daily_df.csv,schedule
20260614014649924404,2026-06-14 01:46:49,次月統計報表,20260614_014649_next_month_daily_df.csv,./dashboard_data/snapshots/202606/20260614_014649_next_month_daily_df.csv,schedule
20260614014649936640,2026-06-14 01:46:49,業績報表,20260614_014649_meta.json,./dashboard_data/snapshots/202606/20260614_014649_meta.json,schedule
20260614014649948727,2026-06-14 01:46:49,業績報表,20260614_014649_email_preview.html,./dashboard_data/snapshots/202606/20260614_014649_email_preview.html,schedule
20260614130238357961,2026-06-14 13:02:38,業績報表,df4.csv,./dashboard_data/latest/df4.csv,schedule
20260614130238371857,2026-06-14 13:02:38,業績報表,daily_df.csv,./dashboard_data/latest/daily_df.csv,schedule
20260614130238385508,2026-06-14 13:02:38,次月統計報表,next_month_daily_df.csv,./dashboard_data/latest/next_month_daily_df.csv,schedule
20260614130238397423,2026-06-14 13:02:38,業績報表,email_preview.html,./dashboard_data/latest/email_preview.html,schedule
20260614130238409212,2026-06-14 13:02:38,業績報表,meta.json,./dashboard_data/latest/meta.json,schedule
20260614130238421478,2026-06-14 13:02:38,業績報表,20260614_130238_df4.csv,./dashboard_data/snapshots/202606/20260614_130238_df4.csv,schedule
20260614130238435137,2026-06-14 13:02:38,業績報表,20260614_130238_daily_df.csv,./dashboard_data/snapshots/202606/20260614_130238_daily_df.csv,schedule
20260614130238448713,2026-06-14 13:02:38,次月統計報表,20260614_130238_next_month_daily_df.csv,./dashboard_data/snapshots/202606/20260614_130238_next_month_daily_df.csv,schedule
20260614130238460621,2026-06-14 13:02:38,業績報表,20260614_130238_meta.json,./dashboard_data/snapshots/202606/20260614_130238_meta.json,schedule
20260614130238472549,2026-06-14 13:02:38,業績報表,20260614_130238_email_preview.html,./dashboard_data/snapshots/202606/20260614_130238_email_preview.html,schedule
20260614201155286221,2026-06-14 20:11:55,業績報表,df4.csv,./dashboard_data/latest/df4.csv,schedule
20260614201155300091,2026-06-14 20:11:55,業績報表,daily_df.csv,./dashboard_data/latest/daily_df.csv,schedule
20260614201155313113,2026-06-14 20:11:55,次月統計報表,next_month_daily_df.csv,./dashboard_data/latest/next_month_daily_df.csv,schedule
20260614201155324495,2026-06-14 20:11:55,業績報表,email_preview.html,./dashboard_data/latest/email_preview.html,schedule
20260614201155335896,2026-06-14 20:11:55,業績報表,meta.json,./dashboard_data/latest/meta.json,schedule
20260614201155347695,2026-06-14 20:11:55,業績報表,20260614_201155_df4.csv,./dashboard_data/snapshots/202606/20260614_201155_df4.csv,schedule
20260614201155361058,2026-06-14 20:11:55,業績報表,20260614_201155_daily_df.csv,./dashboard_data/snapshots/202606/20260614_201155_daily_df.csv,schedule
20260614201155373892,2026-06-14 20:11:55,次月統計報表,20260614_201155_next_month_daily_df.csv,./dashboard_data/snapshots/202606/20260614_201155_next_month_daily_df.csv,schedule
20260614201155385147,2026-06-14 20:11:55,業績報表,20260614_201155_meta.json,./dashboard_data/snapshots/202606/20260614_201155_meta.json,schedule
20260614201155396506,2026-06-14 20:11:55,業績報表,20260614_201155_email_preview.html,./dashboard_data/snapshots/202606/20260614_201155_email_preview.html,schedule
20260615014903791699,2026-06-15 01:49:03,業績報表,df4.csv,./dashboard_data/latest/df4.csv,schedule
20260615014903805870,2026-06-15 01:49:03,業績報表,daily_df.csv,./dashboard_data/latest/daily_df.csv,schedule
20260615014903819763,2026-06-15 01:49:03,次月統計報表,next_month_daily_df.csv,./dashboard_data/latest/next_month_daily_df.csv,schedule
20260615014903832008,2026-06-15 01:49:03,業績報表,email_preview.html,./dashboard_data/latest/email_preview.html,schedule
20260615014903843901,2026-06-15 01:49:03,業績報表,meta.json,./dashboard_data/latest/meta.json,schedule
20260615014903856243,2026-06-15 01:49:03,業績報表,20260615_014903_df4.csv,./dashboard_data/snapshots/202606/20260615_014903_df4.csv,schedule
20260615014903870054,2026-06-15 01:49:03,業績報表,20260615_014903_daily_df.csv,./dashboard_data/snapshots/202606/20260615_014903_daily_df.csv,schedule
20260615014903883291,2026-06-15 01:49:03,次月統計報表,20260615_014903_next_month_daily_df.csv,./dashboard_data/snapshots/202606/20260615_014903_next_month_daily_df.csv,schedule
20260615014903894878,2026-06-15 01:49:03,業績報表,20260615_014903_meta.json,./dashboard_data/snapshots/202606/20260615_014903_meta.json,schedule
20260615014903906573,2026-06-15 01:49:03,業績報表,20260615_014903_email_preview.html,./dashboard_data/snapshots/202606/20260615_014903_email_preview.html,schedule
20260615132345911761,2026-06-15 13:23:45,業績報表,df4.csv,./dashboard_data/latest/df4.csv,schedule
20260615132345925628,2026-06-15 13:23:45,業績報表,daily_df.csv,./dashboard_data/latest/daily_df.csv,schedule
20260615132345938944,2026-06-15 13:23:45,次月統計報表,next_month_daily_df.csv,./dashboard_data/latest/next_month_daily_df.csv,schedule
20260615132345950302,2026-06-15 13:23:45,業績報表,email_preview.html,./dashboard_data/latest/email_preview.html,schedule
20260615132345961881,2026-06-15 13:23:45,業績報表,meta.json,./dashboard_data/latest/meta.json,schedule
20260615132345973757,2026-06-15 13:23:45,業績報表,20260615_132345_df4.csv,./dashboard_data/snapshots/202606/20260615_132345_df4.csv,schedule
20260615132345986992,2026-06-15 13:23:45,業績報表,20260615_132345_daily_df.csv,./dashboard_data/snapshots/202606/20260615_132345_daily_df.csv,schedule
20260615132346000095,2026-06-15 13:23:46,次月統計報表,20260615_132345_next_month_daily_df.csv,./dashboard_data/snapshots/202606/20260615_132345_next_month_daily_df.csv,schedule
20260615132346017781,2026-06-15 13:23:46,業績報表,20260615_132345_meta.json,./dashboard_data/snapshots/202606/20260615_132345_meta.json,schedule
20260615132346029746,2026-06-15 13:23:46,業績報表,20260615_132345_email_preview.html,./dashboard_data/snapshots/202606/20260615_132345_email_preview.html,schedule
20260616000542822389,2026-06-16 00:05:42,業績報表,df4.csv,./dashboard_data/latest/df4.csv,schedule
20260616000542836809,2026-06-16 00:05:42,業績報表,daily_df.csv,./dashboard_data/latest/daily_df.csv,schedule
20260616000542850385,2026-06-16 00:05:42,次月統計報表,next_month_daily_df.csv,./dashboard_data/latest/next_month_daily_df.csv,schedule
20260616000542862414,2026-06-16 00:05:42,業績報表,email_preview.html,./dashboard_data/latest/email_preview.html,schedule
20260616000542874652,2026-06-16 00:05:42,業績報表,meta.json,./dashboard_data/latest/meta.json,schedule
20260616000542887302,2026-06-16 00:05:42,業績報表,20260616_000542_df4.csv,./dashboard_data/snapshots/202606/20260616_000542_df4.csv,schedule
20260616000542901518,2026-06-16 00:05:42,業績報表,20260616_000542_daily_df.csv,./dashboard_data/snapshots/202606/20260616_000542_daily_df.csv,schedule
20260616000542915266,2026-06-16 00:05:42,次月統計報表,20260616_000542_next_month_daily_df.csv,./dashboard_data/snapshots/202606/20260616_000542_next_month_daily_df.csv,schedule
20260616000542927026,2026-06-16 00:05:42,業績報表,20260616_000542_meta.json,./dashboard_data/snapshots/202606/20260616_000542_meta.json,schedule
20260616000542939183,2026-06-16 00:05:42,業績報表,20260616_000542_email_preview.html,./dashboard_data/snapshots/202606/20260616_000542_email_preview.html,schedule
20260616035641867297,2026-06-16 03:56:41,業績報表,df4.csv,./dashboard_data/latest/df4.csv,schedule
20260616035641881875,2026-06-16 03:56:41,業績報表,daily_df.csv,./dashboard_data/latest/daily_df.csv,schedule
20260616035641895159,2026-06-16 03:56:41,次月統計報表,next_month_daily_df.csv,./dashboard_data/latest/next_month_daily_df.csv,schedule
20260616035641906972,2026-06-16 03:56:41,業績報表,email_preview.html,./dashboard_data/latest/email_preview.html,schedule
20260616035641918587,2026-06-16 03:56:41,業績報表,meta.json,./dashboard_data/latest/meta.json,schedule
20260616035641930598,2026-06-16 03:56:41,業績報表,20260616_035641_df4.csv,./dashboard_data/snapshots/202606/20260616_035641_df4.csv,schedule
20260616035641944086,2026-06-16 03:56:41,業績報表,20260616_035641_daily_df.csv,./dashboard_data/snapshots/202606/20260616_035641_daily_df.csv,schedule
20260616035641957147,2026-06-16 03:56:41,次月統計報表,20260616_035641_next_month_daily_df.csv,./dashboard_data/snapshots/202606/20260616_035641_next_month_daily_df.csv,schedule
20260616035641968561,2026-06-16 03:56:41,業績報表,20260616_035641_meta.json,./dashboard_data/snapshots/202606/20260616_035641_meta.json,schedule
20260616035641979891,2026-06-16 03:56:41,業績報表,20260616_035641_email_preview.html,./dashboard_data/snapshots/202606/20260616_035641_email_preview.html,schedule
20260616132639861704,2026-06-16 13:26:39,業績報表,df4.csv,./dashboard_data/latest/df4.csv,schedule
20260616132639876412,2026-06-16 13:26:39,業績報表,daily_df.csv,./dashboard_data/latest/daily_df.csv,schedule
20260616132639890806,2026-06-16 13:26:39,次月統計報表,next_month_daily_df.csv,./dashboard_data/latest/next_month_daily_df.csv,schedule
20260616132639903173,2026-06-16 13:26:39,業績報表,email_preview.html,./dashboard_data/latest/email_preview.html,schedule
20260616132639915530,2026-06-16 13:26:39,業績報表,meta.json,./dashboard_data/latest/meta.json,schedule
20260616132639928197,2026-06-16 13:26:39,業績報表,20260616_132639_df4.csv,./dashboard_data/snapshots/202606/20260616_132639_df4.csv,schedule
20260616132639942431,2026-06-16 13:26:39,業績報表,20260616_132639_daily_df.csv,./dashboard_data/snapshots/202606/20260616_132639_daily_df.csv,schedule
20260616132639956169,2026-06-16 13:26:39,次月統計報表,20260616_132639_next_month_daily_df.csv,./dashboard_data/snapshots/202606/20260616_132639_next_month_daily_df.csv,schedule
20260616132639968179,2026-06-16 13:26:39,業績報表,20260616_132639_meta.json,./dashboard_data/snapshots/202606/20260616_132639_meta.json,schedule
20260616132639980579,2026-06-16 13:26:39,業績報表,20260616_132639_email_preview.html,./dashboard_data/snapshots/202606/20260616_132639_email_preview.html,schedule
20260616232152623713,2026-06-16 23:21:52,業績報表,df4.csv,./dashboard_data/latest/df4.csv,schedule
20260616232152639413,2026-06-16 23:21:52,業績報表,daily_df.csv,./dashboard_data/latest/daily_df.csv,schedule
20260616232152655032,2026-06-16 23:21:52,次月統計報表,next_month_daily_df.csv,./dashboard_data/latest/next_month_daily_df.csv,schedule
20260616232152668310,2026-06-16 23:21:52,業績報表,email_preview.html,./dashboard_data/latest/email_preview.html,schedule
20260616232152681704,2026-06-16 23:21:52,業績報表,meta.json,./dashboard_data/latest/meta.json,schedule
20260616232152695367,2026-06-16 23:21:52,業績報表,20260616_232152_df4.csv,./dashboard_data/snapshots/202606/20260616_232152_df4.csv,schedule
20260616232152710359,2026-06-16 23:21:52,業績報表,20260616_232152_daily_df.csv,./dashboard_data/snapshots/202606/20260616_232152_daily_df.csv,schedule
20260616232152724730,2026-06-16 23:21:52,次月統計報表,20260616_232152_next_month_daily_df.csv,./dashboard_data/snapshots/202606/20260616_232152_next_month_daily_df.csv,schedule
20260616232152737184,2026-06-16 23:21:52,業績報表,20260616_232152_meta.json,./dashboard_data/snapshots/202606/20260616_232152_meta.json,schedule
20260616232152749725,2026-06-16 23:21:52,業績報表,20260616_232152_email_preview.html,./dashboard_data/snapshots/202606/20260616_232152_email_preview.html,schedule
20260617035045200664,2026-06-17 03:50:45,業績報表,df4.csv,./dashboard_data/latest/df4.csv,schedule
20260617035045214785,2026-06-17 03:50:45,業績報表,daily_df.csv,./dashboard_data/latest/daily_df.csv,schedule
20260617035045228235,2026-06-17 03:50:45,次月統計報表,next_month_daily_df.csv,./dashboard_data/latest/next_month_daily_df.csv,schedule
20260617035045239996,2026-06-17 03:50:45,業績報表,email_preview.html,./dashboard_data/latest/email_preview.html,schedule
20260617035045251508,2026-06-17 03:50:45,業績報表,meta.json,./dashboard_data/latest/meta.json,schedule
20260617035045263662,2026-06-17 03:50:45,業績報表,20260617_035045_df4.csv,./dashboard_data/snapshots/202606/20260617_035045_df4.csv,schedule
20260617035045277191,2026-06-17 03:50:45,業績報表,20260617_035045_daily_df.csv,./dashboard_data/snapshots/202606/20260617_035045_daily_df.csv,schedule
20260617035045290429,2026-06-17 03:50:45,次月統計報表,20260617_035045_next_month_daily_df.csv,./dashboard_data/snapshots/202606/20260617_035045_next_month_daily_df.csv,schedule
20260617035045302125,2026-06-17 03:50:45,業績報表,20260617_035045_meta.json,./dashboard_data/snapshots/202606/20260617_035045_meta.json,schedule
20260617035045313813,2026-06-17 03:50:45,業績報表,20260617_035045_email_preview.html,./dashboard_data/snapshots/202606/20260617_035045_email_preview.html,schedule
20260617130741364245,2026-06-17 13:07:41,業績報表,df4.csv,./dashboard_data/latest/df4.csv,schedule
20260617130741379118,2026-06-17 13:07:41,業績報表,daily_df.csv,./dashboard_data/latest/daily_df.csv,schedule
20260617130741393447,2026-06-17 13:07:41,次月統計報表,next_month_daily_df.csv,./dashboard_data/latest/next_month_daily_df.csv,schedule
20260617130741405764,2026-06-17 13:07:41,業績報表,email_preview.html,./dashboard_data/latest/email_preview.html,schedule
20260617130741418566,2026-06-17 13:07:41,業績報表,meta.json,./dashboard_data/latest/meta.json,schedule
20260617130741431469,2026-06-17 13:07:41,業績報表,20260617_130741_df4.csv,./dashboard_data/snapshots/202606/20260617_130741_df4.csv,schedule
20260617130741445739,2026-06-17 13:07:41,業績報表,20260617_130741_daily_df.csv,./dashboard_data/snapshots/202606/20260617_130741_daily_df.csv,schedule
20260617130741459776,2026-06-17 13:07:41,次月統計報表,20260617_130741_next_month_daily_df.csv,./dashboard_data/snapshots/202606/20260617_130741_next_month_daily_df.csv,schedule
20260617130741472265,2026-06-17 13:07:41,業績報表,20260617_130741_meta.json,./dashboard_data/snapshots/202606/20260617_130741_meta.json,schedule
20260617130741484576,2026-06-17 13:07:41,業績報表,20260617_130741_email_preview.html,./dashboard_data/snapshots/202606/20260617_130741_email_preview.html,schedule
20260617215617331006,2026-06-17 21:56:17,業績報表,df4.csv,./dashboard_data/latest/df4.csv,schedule
20260617215617345604,2026-06-17 21:56:17,業績報表,daily_df.csv,./dashboard_data/latest/daily_df.csv,schedule
20260617215617359442,2026-06-17 21:56:17,次月統計報表,next_month_daily_df.csv,./dashboard_data/latest/next_month_daily_df.csv,schedule
20260617215617371503,2026-06-17 21:56:17,業績報表,email_preview.html,./dashboard_data/latest/email_preview.html,schedule
20260617215617383657,2026-06-17 21:56:17,業績報表,meta.json,./dashboard_data/latest/meta.json,schedule
20260617215617396173,2026-06-17 21:56:17,業績報表,20260617_215617_df4.csv,./dashboard_data/snapshots/202606/20260617_215617_df4.csv,schedule
20260617215617410233,2026-06-17 21:56:17,業績報表,20260617_215617_daily_df.csv,./dashboard_data/snapshots/202606/20260617_215617_daily_df.csv,schedule
20260617215617424005,2026-06-17 21:56:17,次月統計報表,20260617_215617_next_month_daily_df.csv,./dashboard_data/snapshots/202606/20260617_215617_next_month_daily_df.csv,schedule
20260617215617436046,2026-06-17 21:56:17,業績報表,20260617_215617_meta.json,./dashboard_data/snapshots/202606/20260617_215617_meta.json,schedule
20260617215617448106,2026-06-17 21:56:17,業績報表,20260617_215617_email_preview.html,./dashboard_data/snapshots/202606/20260617_215617_email_preview.html,schedule
20260618023537784307,2026-06-18 02:35:37,業績報表,df4.csv,./dashboard_data/latest/df4.csv,schedule
20260618023537799261,2026-06-18 02:35:37,業績報表,daily_df.csv,./dashboard_data/latest/daily_df.csv,schedule
20260618023537813129,2026-06-18 02:35:37,次月統計報表,next_month_daily_df.csv,./dashboard_data/latest/next_month_daily_df.csv,schedule
20260618023537825203,2026-06-18 02:35:37,業績報表,email_preview.html,./dashboard_data/latest/email_preview.html,schedule
20260618023537837109,2026-06-18 02:35:37,業績報表,meta.json,./dashboard_data/latest/meta.json,schedule
20260618023537849692,2026-06-18 02:35:37,業績報表,20260618_023537_df4.csv,./dashboard_data/snapshots/202606/20260618_023537_df4.csv,schedule
20260618023537863807,2026-06-18 02:35:37,業績報表,20260618_023537_daily_df.csv,./dashboard_data/snapshots/202606/20260618_023537_daily_df.csv,schedule
20260618023537877466,2026-06-18 02:35:37,次月統計報表,20260618_023537_next_month_daily_df.csv,./dashboard_data/snapshots/202606/20260618_023537_next_month_daily_df.csv,schedule
20260618023537889452,2026-06-18 02:35:37,業績報表,20260618_023537_meta.json,./dashboard_data/snapshots/202606/20260618_023537_meta.json,schedule
20260618023537901583,2026-06-18 02:35:37,業績報表,20260618_023537_email_preview.html,./dashboard_data/snapshots/202606/20260618_023537_email_preview.html,schedule
20260618125735491152,2026-06-18 12:57:35,業績報表,df4.csv,./dashboard_data/latest/df4.csv,schedule
20260618125735505447,2026-06-18 12:57:35,業績報表,daily_df.csv,./dashboard_data/latest/daily_df.csv,schedule
20260618125735518670,2026-06-18 12:57:35,次月統計報表,next_month_daily_df.csv,./dashboard_data/latest/next_month_daily_df.csv,schedule
20260618125735530258,2026-06-18 12:57:35,業績報表,email_preview.html,./dashboard_data/latest/email_preview.html,schedule
20260618125735542261,2026-06-18 12:57:35,業績報表,meta.json,./dashboard_data/latest/meta.json,schedule
20260618125735554521,2026-06-18 12:57:35,業績報表,20260618_125735_df4.csv,./dashboard_data/snapshots/202606/20260618_125735_df4.csv,schedule
20260618125735568721,2026-06-18 12:57:35,業績報表,20260618_125735_daily_df.csv,./dashboard_data/snapshots/202606/20260618_125735_daily_df.csv,schedule
20260618125735581842,2026-06-18 12:57:35,次月統計報表,20260618_125735_next_month_daily_df.csv,./dashboard_data/snapshots/202606/20260618_125735_next_month_daily_df.csv,schedule
20260618125735593263,2026-06-18 12:57:35,業績報表,20260618_125735_meta.json,./dashboard_data/snapshots/202606/20260618_125735_meta.json,schedule
20260618125735604826,2026-06-18 12:57:35,業績報表,20260618_125735_email_preview.html,./dashboard_data/snapshots/202606/20260618_125735_email_preview.html,schedule
20260618213915529697,2026-06-18 21:39:15,業績報表,df4.csv,./dashboard_data/latest/df4.csv,schedule
20260618213915543893,2026-06-18 21:39:15,業績報表,daily_df.csv,./dashboard_data/latest/daily_df.csv,schedule
20260618213915557431,2026-06-18 21:39:15,次月統計報表,next_month_daily_df.csv,./dashboard_data/latest/next_month_daily_df.csv,schedule
20260618213915569123,2026-06-18 21:39:15,業績報表,email_preview.html,./dashboard_data/latest/email_preview.html,schedule
20260618213915580838,2026-06-18 21:39:15,業績報表,meta.json,./dashboard_data/latest/meta.json,schedule
20260618213915592936,2026-06-18 21:39:15,業績報表,20260618_213915_df4.csv,./dashboard_data/snapshots/202606/20260618_213915_df4.csv,schedule
20260618213915606628,2026-06-18 21:39:15,業績報表,20260618_213915_daily_df.csv,./dashboard_data/snapshots/202606/20260618_213915_daily_df.csv,schedule
20260618213915619962,2026-06-18 21:39:15,次月統計報表,20260618_213915_next_month_daily_df.csv,./dashboard_data/snapshots/202606/20260618_213915_next_month_daily_df.csv,schedule
20260618213915631759,2026-06-18 21:39:15,業績報表,20260618_213915_meta.json,./dashboard_data/snapshots/202606/20260618_213915_meta.json,schedule
20260618213915643500,2026-06-18 21:39:15,業績報表,20260618_213915_email_preview.html,./dashboard_data/snapshots/202606/20260618_213915_email_preview.html,schedule
20260619023648857159,2026-06-19 02:36:48,業績報表,df4.csv,./dashboard_data/latest/df4.csv,schedule
20260619023648872165,2026-06-19 02:36:48,業績報表,daily_df.csv,./dashboard_data/latest/daily_df.csv,schedule
20260619023648886448,2026-06-19 02:36:48,次月統計報表,next_month_daily_df.csv,./dashboard_data/latest/next_month_daily_df.csv,schedule
20260619023648898518,2026-06-19 02:36:48,業績報表,email_preview.html,./dashboard_data/latest/email_preview.html,schedule
20260619023648910738,2026-06-19 02:36:48,業績報表,meta.json,./dashboard_data/latest/meta.json,schedule
20260619023648923257,2026-06-19 02:36:48,業績報表,20260619_023648_df4.csv,./dashboard_data/snapshots/202606/20260619_023648_df4.csv,schedule
20260619023648937672,2026-06-19 02:36:48,業績報表,20260619_023648_daily_df.csv,./dashboard_data/snapshots/202606/20260619_023648_daily_df.csv,schedule
20260619023648951534,2026-06-19 02:36:48,次月統計報表,20260619_023648_next_month_daily_df.csv,./dashboard_data/snapshots/202606/20260619_023648_next_month_daily_df.csv,schedule
20260619023648963625,2026-06-19 02:36:48,業績報表,20260619_023648_meta.json,./dashboard_data/snapshots/202606/20260619_023648_meta.json,schedule
20260619023648975830,2026-06-19 02:36:48,業績報表,20260619_023648_email_preview.html,./dashboard_data/snapshots/202606/20260619_023648_email_preview.html,schedule
20260619132001775992,2026-06-19 13:20:01,業績報表,df4.csv,./dashboard_data/latest/df4.csv,schedule
20260619132001791720,2026-06-19 13:20:01,業績報表,daily_df.csv,./dashboard_data/latest/daily_df.csv,schedule
20260619132001805757,2026-06-19 13:20:01,次月統計報表,next_month_daily_df.csv,./dashboard_data/latest/next_month_daily_df.csv,schedule
20260619132001818117,2026-06-19 13:20:01,業績報表,email_preview.html,./dashboard_data/latest/email_preview.html,schedule
20260619132001830238,2026-06-19 13:20:01,業績報表,meta.json,./dashboard_data/latest/meta.json,schedule
20260619132001843022,2026-06-19 13:20:01,業績報表,20260619_132001_df4.csv,./dashboard_data/snapshots/202606/20260619_132001_df4.csv,schedule
20260619132001857353,2026-06-19 13:20:01,業績報表,20260619_132001_daily_df.csv,./dashboard_data/snapshots/202606/20260619_132001_daily_df.csv,schedule
20260619132001871272,2026-06-19 13:20:01,次月統計報表,20260619_132001_next_month_daily_df.csv,./dashboard_data/snapshots/202606/20260619_132001_next_month_daily_df.csv,schedule
20260619132001883553,2026-06-19 13:20:01,業績報表,20260619_132001_meta.json,./dashboard_data/snapshots/202606/20260619_132001_meta.json,schedule
20260619132001896128,2026-06-19 13:20:01,業績報表,20260619_132001_email_preview.html,./dashboard_data/snapshots/202606/20260619_132001_email_preview.html,schedule
20260619214800215449,2026-06-19 21:48:00,業績報表,df4.csv,./dashboard_data/latest/df4.csv,schedule
20260619214800230687,2026-06-19 21:48:00,業績報表,daily_df.csv,./dashboard_data/latest/daily_df.csv,schedule
20260619214800244750,2026-06-19 21:48:00,次月統計報表,next_month_daily_df.csv,./dashboard_data/latest/next_month_daily_df.csv,schedule
20260619214800256670,2026-06-19 21:48:00,業績報表,email_preview.html,./dashboard_data/latest/email_preview.html,schedule
20260619214800268859,2026-06-19 21:48:00,業績報表,meta.json,./dashboard_data/latest/meta.json,schedule
20260619214800281576,2026-06-19 21:48:00,業績報表,20260619_214800_df4.csv,./dashboard_data/snapshots/202606/20260619_214800_df4.csv,schedule
20260619214800295830,2026-06-19 21:48:00,業績報表,20260619_214800_daily_df.csv,./dashboard_data/snapshots/202606/20260619_214800_daily_df.csv,schedule
20260619214800309748,2026-06-19 21:48:00,次月統計報表,20260619_214800_next_month_daily_df.csv,./dashboard_data/snapshots/202606/20260619_214800_next_month_daily_df.csv,schedule
20260619214800321775,2026-06-19 21:48:00,業績報表,20260619_214800_meta.json,./dashboard_data/snapshots/202606/20260619_214800_meta.json,schedule
20260619214800333928,2026-06-19 21:48:00,業績報表,20260619_214800_email_preview.html,./dashboard_data/snapshots/202606/20260619_214800_email_preview.html,schedule
20260620020802795095,2026-06-20 02:08:02,業績報表,df4.csv,./dashboard_data/latest/df4.csv,schedule
20260620020802811056,2026-06-20 02:08:02,業績報表,daily_df.csv,./dashboard_data/latest/daily_df.csv,schedule
20260620020802826405,2026-06-20 02:08:02,次月統計報表,next_month_daily_df.csv,./dashboard_data/latest/next_month_daily_df.csv,schedule
20260620020802839397,2026-06-20 02:08:02,業績報表,email_preview.html,./dashboard_data/latest/email_preview.html,schedule
20260620020802852789,2026-06-20 02:08:02,業績報表,meta.json,./dashboard_data/latest/meta.json,schedule
20260620020802866416,2026-06-20 02:08:02,業績報表,20260620_020802_df4.csv,./dashboard_data/snapshots/202606/20260620_020802_df4.csv,schedule
20260620020802881800,2026-06-20 02:08:02,業績報表,20260620_020802_daily_df.csv,./dashboard_data/snapshots/202606/20260620_020802_daily_df.csv,schedule
20260620020802896360,2026-06-20 02:08:02,次月統計報表,20260620_020802_next_month_daily_df.csv,./dashboard_data/snapshots/202606/20260620_020802_next_month_daily_df.csv,schedule
20260620020802909349,2026-06-20 02:08:02,業績報表,20260620_020802_meta.json,./dashboard_data/snapshots/202606/20260620_020802_meta.json,schedule
20260620020802922576,2026-06-20 02:08:02,業績報表,20260620_020802_email_preview.html,./dashboard_data/snapshots/202606/20260620_020802_email_preview.html,schedule
20260620123736230440,2026-06-20 12:37:36,業績報表,df4.csv,./dashboard_data/latest/df4.csv,schedule
20260620123736245343,2026-06-20 12:37:36,業績報表,daily_df.csv,./dashboard_data/latest/daily_df.csv,schedule
20260620123736259199,2026-06-20 12:37:36,次月統計報表,next_month_daily_df.csv,./dashboard_data/latest/next_month_daily_df.csv,schedule
20260620123736271327,2026-06-20 12:37:36,業績報表,email_preview.html,./dashboard_data/latest/email_preview.html,schedule
20260620123736283294,2026-06-20 12:37:36,業績報表,meta.json,./dashboard_data/latest/meta.json,schedule
20260620123736295733,2026-06-20 12:37:36,業績報表,20260620_123736_df4.csv,./dashboard_data/snapshots/202606/20260620_123736_df4.csv,schedule
20260620123736309799,2026-06-20 12:37:36,業績報表,20260620_123736_daily_df.csv,./dashboard_data/snapshots/202606/20260620_123736_daily_df.csv,schedule
20260620123736324006,2026-06-20 12:37:36,次月統計報表,20260620_123736_next_month_daily_df.csv,./dashboard_data/snapshots/202606/20260620_123736_next_month_daily_df.csv,schedule
20260620123736339946,2026-06-20 12:37:36,業績報表,20260620_123736_meta.json,./dashboard_data/snapshots/202606/20260620_123736_meta.json,schedule
20260620123736359628,2026-06-20 12:37:36,業績報表,20260620_123736_email_preview.html,./dashboard_data/snapshots/202606/20260620_123736_email_preview.html,schedule
20260620200710699739,2026-06-20 20:07:10,業績報表,df4.csv,./dashboard_data/latest/df4.csv,schedule
20260620200710714823,2026-06-20 20:07:10,業績報表,daily_df.csv,./dashboard_data/latest/daily_df.csv,schedule
20260620200710728850,2026-06-20 20:07:10,次月統計報表,next_month_daily_df.csv,./dashboard_data/latest/next_month_daily_df.csv,schedule
20260620200710740962,2026-06-20 20:07:10,業績報表,email_preview.html,./dashboard_data/latest/email_preview.html,schedule
20260620200710753055,2026-06-20 20:07:10,業績報表,meta.json,./dashboard_data/latest/meta.json,schedule
20260620200710765564,2026-06-20 20:07:10,業績報表,20260620_200710_df4.csv,./dashboard_data/snapshots/202606/20260620_200710_df4.csv,schedule
20260620200710779716,2026-06-20 20:07:10,業績報表,20260620_200710_daily_df.csv,./dashboard_data/snapshots/202606/20260620_200710_daily_df.csv,schedule
20260620200710793458,2026-06-20 20:07:10,次月統計報表,20260620_200710_next_month_daily_df.csv,./dashboard_data/snapshots/202606/20260620_200710_next_month_daily_df.csv,schedule
20260620200710805452,2026-06-20 20:07:10,業績報表,20260620_200710_meta.json,./dashboard_data/snapshots/202606/20260620_200710_meta.json,schedule
20260620200710817464,2026-06-20 20:07:10,業績報表,20260620_200710_email_preview.html,./dashboard_data/snapshots/202606/20260620_200710_email_preview.html,schedule
20260621014856465531,2026-06-21 01:48:56,業績報表,df4.csv,./dashboard_data/latest/df4.csv,schedule
20260621014856477963,2026-06-21 01:48:56,業績報表,daily_df.csv,./dashboard_data/latest/daily_df.csv,schedule
20260621014856489699,2026-06-21 01:48:56,次月統計報表,next_month_daily_df.csv,./dashboard_data/latest/next_month_daily_df.csv,schedule
20260621014856500016,2026-06-21 01:48:56,業績報表,email_preview.html,./dashboard_data/latest/email_preview.html,schedule
20260621014856510333,2026-06-21 01:48:56,業績報表,meta.json,./dashboard_data/latest/meta.json,schedule
20260621014856520654,2026-06-21 01:48:56,業績報表,20260621_014856_df4.csv,./dashboard_data/snapshots/202606/20260621_014856_df4.csv,schedule
20260621014856532449,2026-06-21 01:48:56,業績報表,20260621_014856_daily_df.csv,./dashboard_data/snapshots/202606/20260621_014856_daily_df.csv,schedule
20260621014856543933,2026-06-21 01:48:56,次月統計報表,20260621_014856_next_month_daily_df.csv,./dashboard_data/snapshots/202606/20260621_014856_next_month_daily_df.csv,schedule
20260621014856554059,2026-06-21 01:48:56,業績報表,20260621_014856_meta.json,./dashboard_data/snapshots/202606/20260621_014856_meta.json,schedule
20260621014856564818,2026-06-21 01:48:56,業績報表,20260621_014856_email_preview.html,./dashboard_data/snapshots/202606/20260621_014856_email_preview.html,schedule
20260621131419243465,2026-06-21 13:14:19,業績報表,df4.csv,./dashboard_data/latest/df4.csv,schedule
20260621131419259274,2026-06-21 13:14:19,業績報表,daily_df.csv,./dashboard_data/latest/daily_df.csv,schedule
20260621131419274431,2026-06-21 13:14:19,次月統計報表,next_month_daily_df.csv,./dashboard_data/latest/next_month_daily_df.csv,schedule
20260621131419287603,2026-06-21 13:14:19,業績報表,email_preview.html,./dashboard_data/latest/email_preview.html,schedule
20260621131419300857,2026-06-21 13:14:19,業績報表,meta.json,./dashboard_data/latest/meta.json,schedule
20260621131419314419,2026-06-21 13:14:19,業績報表,20260621_131419_df4.csv,./dashboard_data/snapshots/202606/20260621_131419_df4.csv,schedule
20260621131419329722,2026-06-21 13:14:19,業績報表,20260621_131419_daily_df.csv,./dashboard_data/snapshots/202606/20260621_131419_daily_df.csv,schedule
20260621131419344423,2026-06-21 13:14:19,次月統計報表,20260621_131419_next_month_daily_df.csv,./dashboard_data/snapshots/202606/20260621_131419_next_month_daily_df.csv,schedule
20260621131419357566,2026-06-21 13:14:19,業績報表,20260621_131419_meta.json,./dashboard_data/snapshots/202606/20260621_131419_meta.json,schedule
20260621131419370739,2026-06-21 13:14:19,業績報表,20260621_131419_email_preview.html,./dashboard_data/snapshots/202606/20260621_131419_email_preview.html,schedule
20260621201958462109,2026-06-21 20:19:58,業績報表,df4.csv,./dashboard_data/latest/df4.csv,schedule
20260621201958474963,2026-06-21 20:19:58,業績報表,daily_df.csv,./dashboard_data/latest/daily_df.csv,schedule
20260621201958487389,2026-06-21 20:19:58,次月統計報表,next_month_daily_df.csv,./dashboard_data/latest/next_month_daily_df.csv,schedule
20260621201958498334,2026-06-21 20:19:58,業績報表,email_preview.html,./dashboard_data/latest/email_preview.html,schedule
20260621201958509119,2026-06-21 20:19:58,業績報表,meta.json,./dashboard_data/latest/meta.json,schedule
20260621201958520344,2026-06-21 20:19:58,業績報表,20260621_201958_df4.csv,./dashboard_data/snapshots/202606/20260621_201958_df4.csv,schedule
20260621201958532799,2026-06-21 20:19:58,業績報表,20260621_201958_daily_df.csv,./dashboard_data/snapshots/202606/20260621_201958_daily_df.csv,schedule
20260621201958544693,2026-06-21 20:19:58,次月統計報表,20260621_201958_next_month_daily_df.csv,./dashboard_data/snapshots/202606/20260621_201958_next_month_daily_df.csv,schedule
20260621201958555422,2026-06-21 20:19:58,業績報表,20260621_201958_meta.json,./dashboard_data/snapshots/202606/20260621_201958_meta.json,schedule
20260621201958566331,2026-06-21 20:19:58,業績報表,20260621_201958_email_preview.html,./dashboard_data/snapshots/202606/20260621_201958_email_preview.html,schedule
20260622015300583826,2026-06-22 01:53:00,業績報表,df4.csv,./dashboard_data/latest/df4.csv,schedule
20260622015300598963,2026-06-22 01:53:00,業績報表,daily_df.csv,./dashboard_data/latest/daily_df.csv,schedule
20260622015300613639,2026-06-22 01:53:00,次月統計報表,next_month_daily_df.csv,./dashboard_data/latest/next_month_daily_df.csv,schedule
20260622015300626384,2026-06-22 01:53:00,業績報表,email_preview.html,./dashboard_data/latest/email_preview.html,schedule
20260622015300639276,2026-06-22 01:53:00,業績報表,meta.json,./dashboard_data/latest/meta.json,schedule
20260622015300652525,2026-06-22 01:53:00,業績報表,20260622_015300_df4.csv,./dashboard_data/snapshots/202606/20260622_015300_df4.csv,schedule
20260622015300667425,2026-06-22 01:53:00,業績報表,20260622_015300_daily_df.csv,./dashboard_data/snapshots/202606/20260622_015300_daily_df.csv,schedule
20260622015300681886,2026-06-22 01:53:00,次月統計報表,20260622_015300_next_month_daily_df.csv,./dashboard_data/snapshots/202606/20260622_015300_next_month_daily_df.csv,schedule
20260622015300694632,2026-06-22 01:53:00,業績報表,20260622_015300_meta.json,./dashboard_data/snapshots/202606/20260622_015300_meta.json,schedule
20260622015300708063,2026-06-22 01:53:00,業績報表,20260622_015300_email_preview.html,./dashboard_data/snapshots/202606/20260622_015300_email_preview.html,schedule
20260622132536274705,2026-06-22 13:25:36,業績報表,df4.csv,./dashboard_data/latest/df4.csv,schedule
20260622132536291111,2026-06-22 13:25:36,業績報表,daily_df.csv,./dashboard_data/latest/daily_df.csv,schedule
20260622132536306100,2026-06-22 13:25:36,次月統計報表,next_month_daily_df.csv,./dashboard_data/latest/next_month_daily_df.csv,schedule
20260622132536318648,2026-06-22 13:25:36,業績報表,email_preview.html,./dashboard_data/latest/email_preview.html,schedule
20260622132536331330,2026-06-22 13:25:36,業績報表,meta.json,./dashboard_data/latest/meta.json,schedule
20260622132536344485,2026-06-22 13:25:36,業績報表,20260622_132536_df4.csv,./dashboard_data/snapshots/202606/20260622_132536_df4.csv,schedule
20260622132536358819,2026-06-22 13:25:36,業績報表,20260622_132536_daily_df.csv,./dashboard_data/snapshots/202606/20260622_132536_daily_df.csv,schedule
20260622132536372738,2026-06-22 13:25:36,次月統計報表,20260622_132536_next_month_daily_df.csv,./dashboard_data/snapshots/202606/20260622_132536_next_month_daily_df.csv,schedule
20260622132536385452,2026-06-22 13:25:36,業績報表,20260622_132536_meta.json,./dashboard_data/snapshots/202606/20260622_132536_meta.json,schedule
20260622132536399561,2026-06-22 13:25:36,業績報表,20260622_132536_email_preview.html,./dashboard_data/snapshots/202606/20260622_132536_email_preview.html,schedule
20260622233218971367,2026-06-22 23:32:18,業績報表,df4.csv,./dashboard_data/latest/df4.csv,schedule
20260622233218987384,2026-06-22 23:32:18,業績報表,daily_df.csv,./dashboard_data/latest/daily_df.csv,schedule
20260622233219002473,2026-06-22 23:32:19,次月統計報表,next_month_daily_df.csv,./dashboard_data/latest/next_month_daily_df.csv,schedule
20260622233219015513,2026-06-22 23:32:19,業績報表,email_preview.html,./dashboard_data/latest/email_preview.html,schedule
20260622233219028569,2026-06-22 23:32:19,業績報表,meta.json,./dashboard_data/latest/meta.json,schedule
20260622233219042156,2026-06-22 23:32:19,業績報表,20260622_233218_df4.csv,./dashboard_data/snapshots/202606/20260622_233218_df4.csv,schedule
20260622233219057187,2026-06-22 23:32:19,業績報表,20260622_233218_daily_df.csv,./dashboard_data/snapshots/202606/20260622_233218_daily_df.csv,schedule
20260622233219071985,2026-06-22 23:32:19,次月統計報表,20260622_233218_next_month_daily_df.csv,./dashboard_data/snapshots/202606/20260622_233218_next_month_daily_df.csv,schedule
20260622233219085113,2026-06-22 23:32:19,業績報表,20260622_233218_meta.json,./dashboard_data/snapshots/202606/20260622_233218_meta.json,schedule
20260622233219098237,2026-06-22 23:32:19,業績報表,20260622_233218_email_preview.html,./dashboard_data/snapshots/202606/20260622_233218_email_preview.html,schedule
20260623034734528376,2026-06-23 03:47:34,業績報表,df4.csv,./dashboard_data/latest/df4.csv,schedule
20260623034734544087,2026-06-23 03:47:34,業績報表,daily_df.csv,./dashboard_data/latest/daily_df.csv,schedule
20260623034734559305,2026-06-23 03:47:34,次月統計報表,next_month_daily_df.csv,./dashboard_data/latest/next_month_daily_df.csv,schedule
20260623034734572397,2026-06-23 03:47:34,業績報表,email_preview.html,./dashboard_data/latest/email_preview.html,schedule
20260623034734585557,2026-06-23 03:47:34,業績報表,meta.json,./dashboard_data/latest/meta.json,schedule
20260623034734599089,2026-06-23 03:47:34,業績報表,20260623_034734_df4.csv,./dashboard_data/snapshots/202606/20260623_034734_df4.csv,schedule
20260623034734614334,2026-06-23 03:47:34,業績報表,20260623_034734_daily_df.csv,./dashboard_data/snapshots/202606/20260623_034734_daily_df.csv,schedule
20260623034734629174,2026-06-23 03:47:34,次月統計報表,20260623_034734_next_month_daily_df.csv,./dashboard_data/snapshots/202606/20260623_034734_next_month_daily_df.csv,schedule
20260623034734642141,2026-06-23 03:47:34,業績報表,20260623_034734_meta.json,./dashboard_data/snapshots/202606/20260623_034734_meta.json,schedule
20260623034734655217,2026-06-23 03:47:34,業績報表,20260623_034734_email_preview.html,./dashboard_data/snapshots/202606/20260623_034734_email_preview.html,schedule
20260623121727374959,2026-06-23 12:17:27,業績報表,df4.csv,./dashboard_data/latest/df4.csv,schedule
20260623121727390921,2026-06-23 12:17:27,業績報表,daily_df.csv,./dashboard_data/latest/daily_df.csv,schedule
20260623121727406437,2026-06-23 12:17:27,次月統計報表,next_month_daily_df.csv,./dashboard_data/latest/next_month_daily_df.csv,schedule
20260623121727419965,2026-06-23 12:17:27,業績報表,email_preview.html,./dashboard_data/latest/email_preview.html,schedule
20260623121727433569,2026-06-23 12:17:27,業績報表,meta.json,./dashboard_data/latest/meta.json,schedule
20260623121727447313,2026-06-23 12:17:27,業績報表,20260623_121727_df4.csv,./dashboard_data/snapshots/202606/20260623_121727_df4.csv,schedule
20260623121727463066,2026-06-23 12:17:27,業績報表,20260623_121727_daily_df.csv,./dashboard_data/snapshots/202606/20260623_121727_daily_df.csv,schedule
20260623121727478185,2026-06-23 12:17:27,次月統計報表,20260623_121727_next_month_daily_df.csv,./dashboard_data/snapshots/202606/20260623_121727_next_month_daily_df.csv,schedule
20260623121727491761,2026-06-23 12:17:27,業績報表,20260623_121727_meta.json,./dashboard_data/snapshots/202606/20260623_121727_meta.json,schedule
20260623121727505277,2026-06-23 12:17:27,業績報表,20260623_121727_email_preview.html,./dashboard_data/snapshots/202606/20260623_121727_email_preview.html,schedule
20260623204555680015,2026-06-23 20:45:55,業績報表,df4.csv,./dashboard_data/latest/df4.csv,schedule
20260623204555696184,2026-06-23 20:45:55,業績報表,daily_df.csv,./dashboard_data/latest/daily_df.csv,schedule
20260623204555712197,2026-06-23 20:45:55,次月統計報表,next_month_daily_df.csv,./dashboard_data/latest/next_month_daily_df.csv,schedule
20260623204555725924,2026-06-23 20:45:55,業績報表,email_preview.html,./dashboard_data/latest/email_preview.html,schedule
20260623204555739520,2026-06-23 20:45:55,業績報表,meta.json,./dashboard_data/latest/meta.json,schedule
20260623204555754054,2026-06-23 20:45:55,業績報表,20260623_204555_df4.csv,./dashboard_data/snapshots/202606/20260623_204555_df4.csv,schedule
20260623204555770507,2026-06-23 20:45:55,業績報表,20260623_204555_daily_df.csv,./dashboard_data/snapshots/202606/20260623_204555_daily_df.csv,schedule
20260623204555786456,2026-06-23 20:45:55,次月統計報表,20260623_204555_next_month_daily_df.csv,./dashboard_data/snapshots/202606/20260623_204555_next_month_daily_df.csv,schedule
20260623204555800319,2026-06-23 20:45:55,業績報表,20260623_204555_meta.json,./dashboard_data/snapshots/202606/20260623_204555_meta.json,schedule
20260623204555814069,2026-06-23 20:45:55,業績報表,20260623_204555_email_preview.html,./dashboard_data/snapshots/202606/20260623_204555_email_preview.html,schedule
20260624021512592709,2026-06-24 02:15:12,業績報表,df4.csv,./dashboard_data/latest/df4.csv,schedule
20260624021512617228,2026-06-24 02:15:12,業績報表,daily_df.csv,./dashboard_data/latest/daily_df.csv,schedule
20260624021512634532,2026-06-24 02:15:12,次月統計報表,next_month_daily_df.csv,./dashboard_data/latest/next_month_daily_df.csv,schedule
20260624021512649882,2026-06-24 02:15:12,業績報表,email_preview.html,./dashboard_data/latest/email_preview.html,schedule
20260624021512665695,2026-06-24 02:15:12,業績報表,meta.json,./dashboard_data/latest/meta.json,schedule
20260624021512721557,2026-06-24 02:15:12,業績報表,20260624_021512_df4.csv,./dashboard_data/snapshots/202606/20260624_021512_df4.csv,schedule
20260624021512739025,2026-06-24 02:15:12,業績報表,20260624_021512_daily_df.csv,./dashboard_data/snapshots/202606/20260624_021512_daily_df.csv,schedule
20260624021512781399,2026-06-24 02:15:12,次月統計報表,20260624_021512_next_month_daily_df.csv,./dashboard_data/snapshots/202606/20260624_021512_next_month_daily_df.csv,schedule
20260624021512823656,2026-06-24 02:15:12,業績報表,20260624_021512_meta.json,./dashboard_data/snapshots/202606/20260624_021512_meta.json,schedule
20260624021512837994,2026-06-24 02:15:12,業績報表,20260624_021512_email_preview.html,./dashboard_data/snapshots/202606/20260624_021512_email_preview.html,schedule
20260624122043533959,2026-06-24 12:20:43,業績報表,df4.csv,./dashboard_data/latest/df4.csv,schedule
20260624122043549893,2026-06-24 12:20:43,業績報表,daily_df.csv,./dashboard_data/latest/daily_df.csv,schedule
20260624122043564529,2026-06-24 12:20:43,次月統計報表,next_month_daily_df.csv,./dashboard_data/latest/next_month_daily_df.csv,schedule
20260624122043577363,2026-06-24 12:20:43,業績報表,email_preview.html,./dashboard_data/latest/email_preview.html,schedule
20260624122043590161,2026-06-24 12:20:43,業績報表,meta.json,./dashboard_data/latest/meta.json,schedule
20260624122043603575,2026-06-24 12:20:43,業績報表,20260624_122043_df4.csv,./dashboard_data/snapshots/202606/20260624_122043_df4.csv,schedule
20260624122043618639,2026-06-24 12:20:43,業績報表,20260624_122043_daily_df.csv,./dashboard_data/snapshots/202606/20260624_122043_daily_df.csv,schedule
20260624122043633087,2026-06-24 12:20:43,次月統計報表,20260624_122043_next_month_daily_df.csv,./dashboard_data/snapshots/202606/20260624_122043_next_month_daily_df.csv,schedule
20260624122043645601,2026-06-24 12:20:43,業績報表,20260624_122043_meta.json,./dashboard_data/snapshots/202606/20260624_122043_meta.json,schedule
20260624122043658301,2026-06-24 12:20:43,業績報表,20260624_122043_email_preview.html,./dashboard_data/snapshots/202606/20260624_122043_email_preview.html,schedule
20260624202834873899,2026-06-24 20:28:34,業績報表,df4.csv,./dashboard_data/latest/df4.csv,schedule
20260624202834890434,2026-06-24 20:28:34,業績報表,daily_df.csv,./dashboard_data/latest/daily_df.csv,schedule
20260624202834905678,2026-06-24 20:28:34,次月統計報表,next_month_daily_df.csv,./dashboard_data/latest/next_month_daily_df.csv,schedule
20260624202834918679,2026-06-24 20:28:34,業績報表,email_preview.html,./dashboard_data/latest/email_preview.html,schedule
20260624202834932071,2026-06-24 20:28:34,業績報表,meta.json,./dashboard_data/latest/meta.json,schedule
20260624202834945765,2026-06-24 20:28:34,業績報表,20260624_202834_df4.csv,./dashboard_data/snapshots/202606/20260624_202834_df4.csv,schedule
20260624202834961292,2026-06-24 20:28:34,業績報表,20260624_202834_daily_df.csv,./dashboard_data/snapshots/202606/20260624_202834_daily_df.csv,schedule
20260624202834976329,2026-06-24 20:28:34,次月統計報表,20260624_202834_next_month_daily_df.csv,./dashboard_data/snapshots/202606/20260624_202834_next_month_daily_df.csv,schedule
20260624202834989312,2026-06-24 20:28:34,業績報表,20260624_202834_meta.json,./dashboard_data/snapshots/202606/20260624_202834_meta.json,schedule
20260624202835003253,2026-06-24 20:28:35,業績報表,20260624_202834_email_preview.html,./dashboard_data/snapshots/202606/20260624_202834_email_preview.html,schedule
20260625020850168496,2026-06-25 02:08:50,業績報表,df4.csv,./dashboard_data/latest/df4.csv,schedule
20260625020850184523,2026-06-25 02:08:50,業績報表,daily_df.csv,./dashboard_data/latest/daily_df.csv,schedule
20260625020850199880,2026-06-25 02:08:50,次月統計報表,next_month_daily_df.csv,./dashboard_data/latest/next_month_daily_df.csv,schedule
20260625020850213259,2026-06-25 02:08:50,業績報表,email_preview.html,./dashboard_data/latest/email_preview.html,schedule
20260625020850226588,2026-06-25 02:08:50,業績報表,meta.json,./dashboard_data/latest/meta.json,schedule
20260625020850240801,2026-06-25 02:08:50,業績報表,20260625_020850_df4.csv,./dashboard_data/snapshots/202606/20260625_020850_df4.csv,schedule
20260625020850256674,2026-06-25 02:08:50,業績報表,20260625_020850_daily_df.csv,./dashboard_data/snapshots/202606/20260625_020850_daily_df.csv,schedule
20260625020850272306,2026-06-25 02:08:50,次月統計報表,20260625_020850_next_month_daily_df.csv,./dashboard_data/snapshots/202606/20260625_020850_next_month_daily_df.csv,schedule
20260625020850285520,2026-06-25 02:08:50,業績報表,20260625_020850_meta.json,./dashboard_data/snapshots/202606/20260625_020850_meta.json,schedule
20260625020850299465,2026-06-25 02:08:50,業績報表,20260625_020850_email_preview.html,./dashboard_data/snapshots/202606/20260625_020850_email_preview.html,schedule
20260625122017728543,2026-06-25 12:20:17,業績報表,df4.csv,./dashboard_data/latest/df4.csv,schedule
20260625122017741648,2026-06-25 12:20:17,業績報表,daily_df.csv,./dashboard_data/latest/daily_df.csv,schedule
20260625122017753856,2026-06-25 12:20:17,次月統計報表,next_month_daily_df.csv,./dashboard_data/latest/next_month_daily_df.csv,schedule
20260625122017764521,2026-06-25 12:20:17,業績報表,email_preview.html,./dashboard_data/latest/email_preview.html,schedule
20260625122017775193,2026-06-25 12:20:17,業績報表,meta.json,./dashboard_data/latest/meta.json,schedule
20260625122017785912,2026-06-25 12:20:17,業績報表,20260625_122017_df4.csv,./dashboard_data/snapshots/202606/20260625_122017_df4.csv,schedule
20260625122017798124,2026-06-25 12:20:17,業績報表,20260625_122017_daily_df.csv,./dashboard_data/snapshots/202606/20260625_122017_daily_df.csv,schedule
20260625122017810315,2026-06-25 12:20:17,次月統計報表,20260625_122017_next_month_daily_df.csv,./dashboard_data/snapshots/202606/20260625_122017_next_month_daily_df.csv,schedule
20260625122017820946,2026-06-25 12:20:17,業績報表,20260625_122017_meta.json,./dashboard_data/snapshots/202606/20260625_122017_meta.json,schedule
20260625122017831335,2026-06-25 12:20:17,業績報表,20260625_122017_email_preview.html,./dashboard_data/snapshots/202606/20260625_122017_email_preview.html,schedule
20260625203220854803,2026-06-25 20:32:20,業績報表,df4.csv,./dashboard_data/latest/df4.csv,schedule
20260625203220871434,2026-06-25 20:32:20,業績報表,daily_df.csv,./dashboard_data/latest/daily_df.csv,schedule
20260625203220887222,2026-06-25 20:32:20,次月統計報表,next_month_daily_df.csv,./dashboard_data/latest/next_month_daily_df.csv,schedule
20260625203220900928,2026-06-25 20:32:20,業績報表,email_preview.html,./dashboard_data/latest/email_preview.html,schedule
20260625203220914602,2026-06-25 20:32:20,業績報表,meta.json,./dashboard_data/latest/meta.json,schedule
20260625203220928696,2026-06-25 20:32:20,業績報表,20260625_203220_df4.csv,./dashboard_data/snapshots/202606/20260625_203220_df4.csv,schedule
20260625203220944478,2026-06-25 20:32:20,業績報表,20260625_203220_daily_df.csv,./dashboard_data/snapshots/202606/20260625_203220_daily_df.csv,schedule
20260625203220959672,2026-06-25 20:32:20,次月統計報表,20260625_203220_next_month_daily_df.csv,./dashboard_data/snapshots/202606/20260625_203220_next_month_daily_df.csv,schedule
20260625203220973028,2026-06-25 20:32:20,業績報表,20260625_203220_meta.json,./dashboard_data/snapshots/202606/20260625_203220_meta.json,schedule
20260625203220986615,2026-06-25 20:32:20,業績報表,20260625_203220_email_preview.html,./dashboard_data/snapshots/202606/20260625_203220_email_preview.html,schedule
20260626022638476597,2026-06-26 02:26:38,業績報表,df4.csv,./dashboard_data/latest/df4.csv,schedule
20260626022638492963,2026-06-26 02:26:38,業績報表,daily_df.csv,./dashboard_data/latest/daily_df.csv,schedule
20260626022638507853,2026-06-26 02:26:38,次月統計報表,next_month_daily_df.csv,./dashboard_data/latest/next_month_daily_df.csv,schedule
20260626022638520364,2026-06-26 02:26:38,業績報表,email_preview.html,./dashboard_data/latest/email_preview.html,schedule
20260626022638532804,2026-06-26 02:26:38,業績報表,meta.json,./dashboard_data/latest/meta.json,schedule
20260626022638545645,2026-06-26 02:26:38,業績報表,20260626_022638_df4.csv,./dashboard_data/snapshots/202606/20260626_022638_df4.csv,schedule
20260626022638560267,2026-06-26 02:26:38,業績報表,20260626_022638_daily_df.csv,./dashboard_data/snapshots/202606/20260626_022638_daily_df.csv,schedule
20260626022638574717,2026-06-26 02:26:38,次月統計報表,20260626_022638_next_month_daily_df.csv,./dashboard_data/snapshots/202606/20260626_022638_next_month_daily_df.csv,schedule
20260626022638587010,2026-06-26 02:26:38,業績報表,20260626_022638_meta.json,./dashboard_data/snapshots/202606/20260626_022638_meta.json,schedule
20260626022638599309,2026-06-26 02:26:38,業績報表,20260626_022638_email_preview.html,./dashboard_data/snapshots/202606/20260626_022638_email_preview.html,schedule
20260626123633449240,2026-06-26 12:36:33,業績報表,df4.csv,./dashboard_data/latest/df4.csv,schedule
20260626123633465976,2026-06-26 12:36:33,業績報表,daily_df.csv,./dashboard_data/latest/daily_df.csv,schedule
20260626123633481672,2026-06-26 12:36:33,次月統計報表,next_month_daily_df.csv,./dashboard_data/latest/next_month_daily_df.csv,schedule
20260626123633495473,2026-06-26 12:36:33,業績報表,email_preview.html,./dashboard_data/latest/email_preview.html,schedule
20260626123633509268,2026-06-26 12:36:33,業績報表,meta.json,./dashboard_data/latest/meta.json,schedule
20260626123633523071,2026-06-26 12:36:33,業績報表,20260626_123633_df4.csv,./dashboard_data/snapshots/202606/20260626_123633_df4.csv,schedule
20260626123633538665,2026-06-26 12:36:33,業績報表,20260626_123633_daily_df.csv,./dashboard_data/snapshots/202606/20260626_123633_daily_df.csv,schedule
20260626123633554158,2026-06-26 12:36:33,次月統計報表,20260626_123633_next_month_daily_df.csv,./dashboard_data/snapshots/202606/20260626_123633_next_month_daily_df.csv,schedule
20260626123633567781,2026-06-26 12:36:33,業績報表,20260626_123633_meta.json,./dashboard_data/snapshots/202606/20260626_123633_meta.json,schedule
20260626123633581448,2026-06-26 12:36:33,業績報表,20260626_123633_email_preview.html,./dashboard_data/snapshots/202606/20260626_123633_email_preview.html,schedule
20260626202439363160,2026-06-26 20:24:39,業績報表,df4.csv,./dashboard_data/latest/df4.csv,schedule
20260626202439379576,2026-06-26 20:24:39,業績報表,daily_df.csv,./dashboard_data/latest/daily_df.csv,schedule
20260626202439395561,2026-06-26 20:24:39,次月統計報表,next_month_daily_df.csv,./dashboard_data/latest/next_month_daily_df.csv,schedule
20260626202439409306,2026-06-26 20:24:39,業績報表,email_preview.html,./dashboard_data/latest/email_preview.html,schedule
20260626202439423365,2026-06-26 20:24:39,業績報表,meta.json,./dashboard_data/latest/meta.json,schedule
20260626202439437912,2026-06-26 20:24:39,業績報表,20260626_202439_df4.csv,./dashboard_data/snapshots/202606/20260626_202439_df4.csv,schedule
20260626202439453971,2026-06-26 20:24:39,業績報表,20260626_202439_daily_df.csv,./dashboard_data/snapshots/202606/20260626_202439_daily_df.csv,schedule
20260626202439469748,2026-06-26 20:24:39,次月統計報表,20260626_202439_next_month_daily_df.csv,./dashboard_data/snapshots/202606/20260626_202439_next_month_daily_df.csv,schedule
20260626202439483458,2026-06-26 20:24:39,業績報表,20260626_202439_meta.json,./dashboard_data/snapshots/202606/20260626_202439_meta.json,schedule
20260626202439497485,2026-06-26 20:24:39,業績報表,20260626_202439_email_preview.html,./dashboard_data/snapshots/202606/20260626_202439_email_preview.html,schedule
20260627020405459877,2026-06-27 02:04:05,業績報表,df4.csv,./dashboard_data/latest/df4.csv,schedule
20260627020405477908,2026-06-27 02:04:05,業績報表,daily_df.csv,./dashboard_data/latest/daily_df.csv,schedule
20260627020405495625,2026-06-27 02:04:05,次月統計報表,next_month_daily_df.csv,./dashboard_data/latest/next_month_daily_df.csv,schedule
20260627020405511307,2026-06-27 02:04:05,業績報表,email_preview.html,./dashboard_data/latest/email_preview.html,schedule
20260627020405526788,2026-06-27 02:04:05,業績報表,meta.json,./dashboard_data/latest/meta.json,schedule
20260627020405542822,2026-06-27 02:04:05,業績報表,20260627_020405_df4.csv,./dashboard_data/snapshots/202606/20260627_020405_df4.csv,schedule
20260627020405560259,2026-06-27 02:04:05,業績報表,20260627_020405_daily_df.csv,./dashboard_data/snapshots/202606/20260627_020405_daily_df.csv,schedule
20260627020405577155,2026-06-27 02:04:05,次月統計報表,20260627_020405_next_month_daily_df.csv,./dashboard_data/snapshots/202606/20260627_020405_next_month_daily_df.csv,schedule
20260627020405591710,2026-06-27 02:04:05,業績報表,20260627_020405_meta.json,./dashboard_data/snapshots/202606/20260627_020405_meta.json,schedule
20260627020405606859,2026-06-27 02:04:05,業績報表,20260627_020405_email_preview.html,./dashboard_data/snapshots/202606/20260627_020405_email_preview.html,schedule
20260627121306845074,2026-06-27 12:13:06,業績報表,df4.csv,./dashboard_data/latest/df4.csv,schedule
20260627121306861504,2026-06-27 12:13:06,業績報表,daily_df.csv,./dashboard_data/latest/daily_df.csv,schedule
20260627121306877519,2026-06-27 12:13:06,次月統計報表,next_month_daily_df.csv,./dashboard_data/latest/next_month_daily_df.csv,schedule
20260627121306891443,2026-06-27 12:13:06,業績報表,email_preview.html,./dashboard_data/latest/email_preview.html,schedule
20260627121306905313,2026-06-27 12:13:06,業績報表,meta.json,./dashboard_data/latest/meta.json,schedule
20260627121306919455,2026-06-27 12:13:06,業績報表,20260627_121306_df4.csv,./dashboard_data/snapshots/202606/20260627_121306_df4.csv,schedule
20260627121306935407,2026-06-27 12:13:06,業績報表,20260627_121306_daily_df.csv,./dashboard_data/snapshots/202606/20260627_121306_daily_df.csv,schedule
20260627121306951269,2026-06-27 12:13:06,次月統計報表,20260627_121306_next_month_daily_df.csv,./dashboard_data/snapshots/202606/20260627_121306_next_month_daily_df.csv,schedule
20260627121306964921,2026-06-27 12:13:06,業績報表,20260627_121306_meta.json,./dashboard_data/snapshots/202606/20260627_121306_meta.json,schedule
20260627121306978806,2026-06-27 12:13:06,業績報表,20260627_121306_email_preview.html,./dashboard_data/snapshots/202606/20260627_121306_email_preview.html,schedule
20260627194449148735,2026-06-27 19:44:49,業績報表,df4.csv,./dashboard_data/latest/df4.csv,schedule
20260627194449165205,2026-06-27 19:44:49,業績報表,daily_df.csv,./dashboard_data/latest/daily_df.csv,schedule
20260627194449180770,2026-06-27 19:44:49,次月統計報表,next_month_daily_df.csv,./dashboard_data/latest/next_month_daily_df.csv,schedule
20260627194449194034,2026-06-27 19:44:49,業績報表,email_preview.html,./dashboard_data/latest/email_preview.html,schedule
20260627194449207515,2026-06-27 19:44:49,業績報表,meta.json,./dashboard_data/latest/meta.json,schedule
20260627194449221480,2026-06-27 19:44:49,業績報表,20260627_194449_df4.csv,./dashboard_data/snapshots/202606/20260627_194449_df4.csv,schedule
20260627194449237276,2026-06-27 19:44:49,業績報表,20260627_194449_daily_df.csv,./dashboard_data/snapshots/202606/20260627_194449_daily_df.csv,schedule
20260627194449252465,2026-06-27 19:44:49,次月統計報表,20260627_194449_next_month_daily_df.csv,./dashboard_data/snapshots/202606/20260627_194449_next_month_daily_df.csv,schedule
20260627194449265546,2026-06-27 19:44:49,業績報表,20260627_194449_meta.json,./dashboard_data/snapshots/202606/20260627_194449_meta.json,schedule
20260627194449278700,2026-06-27 19:44:49,業績報表,20260627_194449_email_preview.html,./dashboard_data/snapshots/202606/20260627_194449_email_preview.html,schedule
20260628013112366700,2026-06-28 01:31:12,業績報表,df4.csv,./dashboard_data/latest/df4.csv,schedule
20260628013112383185,2026-06-28 01:31:12,業績報表,daily_df.csv,./dashboard_data/latest/daily_df.csv,schedule
20260628013112399114,2026-06-28 01:31:12,次月統計報表,next_month_daily_df.csv,./dashboard_data/latest/next_month_daily_df.csv,schedule
20260628013112413168,2026-06-28 01:31:12,業績報表,email_preview.html,./dashboard_data/latest/email_preview.html,schedule
20260628013112426942,2026-06-28 01:31:12,業績報表,meta.json,./dashboard_data/latest/meta.json,schedule
20260628013112440901,2026-06-28 01:31:12,業績報表,20260628_013112_df4.csv,./dashboard_data/snapshots/202606/20260628_013112_df4.csv,schedule
20260628013112456925,2026-06-28 01:31:12,業績報表,20260628_013112_daily_df.csv,./dashboard_data/snapshots/202606/20260628_013112_daily_df.csv,schedule
20260628013112472130,2026-06-28 01:31:12,次月統計報表,20260628_013112_next_month_daily_df.csv,./dashboard_data/snapshots/202606/20260628_013112_next_month_daily_df.csv,schedule
20260628013112485619,2026-06-28 01:31:12,業績報表,20260628_013112_meta.json,./dashboard_data/snapshots/202606/20260628_013112_meta.json,schedule
20260628013112499285,2026-06-28 01:31:12,業績報表,20260628_013112_email_preview.html,./dashboard_data/snapshots/202606/20260628_013112_email_preview.html,schedule
20260628124630150793,2026-06-28 12:46:30,業績報表,df4.csv,./dashboard_data/latest/df4.csv,schedule
20260628124630167345,2026-06-28 12:46:30,業績報表,daily_df.csv,./dashboard_data/latest/daily_df.csv,schedule
20260628124630182886,2026-06-28 12:46:30,次月統計報表,next_month_daily_df.csv,./dashboard_data/latest/next_month_daily_df.csv,schedule
20260628124630196279,2026-06-28 12:46:30,業績報表,email_preview.html,./dashboard_data/latest/email_preview.html,schedule
20260628124630209778,2026-06-28 12:46:30,業績報表,meta.json,./dashboard_data/latest/meta.json,schedule
20260628124630223940,2026-06-28 12:46:30,業績報表,20260628_124630_df4.csv,./dashboard_data/snapshots/202606/20260628_124630_df4.csv,schedule
20260628124630239703,2026-06-28 12:46:30,業績報表,20260628_124630_daily_df.csv,./dashboard_data/snapshots/202606/20260628_124630_daily_df.csv,schedule
20260628124630255394,2026-06-28 12:46:30,次月統計報表,20260628_124630_next_month_daily_df.csv,./dashboard_data/snapshots/202606/20260628_124630_next_month_daily_df.csv,schedule
20260628124630268824,2026-06-28 12:46:30,業績報表,20260628_124630_meta.json,./dashboard_data/snapshots/202606/20260628_124630_meta.json,schedule
20260628124630282567,2026-06-28 12:46:30,業績報表,20260628_124630_email_preview.html,./dashboard_data/snapshots/202606/20260628_124630_email_preview.html,schedule
20260628195722364494,2026-06-28 19:57:22,業績報表,df4.csv,./dashboard_data/latest/df4.csv,schedule
20260628195722381520,2026-06-28 19:57:22,業績報表,daily_df.csv,./dashboard_data/latest/daily_df.csv,schedule
20260628195722398145,2026-06-28 19:57:22,次月統計報表,next_month_daily_df.csv,./dashboard_data/latest/next_month_daily_df.csv,schedule
20260628195722412469,2026-06-28 19:57:22,業績報表,email_preview.html,./dashboard_data/latest/email_preview.html,schedule
20260628195722426568,2026-06-28 19:57:22,業績報表,meta.json,./dashboard_data/latest/meta.json,schedule
20260628195722441510,2026-06-28 19:57:22,業績報表,20260628_195722_df4.csv,./dashboard_data/snapshots/202606/20260628_195722_df4.csv,schedule
20260628195722458190,2026-06-28 19:57:22,業績報表,20260628_195722_daily_df.csv,./dashboard_data/snapshots/202606/20260628_195722_daily_df.csv,schedule
20260628195722474445,2026-06-28 19:57:22,次月統計報表,20260628_195722_next_month_daily_df.csv,./dashboard_data/snapshots/202606/20260628_195722_next_month_daily_df.csv,schedule
20260628195722488748,2026-06-28 19:57:22,業績報表,20260628_195722_meta.json,./dashboard_data/snapshots/202606/20260628_195722_meta.json,schedule
20260628195722503861,2026-06-28 19:57:22,業績報表,20260628_195722_email_preview.html,./dashboard_data/snapshots/202606/20260628_195722_email_preview.html,schedule
20260629013615945038,2026-06-29 01:36:15,業績報表,df4.csv,./dashboard_data/latest/df4.csv,schedule
20260629013615960795,2026-06-29 01:36:15,業績報表,daily_df.csv,./dashboard_data/latest/daily_df.csv,schedule
20260629013615975298,2026-06-29 01:36:15,次月統計報表,next_month_daily_df.csv,./dashboard_data/latest/next_month_daily_df.csv,schedule
20260629013615987719,2026-06-29 01:36:15,業績報表,email_preview.html,./dashboard_data/latest/email_preview.html,schedule
20260629013616000134,2026-06-29 01:36:16,業績報表,meta.json,./dashboard_data/latest/meta.json,schedule
20260629013616012948,2026-06-29 01:36:16,業績報表,20260629_013615_df4.csv,./dashboard_data/snapshots/202606/20260629_013615_df4.csv,schedule
20260629013616027666,2026-06-29 01:36:16,業績報表,20260629_013615_daily_df.csv,./dashboard_data/snapshots/202606/20260629_013615_daily_df.csv,schedule
20260629013616041849,2026-06-29 01:36:16,次月統計報表,20260629_013615_next_month_daily_df.csv,./dashboard_data/snapshots/202606/20260629_013615_next_month_daily_df.csv,schedule
20260629013616054111,2026-06-29 01:36:16,業績報表,20260629_013615_meta.json,./dashboard_data/snapshots/202606/20260629_013615_meta.json,schedule
20260629013616066612,2026-06-29 01:36:16,業績報表,20260629_013615_email_preview.html,./dashboard_data/snapshots/202606/20260629_013615_email_preview.html,schedule
20260629125610604604,2026-06-29 12:56:10,業績報表,df4.csv,./dashboard_data/latest/df4.csv,schedule
20260629125610621295,2026-06-29 12:56:10,業績報表,daily_df.csv,./dashboard_data/latest/daily_df.csv,schedule
20260629125610637195,2026-06-29 12:56:10,次月統計報表,next_month_daily_df.csv,./dashboard_data/latest/next_month_daily_df.csv,schedule
20260629125610650676,2026-06-29 12:56:10,業績報表,email_preview.html,./dashboard_data/latest/email_preview.html,schedule
20260629125610664505,2026-06-29 12:56:10,業績報表,meta.json,./dashboard_data/latest/meta.json,schedule
20260629125610678934,2026-06-29 12:56:10,業績報表,20260629_125610_df4.csv,./dashboard_data/snapshots/202606/20260629_125610_df4.csv,schedule
20260629125610694835,2026-06-29 12:56:10,業績報表,20260629_125610_daily_df.csv,./dashboard_data/snapshots/202606/20260629_125610_daily_df.csv,schedule
20260629125610710475,2026-06-29 12:56:10,次月統計報表,20260629_125610_next_month_daily_df.csv,./dashboard_data/snapshots/202606/20260629_125610_next_month_daily_df.csv,schedule
20260629125610723863,2026-06-29 12:56:10,業績報表,20260629_125610_meta.json,./dashboard_data/snapshots/202606/20260629_125610_meta.json,schedule
20260629125610737292,2026-06-29 12:56:10,業績報表,20260629_125610_email_preview.html,./dashboard_data/snapshots/202606/20260629_125610_email_preview.html,schedule
20260629221803860424,2026-06-29 22:18:03,業績報表,df4.csv,./dashboard_data/latest/df4.csv,schedule
20260629221803878029,2026-06-29 22:18:03,業績報表,daily_df.csv,./dashboard_data/latest/daily_df.csv,schedule
20260629221803895463,2026-06-29 22:18:03,次月統計報表,next_month_daily_df.csv,./dashboard_data/latest/next_month_daily_df.csv,schedule
20260629221803910341,2026-06-29 22:18:03,業績報表,email_preview.html,./dashboard_data/latest/email_preview.html,schedule
20260629221803925542,2026-06-29 22:18:03,業績報表,meta.json,./dashboard_data/latest/meta.json,schedule
20260629221803941051,2026-06-29 22:18:03,業績報表,20260629_221803_df4.csv,./dashboard_data/snapshots/202606/20260629_221803_df4.csv,schedule
20260629221803958460,2026-06-29 22:18:03,業績報表,20260629_221803_daily_df.csv,./dashboard_data/snapshots/202606/20260629_221803_daily_df.csv,schedule
20260629221803975189,2026-06-29 22:18:03,次月統計報表,20260629_221803_next_month_daily_df.csv,./dashboard_data/snapshots/202606/20260629_221803_next_month_daily_df.csv,schedule
20260629221803989811,2026-06-29 22:18:03,業績報表,20260629_221803_meta.json,./dashboard_data/snapshots/202606/20260629_221803_meta.json,schedule
20260629221804004572,2026-06-29 22:18:04,業績報表,20260629_221803_email_preview.html,./dashboard_data/snapshots/202606/20260629_221803_email_preview.html,schedule
20260630022356184754,2026-06-30 02:23:56,月底快照,month_end_summary.csv,./dashboard_data/daily_overview_history/month_end_summary.csv,schedule
20260630022356199737,2026-06-30 02:23:56,月底快照,20260630_month_end_summary.csv,./dashboard_data/snapshots/202606/20260630_month_end_summary.csv,schedule
20260630022356219081,2026-06-30 02:23:56,業績報表,df4.csv,./dashboard_data/latest/df4.csv,schedule
20260630022356234945,2026-06-30 02:23:56,業績報表,daily_df.csv,./dashboard_data/latest/daily_df.csv,schedule
20260630022356250484,2026-06-30 02:23:56,次月統計報表,next_month_daily_df.csv,./dashboard_data/latest/next_month_daily_df.csv,schedule
20260630022356264419,2026-06-30 02:23:56,月底快照,month_end_summary.csv,./dashboard_data/latest/month_end_summary.csv,schedule
20260630022356277764,2026-06-30 02:23:56,業績報表,email_preview.html,./dashboard_data/latest/email_preview.html,schedule
20260630022356291222,2026-06-30 02:23:56,業績報表,meta.json,./dashboard_data/latest/meta.json,schedule
20260630022356305053,2026-06-30 02:23:56,業績報表,20260630_022356_df4.csv,./dashboard_data/snapshots/202606/20260630_022356_df4.csv,schedule
20260630022356320837,2026-06-30 02:23:56,業績報表,20260630_022356_daily_df.csv,./dashboard_data/snapshots/202606/20260630_022356_daily_df.csv,schedule
20260630022356336254,2026-06-30 02:23:56,次月統計報表,20260630_022356_next_month_daily_df.csv,./dashboard_data/snapshots/202606/20260630_022356_next_month_daily_df.csv,schedule
20260630022356350243,2026-06-30 02:23:56,月底快照,20260630_022356_month_end_summary.csv,./dashboard_data/snapshots/202606/20260630_022356_month_end_summary.csv,schedule
20260630022356363719,2026-06-30 02:23:56,業績報表,20260630_022356_meta.json,./dashboard_data/snapshots/202606/20260630_022356_meta.json,schedule
20260630022356377106,2026-06-30 02:23:56,業績報表,20260630_022356_email_preview.html,./dashboard_data/snapshots/202606/20260630_022356_email_preview.html,schedule
20260630122135254551,2026-06-30 12:21:35,月底快照,month_end_summary.csv,./dashboard_data/daily_overview_history/month_end_summary.csv,schedule
20260630122135269804,2026-06-30 12:21:35,月底快照,20260630_month_end_summary.csv,./dashboard_data/snapshots/202606/20260630_month_end_summary.csv,schedule
20260630122135290336,2026-06-30 12:21:35,業績報表,df4.csv,./dashboard_data/latest/df4.csv,schedule
20260630122135307277,2026-06-30 12:21:35,業績報表,daily_df.csv,./dashboard_data/latest/daily_df.csv,schedule
20260630122135323703,2026-06-30 12:21:35,次月統計報表,next_month_daily_df.csv,./dashboard_data/latest/next_month_daily_df.csv,schedule
20260630122135338554,2026-06-30 12:21:35,月底快照,month_end_summary.csv,./dashboard_data/latest/month_end_summary.csv,schedule
20260630122135352774,2026-06-30 12:21:35,業績報表,email_preview.html,./dashboard_data/latest/email_preview.html,schedule
20260630122135367167,2026-06-30 12:21:35,業績報表,meta.json,./dashboard_data/latest/meta.json,schedule
20260630122135382002,2026-06-30 12:21:35,業績報表,20260630_122135_df4.csv,./dashboard_data/snapshots/202606/20260630_122135_df4.csv,schedule
20260630122135398721,2026-06-30 12:21:35,業績報表,20260630_122135_daily_df.csv,./dashboard_data/snapshots/202606/20260630_122135_daily_df.csv,schedule
20260630122135415570,2026-06-30 12:21:35,次月統計報表,20260630_122135_next_month_daily_df.csv,./dashboard_data/snapshots/202606/20260630_122135_next_month_daily_df.csv,schedule
20260630122135430837,2026-06-30 12:21:35,月底快照,20260630_122135_month_end_summary.csv,./dashboard_data/snapshots/202606/20260630_122135_month_end_summary.csv,schedule
20260630122135445122,2026-06-30 12:21:35,業績報表,20260630_122135_meta.json,./dashboard_data/snapshots/202606/20260630_122135_meta.json,schedule
20260630122135459752,2026-06-30 12:21:35,業績報表,20260630_122135_email_preview.html,./dashboard_data/snapshots/202606/20260630_122135_email_preview.html,schedule
20260630202232382434,2026-06-30 20:22:32,月底快照,month_end_summary.csv,./dashboard_data/daily_overview_history/month_end_summary.csv,schedule
20260630202232397784,2026-06-30 20:22:32,月底快照,20260630_month_end_summary.csv,./dashboard_data/snapshots/202606/20260630_month_end_summary.csv,schedule
20260630202232417587,2026-06-30 20:22:32,業績報表,df4.csv,./dashboard_data/latest/df4.csv,schedule
20260630202232433961,2026-06-30 20:22:32,業績報表,daily_df.csv,./dashboard_data/latest/daily_df.csv,schedule
20260630202232450295,2026-06-30 20:22:32,次月統計報表,next_month_daily_df.csv,./dashboard_data/latest/next_month_daily_df.csv,schedule
20260630202232465221,2026-06-30 20:22:32,月底快照,month_end_summary.csv,./dashboard_data/latest/month_end_summary.csv,schedule
20260630202232479279,2026-06-30 20:22:32,業績報表,email_preview.html,./dashboard_data/latest/email_preview.html,schedule
20260630202232493968,2026-06-30 20:22:32,業績報表,meta.json,./dashboard_data/latest/meta.json,schedule
20260630202232508122,2026-06-30 20:22:32,業績報表,20260630_202232_df4.csv,./dashboard_data/snapshots/202606/20260630_202232_df4.csv,schedule
20260630202232524521,2026-06-30 20:22:32,業績報表,20260630_202232_daily_df.csv,./dashboard_data/snapshots/202606/20260630_202232_daily_df.csv,schedule
20260630202232540471,2026-06-30 20:22:32,次月統計報表,20260630_202232_next_month_daily_df.csv,./dashboard_data/snapshots/202606/20260630_202232_next_month_daily_df.csv,schedule
20260630202232555261,2026-06-30 20:22:32,月底快照,20260630_202232_month_end_summary.csv,./dashboard_data/snapshots/202606/20260630_202232_month_end_summary.csv,schedule
20260630202232569384,2026-06-30 20:22:32,業績報表,20260630_202232_meta.json,./dashboard_data/snapshots/202606/20260630_202232_meta.json,schedule
20260630202232583110,2026-06-30 20:22:32,業績報表,20260630_202232_email_preview.html,./dashboard_data/snapshots/202606/20260630_202232_email_preview.html,schedule
20260701021533547463,2026-07-01 02:15:33,業績報表,df4.csv,./dashboard_data/latest/df4.csv,schedule
20260701021533557547,2026-07-01 02:15:33,業績報表,daily_df.csv,./dashboard_data/latest/daily_df.csv,schedule
20260701021533658999,2026-07-01 02:15:33,次月統計報表,next_month_daily_df.csv,./dashboard_data/latest/next_month_daily_df.csv,schedule
20260701021533667820,2026-07-01 02:15:33,業績報表,email_preview.html,./dashboard_data/latest/email_preview.html,schedule
20260701021533676546,2026-07-01 02:15:33,業績報表,meta.json,./dashboard_data/latest/meta.json,schedule
20260701021533685409,2026-07-01 02:15:33,業績報表,20260701_021533_df4.csv,./dashboard_data/snapshots/202607/20260701_021533_df4.csv,schedule
20260701021534021769,2026-07-01 02:15:34,業績報表,20260701_021533_daily_df.csv,./dashboard_data/snapshots/202607/20260701_021533_daily_df.csv,schedule
20260701021534031792,2026-07-01 02:15:34,次月統計報表,20260701_021533_next_month_daily_df.csv,./dashboard_data/snapshots/202607/20260701_021533_next_month_daily_df.csv,schedule
20260701021534040395,2026-07-01 02:15:34,業績報表,20260701_021533_meta.json,./dashboard_data/snapshots/202607/20260701_021533_meta.json,schedule
20260701021534048949,2026-07-01 02:15:34,業績報表,20260701_021533_email_preview.html,./dashboard_data/snapshots/202607/20260701_021533_email_preview.html,schedule
20260701124932873743,2026-07-01 12:49:32,業績報表,df4.csv,./dashboard_data/latest/df4.csv,schedule
20260701124932890839,2026-07-01 12:49:32,業績報表,daily_df.csv,./dashboard_data/latest/daily_df.csv,schedule
20260701124932907934,2026-07-01 12:49:32,次月統計報表,next_month_daily_df.csv,./dashboard_data/latest/next_month_daily_df.csv,schedule
20260701124932922464,2026-07-01 12:49:32,業績報表,email_preview.html,./dashboard_data/latest/email_preview.html,schedule
20260701124932937461,2026-07-01 12:49:32,業績報表,meta.json,./dashboard_data/latest/meta.json,schedule
20260701124932952941,2026-07-01 12:49:32,業績報表,20260701_124932_df4.csv,./dashboard_data/snapshots/202607/20260701_124932_df4.csv,schedule
20260701124932970292,2026-07-01 12:49:32,業績報表,20260701_124932_daily_df.csv,./dashboard_data/snapshots/202607/20260701_124932_daily_df.csv,schedule
20260701124932987050,2026-07-01 12:49:32,次月統計報表,20260701_124932_next_month_daily_df.csv,./dashboard_data/snapshots/202607/20260701_124932_next_month_daily_df.csv,schedule
20260701124933001862,2026-07-01 12:49:33,業績報表,20260701_124932_meta.json,./dashboard_data/snapshots/202607/20260701_124932_meta.json,schedule
20260701124933016462,2026-07-01 12:49:33,業績報表,20260701_124932_email_preview.html,./dashboard_data/snapshots/202607/20260701_124932_email_preview.html,schedule
20260701204509116207,2026-07-01 20:45:09,業績報表,df4.csv,./dashboard_data/latest/df4.csv,schedule
20260701204509133592,2026-07-01 20:45:09,業績報表,daily_df.csv,./dashboard_data/latest/daily_df.csv,schedule
20260701204509150274,2026-07-01 20:45:09,次月統計報表,next_month_daily_df.csv,./dashboard_data/latest/next_month_daily_df.csv,schedule
20260701204509164739,2026-07-01 20:45:09,業績報表,email_preview.html,./dashboard_data/latest/email_preview.html,schedule
20260701204509179247,2026-07-01 20:45:09,業績報表,meta.json,./dashboard_data/latest/meta.json,schedule
20260701204509194243,2026-07-01 20:45:09,業績報表,20260701_204509_df4.csv,./dashboard_data/snapshots/202607/20260701_204509_df4.csv,schedule
20260701204509211092,2026-07-01 20:45:09,業績報表,20260701_204509_daily_df.csv,./dashboard_data/snapshots/202607/20260701_204509_daily_df.csv,schedule
20260701204509227535,2026-07-01 20:45:09,次月統計報表,20260701_204509_next_month_daily_df.csv,./dashboard_data/snapshots/202607/20260701_204509_next_month_daily_df.csv,schedule
20260701204509241982,2026-07-01 20:45:09,業績報表,20260701_204509_meta.json,./dashboard_data/snapshots/202607/20260701_204509_meta.json,schedule
20260701204509256362,2026-07-01 20:45:09,業績報表,20260701_204509_email_preview.html,./dashboard_data/snapshots/202607/20260701_204509_email_preview.html,schedule
20260702021705726408,2026-07-02 02:17:05,業績報表,df4.csv,./dashboard_data/latest/df4.csv,schedule
20260702021705744237,2026-07-02 02:17:05,業績報表,daily_df.csv,./dashboard_data/latest/daily_df.csv,schedule
20260702021705761764,2026-07-02 02:17:05,次月統計報表,next_month_daily_df.csv,./dashboard_data/latest/next_month_daily_df.csv,schedule
20260702021705776577,2026-07-02 02:17:05,業績報表,email_preview.html,./dashboard_data/latest/email_preview.html,schedule
20260702021705791415,2026-07-02 02:17:05,業績報表,meta.json,./dashboard_data/latest/meta.json,schedule
20260702021705806988,2026-07-02 02:17:05,業績報表,20260702_021705_df4.csv,./dashboard_data/snapshots/202607/20260702_021705_df4.csv,schedule
20260702021705824532,2026-07-02 02:17:05,業績報表,20260702_021705_daily_df.csv,./dashboard_data/snapshots/202607/20260702_021705_daily_df.csv,schedule
20260702021705841706,2026-07-02 02:17:05,次月統計報表,20260702_021705_next_month_daily_df.csv,./dashboard_data/snapshots/202607/20260702_021705_next_month_daily_df.csv,schedule
20260702021705856571,2026-07-02 02:17:05,業績報表,20260702_021705_meta.json,./dashboard_data/snapshots/202607/20260702_021705_meta.json,schedule
20260702021705871794,2026-07-02 02:17:05,業績報表,20260702_021705_email_preview.html,./dashboard_data/snapshots/202607/20260702_021705_email_preview.html,schedule
20260702121718329154,2026-07-02 12:17:18,業績報表,df4.csv,./dashboard_data/latest/df4.csv,schedule
20260702121718348105,2026-07-02 12:17:18,業績報表,daily_df.csv,./dashboard_data/latest/daily_df.csv,schedule
20260702121718367504,2026-07-02 12:17:18,次月統計報表,next_month_daily_df.csv,./dashboard_data/latest/next_month_daily_df.csv,schedule
20260702121718384528,2026-07-02 12:17:18,業績報表,email_preview.html,./dashboard_data/latest/email_preview.html,schedule
20260702121718401383,2026-07-02 12:17:18,業績報表,meta.json,./dashboard_data/latest/meta.json,schedule
20260702121718419063,2026-07-02 12:17:18,業績報表,20260702_121718_df4.csv,./dashboard_data/snapshots/202607/20260702_121718_df4.csv,schedule
20260702121718438380,2026-07-02 12:17:18,業績報表,20260702_121718_daily_df.csv,./dashboard_data/snapshots/202607/20260702_121718_daily_df.csv,schedule
20260702121718457479,2026-07-02 12:17:18,次月統計報表,20260702_121718_next_month_daily_df.csv,./dashboard_data/snapshots/202607/20260702_121718_next_month_daily_df.csv,schedule
20260702121718474524,2026-07-02 12:17:18,業績報表,20260702_121718_meta.json,./dashboard_data/snapshots/202607/20260702_121718_meta.json,schedule
20260702121718492323,2026-07-02 12:17:18,業績報表,20260702_121718_email_preview.html,./dashboard_data/snapshots/202607/20260702_121718_email_preview.html,schedule
20260702202028058621,2026-07-02 20:20:28,業績報表,df4.csv,./dashboard_data/latest/df4.csv,schedule
20260702202028072005,2026-07-02 20:20:28,業績報表,daily_df.csv,./dashboard_data/latest/daily_df.csv,schedule
20260702202028085043,2026-07-02 20:20:28,次月統計報表,next_month_daily_df.csv,./dashboard_data/latest/next_month_daily_df.csv,schedule
20260702202028096247,2026-07-02 20:20:28,業績報表,email_preview.html,./dashboard_data/latest/email_preview.html,schedule
20260702202028107558,2026-07-02 20:20:28,業績報表,meta.json,./dashboard_data/latest/meta.json,schedule
20260702202028118904,2026-07-02 20:20:28,業績報表,20260702_202028_df4.csv,./dashboard_data/snapshots/202607/20260702_202028_df4.csv,schedule
20260702202028131960,2026-07-02 20:20:28,業績報表,20260702_202028_daily_df.csv,./dashboard_data/snapshots/202607/20260702_202028_daily_df.csv,schedule
20260702202028144557,2026-07-02 20:20:28,次月統計報表,20260702_202028_next_month_daily_df.csv,./dashboard_data/snapshots/202607/20260702_202028_next_month_daily_df.csv,schedule
20260702202028155640,2026-07-02 20:20:28,業績報表,20260702_202028_meta.json,./dashboard_data/snapshots/202607/20260702_202028_meta.json,schedule
20260702202028166509,2026-07-02 20:20:28,業績報表,20260702_202028_email_preview.html,./dashboard_data/snapshots/202607/20260702_202028_email_preview.html,schedule
20260703020231839950,2026-07-03 02:02:31,業績報表,df4.csv,./dashboard_data/latest/df4.csv,schedule
20260703020231857675,2026-07-03 02:02:31,業績報表,daily_df.csv,./dashboard_data/latest/daily_df.csv,schedule
20260703020231875136,2026-07-03 02:02:31,次月統計報表,next_month_daily_df.csv,./dashboard_data/latest/next_month_daily_df.csv,schedule
20260703020231890232,2026-07-03 02:02:31,業績報表,email_preview.html,./dashboard_data/latest/email_preview.html,schedule
20260703020231905134,2026-07-03 02:02:31,業績報表,meta.json,./dashboard_data/latest/meta.json,schedule
20260703020231921265,2026-07-03 02:02:31,業績報表,20260703_020231_df4.csv,./dashboard_data/snapshots/202607/20260703_020231_df4.csv,schedule
20260703020231939001,2026-07-03 02:02:31,業績報表,20260703_020231_daily_df.csv,./dashboard_data/snapshots/202607/20260703_020231_daily_df.csv,schedule
20260703020231955924,2026-07-03 02:02:31,次月統計報表,20260703_020231_next_month_daily_df.csv,./dashboard_data/snapshots/202607/20260703_020231_next_month_daily_df.csv,schedule
20260703020231971032,2026-07-03 02:02:31,業績報表,20260703_020231_meta.json,./dashboard_data/snapshots/202607/20260703_020231_meta.json,schedule
20260703020231987059,2026-07-03 02:02:31,業績報表,20260703_020231_email_preview.html,./dashboard_data/snapshots/202607/20260703_020231_email_preview.html,schedule
20260703120341578231,2026-07-03 12:03:41,業績報表,df4.csv,./dashboard_data/latest/df4.csv,schedule
20260703120341595932,2026-07-03 12:03:41,業績報表,daily_df.csv,./dashboard_data/latest/daily_df.csv,schedule
20260703120341613047,2026-07-03 12:03:41,次月統計報表,next_month_daily_df.csv,./dashboard_data/latest/next_month_daily_df.csv,schedule
20260703120341627465,2026-07-03 12:03:41,業績報表,email_preview.html,./dashboard_data/latest/email_preview.html,schedule
20260703120341641829,2026-07-03 12:03:41,業績報表,meta.json,./dashboard_data/latest/meta.json,schedule
20260703120341657071,2026-07-03 12:03:41,業績報表,20260703_120341_df4.csv,./dashboard_data/snapshots/202607/20260703_120341_df4.csv,schedule
20260703120341674345,2026-07-03 12:03:41,業績報表,20260703_120341_daily_df.csv,./dashboard_data/snapshots/202607/20260703_120341_daily_df.csv,schedule
20260703120341690799,2026-07-03 12:03:41,次月統計報表,20260703_120341_next_month_daily_df.csv,./dashboard_data/snapshots/202607/20260703_120341_next_month_daily_df.csv,schedule
20260703120341705437,2026-07-03 12:03:41,業績報表,20260703_120341_meta.json,./dashboard_data/snapshots/202607/20260703_120341_meta.json,schedule
20260703120341719970,2026-07-03 12:03:41,業績報表,20260703_120341_email_preview.html,./dashboard_data/snapshots/202607/20260703_120341_email_preview.html,schedule
20260703201923859098,2026-07-03 20:19:23,業績報表,df4.csv,./dashboard_data/latest/df4.csv,schedule
20260703201923876522,2026-07-03 20:19:23,業績報表,daily_df.csv,./dashboard_data/latest/daily_df.csv,schedule
20260703201923893597,2026-07-03 20:19:23,次月統計報表,next_month_daily_df.csv,./dashboard_data/latest/next_month_daily_df.csv,schedule
20260703201923908760,2026-07-03 20:19:23,業績報表,email_preview.html,./dashboard_data/latest/email_preview.html,schedule
20260703201923923781,2026-07-03 20:19:23,業績報表,meta.json,./dashboard_data/latest/meta.json,schedule
20260703201923939269,2026-07-03 20:19:23,業績報表,20260703_201923_df4.csv,./dashboard_data/snapshots/202607/20260703_201923_df4.csv,schedule
20260703201923956735,2026-07-03 20:19:23,業績報表,20260703_201923_daily_df.csv,./dashboard_data/snapshots/202607/20260703_201923_daily_df.csv,schedule
20260703201923973545,2026-07-03 20:19:23,次月統計報表,20260703_201923_next_month_daily_df.csv,./dashboard_data/snapshots/202607/20260703_201923_next_month_daily_df.csv,schedule
20260703201923988301,2026-07-03 20:19:23,業績報表,20260703_201923_meta.json,./dashboard_data/snapshots/202607/20260703_201923_meta.json,schedule
20260703201924003629,2026-07-03 20:19:24,業績報表,20260703_201923_email_preview.html,./dashboard_data/snapshots/202607/20260703_201923_email_preview.html,schedule
20260704014847097285,2026-07-04 01:48:47,業績報表,df4.csv,./dashboard_data/latest/df4.csv,schedule
20260704014847114638,2026-07-04 01:48:47,業績報表,daily_df.csv,./dashboard_data/latest/daily_df.csv,schedule
20260704014847131606,2026-07-04 01:48:47,次月統計報表,next_month_daily_df.csv,./dashboard_data/latest/next_month_daily_df.csv,schedule
20260704014847145758,2026-07-04 01:48:47,業績報表,email_preview.html,./dashboard_data/latest/email_preview.html,schedule
20260704014847160253,2026-07-04 01:48:47,業績報表,meta.json,./dashboard_data/latest/meta.json,schedule
20260704014847175214,2026-07-04 01:48:47,業績報表,20260704_014847_df4.csv,./dashboard_data/snapshots/202607/20260704_014847_df4.csv,schedule
20260704014847192178,2026-07-04 01:48:47,業績報表,20260704_014847_daily_df.csv,./dashboard_data/snapshots/202607/20260704_014847_daily_df.csv,schedule
20260704014847208681,2026-07-04 01:48:47,次月統計報表,20260704_014847_next_month_daily_df.csv,./dashboard_data/snapshots/202607/20260704_014847_next_month_daily_df.csv,schedule
20260704014847222661,2026-07-04 01:48:47,業績報表,20260704_014847_meta.json,./dashboard_data/snapshots/202607/20260704_014847_meta.json,schedule
20260704014847236748,2026-07-04 01:48:47,業績報表,20260704_014847_email_preview.html,./dashboard_data/snapshots/202607/20260704_014847_email_preview.html,schedule
20260704115708077038,2026-07-04 11:57:08,業績報表,df4.csv,./dashboard_data/latest/df4.csv,schedule
20260704115708087017,2026-07-04 11:57:08,業績報表,daily_df.csv,./dashboard_data/latest/daily_df.csv,schedule
20260704115708096674,2026-07-04 11:57:08,次月統計報表,next_month_daily_df.csv,./dashboard_data/latest/next_month_daily_df.csv,schedule
20260704115708105225,2026-07-04 11:57:08,業績報表,email_preview.html,./dashboard_data/latest/email_preview.html,schedule
20260704115708113857,2026-07-04 11:57:08,業績報表,meta.json,./dashboard_data/latest/meta.json,schedule
20260704115708122672,2026-07-04 11:57:08,業績報表,20260704_115708_df4.csv,./dashboard_data/snapshots/202607/20260704_115708_df4.csv,schedule
20260704115708132551,2026-07-04 11:57:08,業績報表,20260704_115708_daily_df.csv,./dashboard_data/snapshots/202607/20260704_115708_daily_df.csv,schedule
20260704115708142114,2026-07-04 11:57:08,次月統計報表,20260704_115708_next_month_daily_df.csv,./dashboard_data/snapshots/202607/20260704_115708_next_month_daily_df.csv,schedule
20260704115708150581,2026-07-04 11:57:08,業績報表,20260704_115708_meta.json,./dashboard_data/snapshots/202607/20260704_115708_meta.json,schedule
20260704115708176107,2026-07-04 11:57:08,業績報表,20260704_115708_email_preview.html,./dashboard_data/snapshots/202607/20260704_115708_email_preview.html,schedule
20260704194349914647,2026-07-04 19:43:49,業績報表,df4.csv,./dashboard_data/latest/df4.csv,schedule
20260704194349934534,2026-07-04 19:43:49,業績報表,daily_df.csv,./dashboard_data/latest/daily_df.csv,schedule
20260704194349953730,2026-07-04 19:43:49,次月統計報表,next_month_daily_df.csv,./dashboard_data/latest/next_month_daily_df.csv,schedule
20260704194349970346,2026-07-04 19:43:49,業績報表,email_preview.html,./dashboard_data/latest/email_preview.html,schedule
20260704194349987168,2026-07-04 19:43:49,業績報表,meta.json,./dashboard_data/latest/meta.json,schedule
20260704194350004705,2026-07-04 19:43:50,業績報表,20260704_194349_df4.csv,./dashboard_data/snapshots/202607/20260704_194349_df4.csv,schedule
20260704194350024375,2026-07-04 19:43:50,業績報表,20260704_194349_daily_df.csv,./dashboard_data/snapshots/202607/20260704_194349_daily_df.csv,schedule
20260704194350043309,2026-07-04 19:43:50,次月統計報表,20260704_194349_next_month_daily_df.csv,./dashboard_data/snapshots/202607/20260704_194349_next_month_daily_df.csv,schedule
20260704194350060025,2026-07-04 19:43:50,業績報表,20260704_194349_meta.json,./dashboard_data/snapshots/202607/20260704_194349_meta.json,schedule
20260704194350077473,2026-07-04 19:43:50,業績報表,20260704_194349_email_preview.html,./dashboard_data/snapshots/202607/20260704_194349_email_preview.html,schedule
20260705012012307156,2026-07-05 01:20:12,業績報表,df4.csv,./dashboard_data/latest/df4.csv,schedule
20260705012012324804,2026-07-05 01:20:12,業績報表,daily_df.csv,./dashboard_data/latest/daily_df.csv,schedule
20260705012012342156,2026-07-05 01:20:12,次月統計報表,next_month_daily_df.csv,./dashboard_data/latest/next_month_daily_df.csv,schedule
20260705012012357219,2026-07-05 01:20:12,業績報表,email_preview.html,./dashboard_data/latest/email_preview.html,schedule
20260705012012372386,2026-07-05 01:20:12,業績報表,meta.json,./dashboard_data/latest/meta.json,schedule
20260705012012387781,2026-07-05 01:20:12,業績報表,20260705_012012_df4.csv,./dashboard_data/snapshots/202607/20260705_012012_df4.csv,schedule
20260705012012405240,2026-07-05 01:20:12,業績報表,20260705_012012_daily_df.csv,./dashboard_data/snapshots/202607/20260705_012012_daily_df.csv,schedule
20260705012012422585,2026-07-05 01:20:12,次月統計報表,20260705_012012_next_month_daily_df.csv,./dashboard_data/snapshots/202607/20260705_012012_next_month_daily_df.csv,schedule
20260705012012437483,2026-07-05 01:20:12,業績報表,20260705_012012_meta.json,./dashboard_data/snapshots/202607/20260705_012012_meta.json,schedule
20260705012012452474,2026-07-05 01:20:12,業績報表,20260705_012012_email_preview.html,./dashboard_data/snapshots/202607/20260705_012012_email_preview.html,schedule
20260705121633521222,2026-07-05 12:16:33,業績報表,df4.csv,./dashboard_data/latest/df4.csv,schedule
20260705121633539639,2026-07-05 12:16:33,業績報表,daily_df.csv,./dashboard_data/latest/daily_df.csv,schedule
20260705121633557243,2026-07-05 12:16:33,次月統計報表,next_month_daily_df.csv,./dashboard_data/latest/next_month_daily_df.csv,schedule
20260705121633572257,2026-07-05 12:16:33,業績報表,email_preview.html,./dashboard_data/latest/email_preview.html,schedule
20260705121633587556,2026-07-05 12:16:33,業績報表,meta.json,./dashboard_data/latest/meta.json,schedule
20260705121633603003,2026-07-05 12:16:33,業績報表,20260705_121633_df4.csv,./dashboard_data/snapshots/202607/20260705_121633_df4.csv,schedule
20260705121633620481,2026-07-05 12:16:33,業績報表,20260705_121633_daily_df.csv,./dashboard_data/snapshots/202607/20260705_121633_daily_df.csv,schedule
20260705121633637671,2026-07-05 12:16:33,次月統計報表,20260705_121633_next_month_daily_df.csv,./dashboard_data/snapshots/202607/20260705_121633_next_month_daily_df.csv,schedule
20260705121633652650,2026-07-05 12:16:33,業績報表,20260705_121633_meta.json,./dashboard_data/snapshots/202607/20260705_121633_meta.json,schedule
20260705121633668465,2026-07-05 12:16:33,業績報表,20260705_121633_email_preview.html,./dashboard_data/snapshots/202607/20260705_121633_email_preview.html,schedule
20260705194646157683,2026-07-05 19:46:46,業績報表,df4.csv,./dashboard_data/latest/df4.csv,schedule
20260705194646174829,2026-07-05 19:46:46,業績報表,daily_df.csv,./dashboard_data/latest/daily_df.csv,schedule
20260705194646191705,2026-07-05 19:46:46,次月統計報表,next_month_daily_df.csv,./dashboard_data/latest/next_month_daily_df.csv,schedule
20260705194646206603,2026-07-05 19:46:46,業績報表,email_preview.html,./dashboard_data/latest/email_preview.html,schedule
20260705194646221373,2026-07-05 19:46:46,業績報表,meta.json,./dashboard_data/latest/meta.json,schedule
20260705194646236586,2026-07-05 19:46:46,業績報表,20260705_194646_df4.csv,./dashboard_data/snapshots/202607/20260705_194646_df4.csv,schedule
20260705194646253744,2026-07-05 19:46:46,業績報表,20260705_194646_daily_df.csv,./dashboard_data/snapshots/202607/20260705_194646_daily_df.csv,schedule
20260705194646270797,2026-07-05 19:46:46,次月統計報表,20260705_194646_next_month_daily_df.csv,./dashboard_data/snapshots/202607/20260705_194646_next_month_daily_df.csv,schedule
20260705194646285481,2026-07-05 19:46:46,業績報表,20260705_194646_meta.json,./dashboard_data/snapshots/202607/20260705_194646_meta.json,schedule
20260705194646300299,2026-07-05 19:46:46,業績報表,20260705_194646_email_preview.html,./dashboard_data/snapshots/202607/20260705_194646_email_preview.html,schedule
20260706013217036555,2026-07-06 01:32:17,業績報表,df4.csv,./dashboard_data/latest/df4.csv,schedule
20260706013217054005,2026-07-06 01:32:17,業績報表,daily_df.csv,./dashboard_data/latest/daily_df.csv,schedule
20260706013217071251,2026-07-06 01:32:17,次月統計報表,next_month_daily_df.csv,./dashboard_data/latest/next_month_daily_df.csv,schedule
20260706013217086283,2026-07-06 01:32:17,業績報表,email_preview.html,./dashboard_data/latest/email_preview.html,schedule
20260706013217101514,2026-07-06 01:32:17,業績報表,meta.json,./dashboard_data/latest/meta.json,schedule
20260706013217117100,2026-07-06 01:32:17,業績報表,20260706_013217_df4.csv,./dashboard_data/snapshots/202607/20260706_013217_df4.csv,schedule
20260706013217134723,2026-07-06 01:32:17,業績報表,20260706_013217_daily_df.csv,./dashboard_data/snapshots/202607/20260706_013217_daily_df.csv,schedule
20260706013217151848,2026-07-06 01:32:17,次月統計報表,20260706_013217_next_month_daily_df.csv,./dashboard_data/snapshots/202607/20260706_013217_next_month_daily_df.csv,schedule
20260706013217166795,2026-07-06 01:32:17,業績報表,20260706_013217_meta.json,./dashboard_data/snapshots/202607/20260706_013217_meta.json,schedule
20260706013217181801,2026-07-06 01:32:17,業績報表,20260706_013217_email_preview.html,./dashboard_data/snapshots/202607/20260706_013217_email_preview.html,schedule
20260706122429042400,2026-07-06 12:24:29,業績報表,df4.csv,./dashboard_data/latest/df4.csv,schedule
20260706122429056847,2026-07-06 12:24:29,業績報表,daily_df.csv,./dashboard_data/latest/daily_df.csv,schedule
20260706122429071118,2026-07-06 12:24:29,次月統計報表,next_month_daily_df.csv,./dashboard_data/latest/next_month_daily_df.csv,schedule
20260706122429083441,2026-07-06 12:24:29,業績報表,email_preview.html,./dashboard_data/latest/email_preview.html,schedule
20260706122429096025,2026-07-06 12:24:29,業績報表,meta.json,./dashboard_data/latest/meta.json,schedule
20260706122429109562,2026-07-06 12:24:29,業績報表,20260706_122429_df4.csv,./dashboard_data/snapshots/202607/20260706_122429_df4.csv,schedule
20260706122429124492,2026-07-06 12:24:29,業績報表,20260706_122429_daily_df.csv,./dashboard_data/snapshots/202607/20260706_122429_daily_df.csv,schedule
20260706122429138613,2026-07-06 12:24:29,次月統計報表,20260706_122429_next_month_daily_df.csv,./dashboard_data/snapshots/202607/20260706_122429_next_month_daily_df.csv,schedule
20260706122429150934,2026-07-06 12:24:29,業績報表,20260706_122429_meta.json,./dashboard_data/snapshots/202607/20260706_122429_meta.json,schedule
20260706122429170300,2026-07-06 12:24:29,業績報表,20260706_122429_email_preview.html,./dashboard_data/snapshots/202607/20260706_122429_email_preview.html,schedule
20260706220013078607,2026-07-06 22:00:13,業績報表,df4.csv,./dashboard_data/latest/df4.csv,schedule
20260706220013096899,2026-07-06 22:00:13,業績報表,daily_df.csv,./dashboard_data/latest/daily_df.csv,schedule
20260706220013114992,2026-07-06 22:00:13,次月統計報表,next_month_daily_df.csv,./dashboard_data/latest/next_month_daily_df.csv,schedule
20260706220013130245,2026-07-06 22:00:13,業績報表,email_preview.html,./dashboard_data/latest/email_preview.html,schedule
20260706220013145430,2026-07-06 22:00:13,業績報表,meta.json,./dashboard_data/latest/meta.json,schedule
20260706220013160596,2026-07-06 22:00:13,業績報表,20260706_220013_df4.csv,./dashboard_data/snapshots/202607/20260706_220013_df4.csv,schedule
20260706220013178151,2026-07-06 22:00:13,業績報表,20260706_220013_daily_df.csv,./dashboard_data/snapshots/202607/20260706_220013_daily_df.csv,schedule
20260706220013195023,2026-07-06 22:00:13,次月統計報表,20260706_220013_next_month_daily_df.csv,./dashboard_data/snapshots/202607/20260706_220013_next_month_daily_df.csv,schedule
20260706220013209894,2026-07-06 22:00:13,業績報表,20260706_220013_meta.json,./dashboard_data/snapshots/202607/20260706_220013_meta.json,schedule
20260706220013225570,2026-07-06 22:00:13,業績報表,20260706_220013_email_preview.html,./dashboard_data/snapshots/202607/20260706_220013_email_preview.html,schedule
20260707022047196539,2026-07-07 02:20:47,業績報表,df4.csv,./dashboard_data/latest/df4.csv,schedule
20260707022047214438,2026-07-07 02:20:47,業績報表,daily_df.csv,./dashboard_data/latest/daily_df.csv,schedule
20260707022047231618,2026-07-07 02:20:47,次月統計報表,next_month_daily_df.csv,./dashboard_data/latest/next_month_daily_df.csv,schedule
20260707022047246576,2026-07-07 02:20:47,業績報表,email_preview.html,./dashboard_data/latest/email_preview.html,schedule
20260707022047261583,2026-07-07 02:20:47,業績報表,meta.json,./dashboard_data/latest/meta.json,schedule
20260707022047276756,2026-07-07 02:20:47,業績報表,20260707_022047_df4.csv,./dashboard_data/snapshots/202607/20260707_022047_df4.csv,schedule
20260707022047293993,2026-07-07 02:20:47,業績報表,20260707_022047_daily_df.csv,./dashboard_data/snapshots/202607/20260707_022047_daily_df.csv,schedule
20260707022047310917,2026-07-07 02:20:47,次月統計報表,20260707_022047_next_month_daily_df.csv,./dashboard_data/snapshots/202607/20260707_022047_next_month_daily_df.csv,schedule
20260707022047325744,2026-07-07 02:20:47,業績報表,20260707_022047_meta.json,./dashboard_data/snapshots/202607/20260707_022047_meta.json,schedule
20260707022047340356,2026-07-07 02:20:47,業績報表,20260707_022047_email_preview.html,./dashboard_data/snapshots/202607/20260707_022047_email_preview.html,schedule
20260707121303924298,2026-07-07 12:13:03,業績報表,df4.csv,./dashboard_data/latest/df4.csv,schedule
20260707121303942223,2026-07-07 12:13:03,業績報表,daily_df.csv,./dashboard_data/latest/daily_df.csv,schedule
20260707121303959078,2026-07-07 12:13:03,次月統計報表,next_month_daily_df.csv,./dashboard_data/latest/next_month_daily_df.csv,schedule
20260707121303973884,2026-07-07 12:13:03,業績報表,email_preview.html,./dashboard_data/latest/email_preview.html,schedule
20260707121303988745,2026-07-07 12:13:03,業績報表,meta.json,./dashboard_data/latest/meta.json,schedule
20260707121304003948,2026-07-07 12:13:04,業績報表,20260707_121303_df4.csv,./dashboard_data/snapshots/202607/20260707_121303_df4.csv,schedule
20260707121304021179,2026-07-07 12:13:04,業績報表,20260707_121303_daily_df.csv,./dashboard_data/snapshots/202607/20260707_121303_daily_df.csv,schedule
20260707121304038241,2026-07-07 12:13:04,次月統計報表,20260707_121303_next_month_daily_df.csv,./dashboard_data/snapshots/202607/20260707_121303_next_month_daily_df.csv,schedule
20260707121304053006,2026-07-07 12:13:04,業績報表,20260707_121303_meta.json,./dashboard_data/snapshots/202607/20260707_121303_meta.json,schedule
20260707121304067691,2026-07-07 12:13:04,業績報表,20260707_121303_email_preview.html,./dashboard_data/snapshots/202607/20260707_121303_email_preview.html,schedule
20260707203725581342,2026-07-07 20:37:25,業績報表,df4.csv,./dashboard_data/latest/df4.csv,schedule
20260707203725599248,2026-07-07 20:37:25,業績報表,daily_df.csv,./dashboard_data/latest/daily_df.csv,schedule
20260707203725616722,2026-07-07 20:37:25,次月統計報表,next_month_daily_df.csv,./dashboard_data/latest/next_month_daily_df.csv,schedule
20260707203725631642,2026-07-07 20:37:25,業績報表,email_preview.html,./dashboard_data/latest/email_preview.html,schedule
20260707203725646788,2026-07-07 20:37:25,業績報表,meta.json,./dashboard_data/latest/meta.json,schedule
20260707203725662125,2026-07-07 20:37:25,業績報表,20260707_203725_df4.csv,./dashboard_data/snapshots/202607/20260707_203725_df4.csv,schedule
20260707203725679810,2026-07-07 20:37:25,業績報表,20260707_203725_daily_df.csv,./dashboard_data/snapshots/202607/20260707_203725_daily_df.csv,schedule
20260707203725696821,2026-07-07 20:37:25,次月統計報表,20260707_203725_next_month_daily_df.csv,./dashboard_data/snapshots/202607/20260707_203725_next_month_daily_df.csv,schedule
20260707203725711948,2026-07-07 20:37:25,業績報表,20260707_203725_meta.json,./dashboard_data/snapshots/202607/20260707_203725_meta.json,schedule
20260707203725726732,2026-07-07 20:37:25,業績報表,20260707_203725_email_preview.html,./dashboard_data/snapshots/202607/20260707_203725_email_preview.html,schedule
20260708022045394894,2026-07-08 02:20:45,業績報表,df4.csv,./dashboard_data/latest/df4.csv,schedule
20260708022045415138,2026-07-08 02:20:45,業績報表,daily_df.csv,./dashboard_data/latest/daily_df.csv,schedule
20260708022045434447,2026-07-08 02:20:45,次月統計報表,next_month_daily_df.csv,./dashboard_data/latest/next_month_daily_df.csv,schedule
20260708022045450891,2026-07-08 02:20:45,業績報表,email_preview.html,./dashboard_data/latest/email_preview.html,schedule
20260708022045467748,2026-07-08 02:20:45,業績報表,meta.json,./dashboard_data/latest/meta.json,schedule
20260708022045485367,2026-07-08 02:20:45,業績報表,20260708_022045_df4.csv,./dashboard_data/snapshots/202607/20260708_022045_df4.csv,schedule
20260708022045505235,2026-07-08 02:20:45,業績報表,20260708_022045_daily_df.csv,./dashboard_data/snapshots/202607/20260708_022045_daily_df.csv,schedule
20260708022045524321,2026-07-08 02:20:45,次月統計報表,20260708_022045_next_month_daily_df.csv,./dashboard_data/snapshots/202607/20260708_022045_next_month_daily_df.csv,schedule
20260708022045541156,2026-07-08 02:20:45,業績報表,20260708_022045_meta.json,./dashboard_data/snapshots/202607/20260708_022045_meta.json,schedule
20260708022045558211,2026-07-08 02:20:45,業績報表,20260708_022045_email_preview.html,./dashboard_data/snapshots/202607/20260708_022045_email_preview.html,schedule
20260708113833190611,2026-07-08 11:38:33,業績報表,df4.csv,./dashboard_data/latest/df4.csv,schedule
20260708113833213927,2026-07-08 11:38:33,業績報表,daily_df.csv,./dashboard_data/latest/daily_df.csv,schedule
20260708113833231348,2026-07-08 11:38:33,次月統計報表,next_month_daily_df.csv,./dashboard_data/latest/next_month_daily_df.csv,schedule
20260708113833246072,2026-07-08 11:38:33,業績報表,email_preview.html,./dashboard_data/latest/email_preview.html,schedule
20260708113833261283,2026-07-08 11:38:33,業績報表,meta.json,./dashboard_data/latest/meta.json,schedule
20260708113833276308,2026-07-08 11:38:33,業績報表,20260708_113833_df4.csv,./dashboard_data/snapshots/202607/20260708_113833_df4.csv,schedule
20260708113833293307,2026-07-08 11:38:33,業績報表,20260708_113833_daily_df.csv,./dashboard_data/snapshots/202607/20260708_113833_daily_df.csv,schedule
20260708113833309812,2026-07-08 11:38:33,次月統計報表,20260708_113833_next_month_daily_df.csv,./dashboard_data/snapshots/202607/20260708_113833_next_month_daily_df.csv,schedule
20260708113833324565,2026-07-08 11:38:33,業績報表,20260708_113833_meta.json,./dashboard_data/snapshots/202607/20260708_113833_meta.json,schedule
20260708113833339033,2026-07-08 11:38:33,業績報表,20260708_113833_email_preview.html,./dashboard_data/snapshots/202607/20260708_113833_email_preview.html,schedule
20260708195540480204,2026-07-08 19:55:40,業績報表,df4.csv,./dashboard_data/latest/df4.csv,schedule
20260708195540498317,2026-07-08 19:55:40,業績報表,daily_df.csv,./dashboard_data/latest/daily_df.csv,schedule
20260708195540515399,2026-07-08 19:55:40,次月統計報表,next_month_daily_df.csv,./dashboard_data/latest/next_month_daily_df.csv,schedule
20260708195540530133,2026-07-08 19:55:40,業績報表,email_preview.html,./dashboard_data/latest/email_preview.html,schedule
20260708195540544974,2026-07-08 19:55:40,業績報表,meta.json,./dashboard_data/latest/meta.json,schedule
20260708195540560243,2026-07-08 19:55:40,業績報表,20260708_195540_df4.csv,./dashboard_data/snapshots/202607/20260708_195540_df4.csv,schedule
20260708195540577541,2026-07-08 19:55:40,業績報表,20260708_195540_daily_df.csv,./dashboard_data/snapshots/202607/20260708_195540_daily_df.csv,schedule
20260708195540594413,2026-07-08 19:55:40,次月統計報表,20260708_195540_next_month_daily_df.csv,./dashboard_data/snapshots/202607/20260708_195540_next_month_daily_df.csv,schedule
20260708195540609111,2026-07-08 19:55:40,業績報表,20260708_195540_meta.json,./dashboard_data/snapshots/202607/20260708_195540_meta.json,schedule
20260708195540624458,2026-07-08 19:55:40,業績報表,20260708_195540_email_preview.html,./dashboard_data/snapshots/202607/20260708_195540_email_preview.html,schedule
20260709015231173502,2026-07-09 01:52:31,業績報表,df4.csv,./dashboard_data/latest/df4.csv,schedule
20260709015231192227,2026-07-09 01:52:31,業績報表,daily_df.csv,./dashboard_data/latest/daily_df.csv,schedule
20260709015231210378,2026-07-09 01:52:31,次月統計報表,next_month_daily_df.csv,./dashboard_data/latest/next_month_daily_df.csv,schedule
20260709015231226206,2026-07-09 01:52:31,業績報表,email_preview.html,./dashboard_data/latest/email_preview.html,schedule
20260709015231241890,2026-07-09 01:52:31,業績報表,meta.json,./dashboard_data/latest/meta.json,schedule
20260709015231258231,2026-07-09 01:52:31,業績報表,20260709_015231_df4.csv,./dashboard_data/snapshots/202607/20260709_015231_df4.csv,schedule
20260709015231276877,2026-07-09 01:52:31,業績報表,20260709_015231_daily_df.csv,./dashboard_data/snapshots/202607/20260709_015231_daily_df.csv,schedule
20260709015231294627,2026-07-09 01:52:31,次月統計報表,20260709_015231_next_month_daily_df.csv,./dashboard_data/snapshots/202607/20260709_015231_next_month_daily_df.csv,schedule
20260709015231310504,2026-07-09 01:52:31,業績報表,20260709_015231_meta.json,./dashboard_data/snapshots/202607/20260709_015231_meta.json,schedule
20260709015231326197,2026-07-09 01:52:31,業績報表,20260709_015231_email_preview.html,./dashboard_data/snapshots/202607/20260709_015231_email_preview.html,schedule
20260709120851167863,2026-07-09 12:08:51,業績報表,df4.csv,./dashboard_data/latest/df4.csv,schedule
20260709120851186807,2026-07-09 12:08:51,業績報表,daily_df.csv,./dashboard_data/latest/daily_df.csv,schedule
20260709120851205139,2026-07-09 12:08:51,次月統計報表,next_month_daily_df.csv,./dashboard_data/latest/next_month_daily_df.csv,schedule
20260709120851221328,2026-07-09 12:08:51,業績報表,email_preview.html,./dashboard_data/latest/email_preview.html,schedule
20260709120851237254,2026-07-09 12:08:51,業績報表,meta.json,./dashboard_data/latest/meta.json,schedule
20260709120851254257,2026-07-09 12:08:51,業績報表,20260709_120851_df4.csv,./dashboard_data/snapshots/202607/20260709_120851_df4.csv,schedule
20260709120851273301,2026-07-09 12:08:51,業績報表,20260709_120851_daily_df.csv,./dashboard_data/snapshots/202607/20260709_120851_daily_df.csv,schedule
20260709120851291823,2026-07-09 12:08:51,次月統計報表,20260709_120851_next_month_daily_df.csv,./dashboard_data/snapshots/202607/20260709_120851_next_month_daily_df.csv,schedule
20260709120851307981,2026-07-09 12:08:51,業績報表,20260709_120851_meta.json,./dashboard_data/snapshots/202607/20260709_120851_meta.json,schedule
20260709120851324519,2026-07-09 12:08:51,業績報表,20260709_120851_email_preview.html,./dashboard_data/snapshots/202607/20260709_120851_email_preview.html,schedule
20260710021036155775,2026-07-10 02:10:36,業績報表,df4.csv,./dashboard_data/latest/df4.csv,schedule
20260710021036173897,2026-07-10 02:10:36,業績報表,daily_df.csv,./dashboard_data/latest/daily_df.csv,schedule
20260710021036191157,2026-07-10 02:10:36,次月統計報表,next_month_daily_df.csv,./dashboard_data/latest/next_month_daily_df.csv,schedule
20260710021036206067,2026-07-10 02:10:36,業績報表,email_preview.html,./dashboard_data/latest/email_preview.html,schedule
20260710021036221042,2026-07-10 02:10:36,業績報表,meta.json,./dashboard_data/latest/meta.json,schedule
20260710021036236455,2026-07-10 02:10:36,業績報表,20260710_021036_df4.csv,./dashboard_data/snapshots/202607/20260710_021036_df4.csv,schedule
20260710021036253876,2026-07-10 02:10:36,業績報表,20260710_021036_daily_df.csv,./dashboard_data/snapshots/202607/20260710_021036_daily_df.csv,schedule
20260710021036271085,2026-07-10 02:10:36,次月統計報表,20260710_021036_next_month_daily_df.csv,./dashboard_data/snapshots/202607/20260710_021036_next_month_daily_df.csv,schedule
20260710021036288577,2026-07-10 02:10:36,業績報表,20260710_021036_meta.json,./dashboard_data/snapshots/202607/20260710_021036_meta.json,schedule
20260710021036303290,2026-07-10 02:10:36,業績報表,20260710_021036_email_preview.html,./dashboard_data/snapshots/202607/20260710_021036_email_preview.html,schedule
20260710120824960129,2026-07-10 12:08:24,業績報表,df4.csv,./dashboard_data/latest/df4.csv,schedule
20260710120824979091,2026-07-10 12:08:24,業績報表,daily_df.csv,./dashboard_data/latest/daily_df.csv,schedule
20260710120824997202,2026-07-10 12:08:24,次月統計報表,next_month_daily_df.csv,./dashboard_data/latest/next_month_daily_df.csv,schedule
20260710120825012950,2026-07-10 12:08:25,業績報表,email_preview.html,./dashboard_data/latest/email_preview.html,schedule
20260710120825028607,2026-07-10 12:08:25,業績報表,meta.json,./dashboard_data/latest/meta.json,schedule
20260710120825045063,2026-07-10 12:08:25,業績報表,20260710_120824_df4.csv,./dashboard_data/snapshots/202607/20260710_120824_df4.csv,schedule
20260710120825063310,2026-07-10 12:08:25,業績報表,20260710_120824_daily_df.csv,./dashboard_data/snapshots/202607/20260710_120824_daily_df.csv,schedule
20260710120825080952,2026-07-10 12:08:25,次月統計報表,20260710_120824_next_month_daily_df.csv,./dashboard_data/snapshots/202607/20260710_120824_next_month_daily_df.csv,schedule
20260710120825096551,2026-07-10 12:08:25,業績報表,20260710_120824_meta.json,./dashboard_data/snapshots/202607/20260710_120824_meta.json,schedule
20260710120825111669,2026-07-10 12:08:25,業績報表,20260710_120824_email_preview.html,./dashboard_data/snapshots/202607/20260710_120824_email_preview.html,schedule
20260710203515658871,2026-07-10 20:35:15,業績報表,df4.csv,./dashboard_data/latest/df4.csv,schedule
20260710203515679249,2026-07-10 20:35:15,業績報表,daily_df.csv,./dashboard_data/latest/daily_df.csv,schedule
20260710203515698495,2026-07-10 20:35:15,次月統計報表,next_month_daily_df.csv,./dashboard_data/latest/next_month_daily_df.csv,schedule
20260710203515715321,2026-07-10 20:35:15,業績報表,email_preview.html,./dashboard_data/latest/email_preview.html,schedule
20260710203515732380,2026-07-10 20:35:15,業績報表,meta.json,./dashboard_data/latest/meta.json,schedule
20260710203515749928,2026-07-10 20:35:15,業績報表,20260710_203515_df4.csv,./dashboard_data/snapshots/202607/20260710_203515_df4.csv,schedule
20260710203515769747,2026-07-10 20:35:15,業績報表,20260710_203515_daily_df.csv,./dashboard_data/snapshots/202607/20260710_203515_daily_df.csv,schedule
20260710203515788767,2026-07-10 20:35:15,次月統計報表,20260710_203515_next_month_daily_df.csv,./dashboard_data/snapshots/202607/20260710_203515_next_month_daily_df.csv,schedule
20260710203515804987,2026-07-10 20:35:15,業績報表,20260710_203515_meta.json,./dashboard_data/snapshots/202607/20260710_203515_meta.json,schedule
20260710203515820985,2026-07-10 20:35:15,業績報表,20260710_203515_email_preview.html,./dashboard_data/snapshots/202607/20260710_203515_email_preview.html,schedule
20260711020210473417,2026-07-11 02:02:10,業績報表,df4.csv,./dashboard_data/latest/df4.csv,schedule
20260711020210490141,2026-07-11 02:02:10,業績報表,daily_df.csv,./dashboard_data/latest/daily_df.csv,schedule
20260711020210505536,2026-07-11 02:02:10,次月統計報表,next_month_daily_df.csv,./dashboard_data/latest/next_month_daily_df.csv,schedule
20260711020210519035,2026-07-11 02:02:10,業績報表,email_preview.html,./dashboard_data/latest/email_preview.html,schedule
20260711020210539583,2026-07-11 02:02:10,業績報表,meta.json,./dashboard_data/latest/meta.json,schedule
20260711020210553369,2026-07-11 02:02:10,業績報表,20260711_020210_df4.csv,./dashboard_data/snapshots/202607/20260711_020210_df4.csv,schedule
20260711020210569031,2026-07-11 02:02:10,業績報表,20260711_020210_daily_df.csv,./dashboard_data/snapshots/202607/20260711_020210_daily_df.csv,schedule
20260711020210584160,2026-07-11 02:02:10,次月統計報表,20260711_020210_next_month_daily_df.csv,./dashboard_data/snapshots/202607/20260711_020210_next_month_daily_df.csv,schedule
20260711020210648847,2026-07-11 02:02:10,業績報表,20260711_020210_meta.json,./dashboard_data/snapshots/202607/20260711_020210_meta.json,schedule
20260711020210662852,2026-07-11 02:02:10,業績報表,20260711_020210_email_preview.html,./dashboard_data/snapshots/202607/20260711_020210_email_preview.html,schedule
20260711113547169638,2026-07-11 11:35:47,業績報表,df4.csv,./dashboard_data/latest/df4.csv,schedule
20260711113547189681,2026-07-11 11:35:47,業績報表,daily_df.csv,./dashboard_data/latest/daily_df.csv,schedule
20260711113547208827,2026-07-11 11:35:47,次月統計報表,next_month_daily_df.csv,./dashboard_data/latest/next_month_daily_df.csv,schedule
20260711113547228568,2026-07-11 11:35:47,業績報表,email_preview.html,./dashboard_data/latest/email_preview.html,schedule
20260711113547246296,2026-07-11 11:35:47,業績報表,meta.json,./dashboard_data/latest/meta.json,schedule
20260711113547263752,2026-07-11 11:35:47,業績報表,20260711_113547_df4.csv,./dashboard_data/snapshots/202607/20260711_113547_df4.csv,schedule
20260711113547283565,2026-07-11 11:35:47,業績報表,20260711_113547_daily_df.csv,./dashboard_data/snapshots/202607/20260711_113547_daily_df.csv,schedule
20260711113547302627,2026-07-11 11:35:47,次月統計報表,20260711_113547_next_month_daily_df.csv,./dashboard_data/snapshots/202607/20260711_113547_next_month_daily_df.csv,schedule
20260711113547319736,2026-07-11 11:35:47,業績報表,20260711_113547_meta.json,./dashboard_data/snapshots/202607/20260711_113547_meta.json,schedule
20260711113547336551,2026-07-11 11:35:47,業績報表,20260711_113547_email_preview.html,./dashboard_data/snapshots/202607/20260711_113547_email_preview.html,schedule
20260711191656885661,2026-07-11 19:16:56,業績報表,df4.csv,./dashboard_data/latest/df4.csv,schedule
20260711191656904442,2026-07-11 19:16:56,業績報表,daily_df.csv,./dashboard_data/latest/daily_df.csv,schedule
20260711191656923212,2026-07-11 19:16:56,次月統計報表,next_month_daily_df.csv,./dashboard_data/latest/next_month_daily_df.csv,schedule
20260711191656939506,2026-07-11 19:16:56,業績報表,email_preview.html,./dashboard_data/latest/email_preview.html,schedule
20260711191656955765,2026-07-11 19:16:56,業績報表,meta.json,./dashboard_data/latest/meta.json,schedule
20260711191656972513,2026-07-11 19:16:56,業績報表,20260711_191656_df4.csv,./dashboard_data/snapshots/202607/20260711_191656_df4.csv,schedule
20260711191656991708,2026-07-11 19:16:56,業績報表,20260711_191656_daily_df.csv,./dashboard_data/snapshots/202607/20260711_191656_daily_df.csv,schedule
20260711191657010390,2026-07-11 19:16:57,次月統計報表,20260711_191656_next_month_daily_df.csv,./dashboard_data/snapshots/202607/20260711_191656_next_month_daily_df.csv,schedule
20260711191657026626,2026-07-11 19:16:57,業績報表,20260711_191656_meta.json,./dashboard_data/snapshots/202607/20260711_191656_meta.json,schedule
20260711191657042925,2026-07-11 19:16:57,業績報表,20260711_191656_email_preview.html,./dashboard_data/snapshots/202607/20260711_191656_email_preview.html,schedule
20260712011636686479,2026-07-12 01:16:36,業績報表,df4.csv,./dashboard_data/latest/df4.csv,schedule
20260712011636705090,2026-07-12 01:16:36,業績報表,daily_df.csv,./dashboard_data/latest/daily_df.csv,schedule
20260712011636723153,2026-07-12 01:16:36,次月統計報表,next_month_daily_df.csv,./dashboard_data/latest/next_month_daily_df.csv,schedule
20260712011636738775,2026-07-12 01:16:36,業績報表,email_preview.html,./dashboard_data/latest/email_preview.html,schedule
20260712011636754431,2026-07-12 01:16:36,業績報表,meta.json,./dashboard_data/latest/meta.json,schedule
20260712011636770554,2026-07-12 01:16:36,業績報表,20260712_011636_df4.csv,./dashboard_data/snapshots/202607/20260712_011636_df4.csv,schedule
20260712011636789287,2026-07-12 01:16:36,業績報表,20260712_011636_daily_df.csv,./dashboard_data/snapshots/202607/20260712_011636_daily_df.csv,schedule
20260712011636807560,2026-07-12 01:16:36,次月統計報表,20260712_011636_next_month_daily_df.csv,./dashboard_data/snapshots/202607/20260712_011636_next_month_daily_df.csv,schedule
20260712011636823469,2026-07-12 01:16:36,業績報表,20260712_011636_meta.json,./dashboard_data/snapshots/202607/20260712_011636_meta.json,schedule
20260712011636839555,2026-07-12 01:16:36,業績報表,20260712_011636_email_preview.html,./dashboard_data/snapshots/202607/20260712_011636_email_preview.html,schedule
20260712115001491738,2026-07-12 11:50:01,業績報表,df4.csv,./dashboard_data/latest/df4.csv,schedule
20260712115001511159,2026-07-12 11:50:01,業績報表,daily_df.csv,./dashboard_data/latest/daily_df.csv,schedule
20260712115001529159,2026-07-12 11:50:01,次月統計報表,next_month_daily_df.csv,./dashboard_data/latest/next_month_daily_df.csv,schedule
20260712115001545193,2026-07-12 11:50:01,業績報表,email_preview.html,./dashboard_data/latest/email_preview.html,schedule
20260712115001560943,2026-07-12 11:50:01,業績報表,meta.json,./dashboard_data/latest/meta.json,schedule
20260712115001577043,2026-07-12 11:50:01,業績報表,20260712_115001_df4.csv,./dashboard_data/snapshots/202607/20260712_115001_df4.csv,schedule
20260712115001595350,2026-07-12 11:50:01,業績報表,20260712_115001_daily_df.csv,./dashboard_data/snapshots/202607/20260712_115001_daily_df.csv,schedule
20260712115001613209,2026-07-12 11:50:01,次月統計報表,20260712_115001_next_month_daily_df.csv,./dashboard_data/snapshots/202607/20260712_115001_next_month_daily_df.csv,schedule
20260712115001629023,2026-07-12 11:50:01,業績報表,20260712_115001_meta.json,./dashboard_data/snapshots/202607/20260712_115001_meta.json,schedule
20260712115001644752,2026-07-12 11:50:01,業績報表,20260712_115001_email_preview.html,./dashboard_data/snapshots/202607/20260712_115001_email_preview.html,schedule
20260712192238410958,2026-07-12 19:22:38,業績報表,df4.csv,./dashboard_data/latest/df4.csv,schedule
20260712192238430499,2026-07-12 19:22:38,業績報表,daily_df.csv,./dashboard_data/latest/daily_df.csv,schedule
20260712192238448663,2026-07-12 19:22:38,次月統計報表,next_month_daily_df.csv,./dashboard_data/latest/next_month_daily_df.csv,schedule
20260712192238464546,2026-07-12 19:22:38,業績報表,email_preview.html,./dashboard_data/latest/email_preview.html,schedule
20260712192238480102,2026-07-12 19:22:38,業績報表,meta.json,./dashboard_data/latest/meta.json,schedule
20260712192238496549,2026-07-12 19:22:38,業績報表,20260712_192238_df4.csv,./dashboard_data/snapshots/202607/20260712_192238_df4.csv,schedule
20260712192238515292,2026-07-12 19:22:38,業績報表,20260712_192238_daily_df.csv,./dashboard_data/snapshots/202607/20260712_192238_daily_df.csv,schedule
20260712192238533174,2026-07-12 19:22:38,次月統計報表,20260712_192238_next_month_daily_df.csv,./dashboard_data/snapshots/202607/20260712_192238_next_month_daily_df.csv,schedule
20260712192238548636,2026-07-12 19:22:38,業績報表,20260712_192238_meta.json,./dashboard_data/snapshots/202607/20260712_192238_meta.json,schedule
20260712192238564584,2026-07-12 19:22:38,業績報表,20260712_192238_email_preview.html,./dashboard_data/snapshots/202607/20260712_192238_email_preview.html,schedule
20260713011836137903,2026-07-13 01:18:36,業績報表,df4.csv,./dashboard_data/latest/df4.csv,schedule
20260713011836156530,2026-07-13 01:18:36,業績報表,daily_df.csv,./dashboard_data/latest/daily_df.csv,schedule
20260713011836174097,2026-07-13 01:18:36,次月統計報表,next_month_daily_df.csv,./dashboard_data/latest/next_month_daily_df.csv,schedule
20260713011836189319,2026-07-13 01:18:36,業績報表,email_preview.html,./dashboard_data/latest/email_preview.html,schedule
20260713011836204441,2026-07-13 01:18:36,業績報表,meta.json,./dashboard_data/latest/meta.json,schedule
20260713011836220171,2026-07-13 01:18:36,業績報表,20260713_011836_df4.csv,./dashboard_data/snapshots/202607/20260713_011836_df4.csv,schedule
20260713011836237996,2026-07-13 01:18:36,業績報表,20260713_011836_daily_df.csv,./dashboard_data/snapshots/202607/20260713_011836_daily_df.csv,schedule
20260713011836255255,2026-07-13 01:18:36,次月統計報表,20260713_011836_next_month_daily_df.csv,./dashboard_data/snapshots/202607/20260713_011836_next_month_daily_df.csv,schedule
20260713011836270333,2026-07-13 01:18:36,業績報表,20260713_011836_meta.json,./dashboard_data/snapshots/202607/20260713_011836_meta.json,schedule
20260713011836285436,2026-07-13 01:18:36,業績報表,20260713_011836_email_preview.html,./dashboard_data/snapshots/202607/20260713_011836_email_preview.html,schedule
20260713115137886857,2026-07-13 11:51:37,業績報表,df4.csv,./dashboard_data/latest/df4.csv,schedule
20260713115137906387,2026-07-13 11:51:37,業績報表,daily_df.csv,./dashboard_data/latest/daily_df.csv,schedule
20260713115137924908,2026-07-13 11:51:37,次月統計報表,next_month_daily_df.csv,./dashboard_data/latest/next_month_daily_df.csv,schedule
20260713115137941405,2026-07-13 11:51:37,業績報表,email_preview.html,./dashboard_data/latest/email_preview.html,schedule
20260713115137958001,2026-07-13 11:51:37,業績報表,meta.json,./dashboard_data/latest/meta.json,schedule
20260713115137975085,2026-07-13 11:51:37,業績報表,20260713_115137_df4.csv,./dashboard_data/snapshots/202607/20260713_115137_df4.csv,schedule
20260713115137994062,2026-07-13 11:51:37,業績報表,20260713_115137_daily_df.csv,./dashboard_data/snapshots/202607/20260713_115137_daily_df.csv,schedule
20260713115138012739,2026-07-13 11:51:38,次月統計報表,20260713_115137_next_month_daily_df.csv,./dashboard_data/snapshots/202607/20260713_115137_next_month_daily_df.csv,schedule
20260713115138028838,2026-07-13 11:51:38,業績報表,20260713_115137_meta.json,./dashboard_data/snapshots/202607/20260713_115137_meta.json,schedule
20260713115138044916,2026-07-13 11:51:38,業績報表,20260713_115137_email_preview.html,./dashboard_data/snapshots/202607/20260713_115137_email_preview.html,schedule
20260713204106608165,2026-07-13 20:41:06,業績報表,df4.csv,./dashboard_data/latest/df4.csv,schedule
20260713204106628565,2026-07-13 20:41:06,業績報表,daily_df.csv,./dashboard_data/latest/daily_df.csv,schedule
20260713204106648616,2026-07-13 20:41:06,次月統計報表,next_month_daily_df.csv,./dashboard_data/latest/next_month_daily_df.csv,schedule
20260713204106665599,2026-07-13 20:41:06,業績報表,email_preview.html,./dashboard_data/latest/email_preview.html,schedule
20260713204106683066,2026-07-13 20:41:06,業績報表,meta.json,./dashboard_data/latest/meta.json,schedule
20260713204106700438,2026-07-13 20:41:06,業績報表,20260713_204106_df4.csv,./dashboard_data/snapshots/202607/20260713_204106_df4.csv,schedule
20260713204106720239,2026-07-13 20:41:06,業績報表,20260713_204106_daily_df.csv,./dashboard_data/snapshots/202607/20260713_204106_daily_df.csv,schedule
20260713204106739954,2026-07-13 20:41:06,次月統計報表,20260713_204106_next_month_daily_df.csv,./dashboard_data/snapshots/202607/20260713_204106_next_month_daily_df.csv,schedule
20260713204106757698,2026-07-13 20:41:06,業績報表,20260713_204106_meta.json,./dashboard_data/snapshots/202607/20260713_204106_meta.json,schedule
20260713204106775191,2026-07-13 20:41:06,業績報表,20260713_204106_email_preview.html,./dashboard_data/snapshots/202607/20260713_204106_email_preview.html,schedule
20260714020915192543,2026-07-14 02:09:15,業績報表,df4.csv,./dashboard_data/latest/df4.csv,schedule
20260714020915211228,2026-07-14 02:09:15,業績報表,daily_df.csv,./dashboard_data/latest/daily_df.csv,schedule
20260714020915229814,2026-07-14 02:09:15,次月統計報表,next_month_daily_df.csv,./dashboard_data/latest/next_month_daily_df.csv,schedule
20260714020915246054,2026-07-14 02:09:15,業績報表,email_preview.html,./dashboard_data/latest/email_preview.html,schedule
20260714020915262390,2026-07-14 02:09:15,業績報表,meta.json,./dashboard_data/latest/meta.json,schedule
20260714020915279125,2026-07-14 02:09:15,業績報表,20260714_020915_df4.csv,./dashboard_data/snapshots/202607/20260714_020915_df4.csv,schedule
20260714020915297738,2026-07-14 02:09:15,業績報表,20260714_020915_daily_df.csv,./dashboard_data/snapshots/202607/20260714_020915_daily_df.csv,schedule
20260714020915316134,2026-07-14 02:09:15,次月統計報表,20260714_020915_next_month_daily_df.csv,./dashboard_data/snapshots/202607/20260714_020915_next_month_daily_df.csv,schedule
20260714020915332336,2026-07-14 02:09:15,業績報表,20260714_020915_meta.json,./dashboard_data/snapshots/202607/20260714_020915_meta.json,schedule
20260714020915348648,2026-07-14 02:09:15,業績報表,20260714_020915_email_preview.html,./dashboard_data/snapshots/202607/20260714_020915_email_preview.html,schedule
20260714112659463836,2026-07-14 11:26:59,業績報表,df4.csv,./dashboard_data/latest/df4.csv,schedule
20260714112659483344,2026-07-14 11:26:59,業績報表,daily_df.csv,./dashboard_data/latest/daily_df.csv,schedule
20260714112659502074,2026-07-14 11:26:59,次月統計報表,next_month_daily_df.csv,./dashboard_data/latest/next_month_daily_df.csv,schedule
20260714112659518394,2026-07-14 11:26:59,業績報表,email_preview.html,./dashboard_data/latest/email_preview.html,schedule
20260714112659534982,2026-07-14 11:26:59,業績報表,meta.json,./dashboard_data/latest/meta.json,schedule
20260714112659551706,2026-07-14 11:26:59,業績報表,20260714_112659_df4.csv,./dashboard_data/snapshots/202607/20260714_112659_df4.csv,schedule
20260714112659570560,2026-07-14 11:26:59,業績報表,20260714_112659_daily_df.csv,./dashboard_data/snapshots/202607/20260714_112659_daily_df.csv,schedule
20260714112659588822,2026-07-14 11:26:59,次月統計報表,20260714_112659_next_month_daily_df.csv,./dashboard_data/snapshots/202607/20260714_112659_next_month_daily_df.csv,schedule
20260714112659604710,2026-07-14 11:26:59,業績報表,20260714_112659_meta.json,./dashboard_data/snapshots/202607/20260714_112659_meta.json,schedule
20260714112659620666,2026-07-14 11:26:59,業績報表,20260714_112659_email_preview.html,./dashboard_data/snapshots/202607/20260714_112659_email_preview.html,schedule
20260714194220855360,2026-07-14 19:42:20,業績報表,df4.csv,./dashboard_data/latest/df4.csv,schedule
20260714194220870699,2026-07-14 19:42:20,業績報表,daily_df.csv,./dashboard_data/latest/daily_df.csv,schedule
20260714194220892524,2026-07-14 19:42:20,次月統計報表,next_month_daily_df.csv,./dashboard_data/latest/next_month_daily_df.csv,schedule
20260714194220905395,2026-07-14 19:42:20,業績報表,email_preview.html,./dashboard_data/latest/email_preview.html,schedule
20260714194220918144,2026-07-14 19:42:20,業績報表,meta.json,./dashboard_data/latest/meta.json,schedule
20260714194220931335,2026-07-14 19:42:20,業績報表,20260714_194220_df4.csv,./dashboard_data/snapshots/202607/20260714_194220_df4.csv,schedule
20260714194220945961,2026-07-14 19:42:20,業績報表,20260714_194220_daily_df.csv,./dashboard_data/snapshots/202607/20260714_194220_daily_df.csv,schedule
20260714194220960062,2026-07-14 19:42:20,次月統計報表,20260714_194220_next_month_daily_df.csv,./dashboard_data/snapshots/202607/20260714_194220_next_month_daily_df.csv,schedule
20260714194220972642,2026-07-14 19:42:20,業績報表,20260714_194220_meta.json,./dashboard_data/snapshots/202607/20260714_194220_meta.json,schedule
20260714194220985086,2026-07-14 19:42:20,業績報表,20260714_194220_email_preview.html,./dashboard_data/snapshots/202607/20260714_194220_email_preview.html,schedule
20260715013445361988,2026-07-15 01:34:45,業績報表,df4.csv,./dashboard_data/latest/df4.csv,schedule
20260715013445380942,2026-07-15 01:34:45,業績報表,daily_df.csv,./dashboard_data/latest/daily_df.csv,schedule
20260715013445399250,2026-07-15 01:34:45,次月統計報表,next_month_daily_df.csv,./dashboard_data/latest/next_month_daily_df.csv,schedule
20260715013445414930,2026-07-15 01:34:45,業績報表,email_preview.html,./dashboard_data/latest/email_preview.html,schedule
20260715013445430602,2026-07-15 01:34:45,業績報表,meta.json,./dashboard_data/latest/meta.json,schedule
20260715013445446872,2026-07-15 01:34:45,業績報表,20260715_013445_df4.csv,./dashboard_data/snapshots/202607/20260715_013445_df4.csv,schedule
20260715013445465521,2026-07-15 01:34:45,業績報表,20260715_013445_daily_df.csv,./dashboard_data/snapshots/202607/20260715_013445_daily_df.csv,schedule
20260715013445483420,2026-07-15 01:34:45,次月統計報表,20260715_013445_next_month_daily_df.csv,./dashboard_data/snapshots/202607/20260715_013445_next_month_daily_df.csv,schedule
20260715013445499233,2026-07-15 01:34:45,業績報表,20260715_013445_meta.json,./dashboard_data/snapshots/202607/20260715_013445_meta.json,schedule
20260715013445515023,2026-07-15 01:34:45,業績報表,20260715_013445_email_preview.html,./dashboard_data/snapshots/202607/20260715_013445_email_preview.html,schedule
20260715112606580195,2026-07-15 11:26:06,業績報表,df4.csv,./dashboard_data/latest/df4.csv,schedule
20260715112606599550,2026-07-15 11:26:06,業績報表,daily_df.csv,./dashboard_data/latest/daily_df.csv,schedule
20260715112606618236,2026-07-15 11:26:06,次月統計報表,next_month_daily_df.csv,./dashboard_data/latest/next_month_daily_df.csv,schedule
20260715112606634304,2026-07-15 11:26:06,業績報表,email_preview.html,./dashboard_data/latest/email_preview.html,schedule
20260715112606650339,2026-07-15 11:26:06,業績報表,meta.json,./dashboard_data/latest/meta.json,schedule
20260715112606666892,2026-07-15 11:26:06,業績報表,20260715_112606_df4.csv,./dashboard_data/snapshots/202607/20260715_112606_df4.csv,schedule
20260715112606685649,2026-07-15 11:26:06,業績報表,20260715_112606_daily_df.csv,./dashboard_data/snapshots/202607/20260715_112606_daily_df.csv,schedule
20260715112606703866,2026-07-15 11:26:06,次月統計報表,20260715_112606_next_month_daily_df.csv,./dashboard_data/snapshots/202607/20260715_112606_next_month_daily_df.csv,schedule
20260715112606719423,2026-07-15 11:26:06,業績報表,20260715_112606_meta.json,./dashboard_data/snapshots/202607/20260715_112606_meta.json,schedule
20260715112606735516,2026-07-15 11:26:06,業績報表,20260715_112606_email_preview.html,./dashboard_data/snapshots/202607/20260715_112606_email_preview.html,schedule
20260715194546941720,2026-07-15 19:45:46,業績報表,df4.csv,./dashboard_data/latest/df4.csv,schedule
20260715194546961515,2026-07-15 19:45:46,業績報表,daily_df.csv,./dashboard_data/latest/daily_df.csv,schedule
20260715194546980062,2026-07-15 19:45:46,次月統計報表,next_month_daily_df.csv,./dashboard_data/latest/next_month_daily_df.csv,schedule
20260715194546996160,2026-07-15 19:45:46,業績報表,email_preview.html,./dashboard_data/latest/email_preview.html,schedule
20260715194547012438,2026-07-15 19:45:47,業績報表,meta.json,./dashboard_data/latest/meta.json,schedule
20260715194547029408,2026-07-15 19:45:47,業績報表,20260715_194546_df4.csv,./dashboard_data/snapshots/202607/20260715_194546_df4.csv,schedule
20260715194547048247,2026-07-15 19:45:47,業績報表,20260715_194546_daily_df.csv,./dashboard_data/snapshots/202607/20260715_194546_daily_df.csv,schedule
20260715194547066904,2026-07-15 19:45:47,次月統計報表,20260715_194546_next_month_daily_df.csv,./dashboard_data/snapshots/202607/20260715_194546_next_month_daily_df.csv,schedule
20260715194547083234,2026-07-15 19:45:47,業績報表,20260715_194546_meta.json,./dashboard_data/snapshots/202607/20260715_194546_meta.json,schedule
20260715194547099434,2026-07-15 19:45:47,業績報表,20260715_194546_email_preview.html,./dashboard_data/snapshots/202607/20260715_194546_email_preview.html,schedule
20260716013926907304,2026-07-16 01:39:26,業績報表,df4.csv,./dashboard_data/latest/df4.csv,schedule
20260716013926927231,2026-07-16 01:39:26,業績報表,daily_df.csv,./dashboard_data/latest/daily_df.csv,schedule
20260716013926945431,2026-07-16 01:39:26,次月統計報表,next_month_daily_df.csv,./dashboard_data/latest/next_month_daily_df.csv,schedule
20260716013926960991,2026-07-16 01:39:26,業績報表,email_preview.html,./dashboard_data/latest/email_preview.html,schedule
20260716013926976299,2026-07-16 01:39:26,業績報表,meta.json,./dashboard_data/latest/meta.json,schedule
20260716013926992138,2026-07-16 01:39:26,業績報表,20260716_013926_df4.csv,./dashboard_data/snapshots/202607/20260716_013926_df4.csv,schedule
20260716013927011013,2026-07-16 01:39:27,業績報表,20260716_013926_daily_df.csv,./dashboard_data/snapshots/202607/20260716_013926_daily_df.csv,schedule
20260716013927028927,2026-07-16 01:39:27,次月統計報表,20260716_013926_next_month_daily_df.csv,./dashboard_data/snapshots/202607/20260716_013926_next_month_daily_df.csv,schedule
20260716013927044466,2026-07-16 01:39:27,業績報表,20260716_013926_meta.json,./dashboard_data/snapshots/202607/20260716_013926_meta.json,schedule
20260716013927059843,2026-07-16 01:39:27,業績報表,20260716_013926_email_preview.html,./dashboard_data/snapshots/202607/20260716_013926_email_preview.html,schedule
20260716113115081631,2026-07-16 11:31:15,業績報表,df4.csv,./dashboard_data/latest/df4.csv,schedule
20260716113115101077,2026-07-16 11:31:15,業績報表,daily_df.csv,./dashboard_data/latest/daily_df.csv,schedule
20260716113115119265,2026-07-16 11:31:15,次月統計報表,next_month_daily_df.csv,./dashboard_data/latest/next_month_daily_df.csv,schedule
20260716113115134941,2026-07-16 11:31:15,業績報表,email_preview.html,./dashboard_data/latest/email_preview.html,schedule
20260716113115150703,2026-07-16 11:31:15,業績報表,meta.json,./dashboard_data/latest/meta.json,schedule
20260716113115166775,2026-07-16 11:31:15,業績報表,20260716_113115_df4.csv,./dashboard_data/snapshots/202607/20260716_113115_df4.csv,schedule
20260716113115185139,2026-07-16 11:31:15,業績報表,20260716_113115_daily_df.csv,./dashboard_data/snapshots/202607/20260716_113115_daily_df.csv,schedule
20260716113115203173,2026-07-16 11:31:15,次月統計報表,20260716_113115_next_month_daily_df.csv,./dashboard_data/snapshots/202607/20260716_113115_next_month_daily_df.csv,schedule
20260716113115218861,2026-07-16 11:31:15,業績報表,20260716_113115_meta.json,./dashboard_data/snapshots/202607/20260716_113115_meta.json,schedule
20260716113115234496,2026-07-16 11:31:15,業績報表,20260716_113115_email_preview.html,./dashboard_data/snapshots/202607/20260716_113115_email_preview.html,schedule
20260716195148573828,2026-07-16 19:51:48,業績報表,df4.csv,./dashboard_data/latest/df4.csv,schedule
20260716195148593747,2026-07-16 19:51:48,業績報表,daily_df.csv,./dashboard_data/latest/daily_df.csv,schedule
20260716195148612124,2026-07-16 19:51:48,次月統計報表,next_month_daily_df.csv,./dashboard_data/latest/next_month_daily_df.csv,schedule
20260716195148628386,2026-07-16 19:51:48,業績報表,email_preview.html,./dashboard_data/latest/email_preview.html,schedule
20260716195148644206,2026-07-16 19:51:48,業績報表,meta.json,./dashboard_data/latest/meta.json,schedule
20260716195148660602,2026-07-16 19:51:48,業績報表,20260716_195148_df4.csv,./dashboard_data/snapshots/202607/20260716_195148_df4.csv,schedule
20260716195148679163,2026-07-16 19:51:48,業績報表,20260716_195148_daily_df.csv,./dashboard_data/snapshots/202607/20260716_195148_daily_df.csv,schedule
20260716195148697455,2026-07-16 19:51:48,次月統計報表,20260716_195148_next_month_daily_df.csv,./dashboard_data/snapshots/202607/20260716_195148_next_month_daily_df.csv,schedule
20260716195148713157,2026-07-16 19:51:48,業績報表,20260716_195148_meta.json,./dashboard_data/snapshots/202607/20260716_195148_meta.json,schedule
20260716195148729253,2026-07-16 19:51:48,業績報表,20260716_195148_email_preview.html,./dashboard_data/snapshots/202607/20260716_195148_email_preview.html,schedule
20260717014053989943,2026-07-17 01:40:53,業績報表,df4.csv,./dashboard_data/latest/df4.csv,schedule
20260717014054009512,2026-07-17 01:40:54,業績報表,daily_df.csv,./dashboard_data/latest/daily_df.csv,schedule
20260717014054028197,2026-07-17 01:40:54,次月統計報表,next_month_daily_df.csv,./dashboard_data/latest/next_month_daily_df.csv,schedule
20260717014054044575,2026-07-17 01:40:54,業績報表,email_preview.html,./dashboard_data/latest/email_preview.html,schedule
20260717014054060577,2026-07-17 01:40:54,業績報表,meta.json,./dashboard_data/latest/meta.json,schedule
20260717014054077127,2026-07-17 01:40:54,業績報表,20260717_014053_df4.csv,./dashboard_data/snapshots/202607/20260717_014053_df4.csv,schedule
20260717014054095948,2026-07-17 01:40:54,業績報表,20260717_014053_daily_df.csv,./dashboard_data/snapshots/202607/20260717_014053_daily_df.csv,schedule
20260717014054114406,2026-07-17 01:40:54,次月統計報表,20260717_014053_next_month_daily_df.csv,./dashboard_data/snapshots/202607/20260717_014053_next_month_daily_df.csv,schedule
20260717014054130819,2026-07-17 01:40:54,業績報表,20260717_014053_meta.json,./dashboard_data/snapshots/202607/20260717_014053_meta.json,schedule
20260717014054146878,2026-07-17 01:40:54,業績報表,20260717_014053_email_preview.html,./dashboard_data/snapshots/202607/20260717_014053_email_preview.html,schedule
20260717113209839758,2026-07-17 11:32:09,業績報表,df4.csv,./dashboard_data/latest/df4.csv,schedule
20260717113209859538,2026-07-17 11:32:09,業績報表,daily_df.csv,./dashboard_data/latest/daily_df.csv,schedule
20260717113209878148,2026-07-17 11:32:09,次月統計報表,next_month_daily_df.csv,./dashboard_data/latest/next_month_daily_df.csv,schedule
20260717113209894119,2026-07-17 11:32:09,業績報表,email_preview.html,./dashboard_data/latest/email_preview.html,schedule
20260717113209910052,2026-07-17 11:32:09,業績報表,meta.json,./dashboard_data/latest/meta.json,schedule
20260717113209926474,2026-07-17 11:32:09,業績報表,20260717_113209_df4.csv,./dashboard_data/snapshots/202607/20260717_113209_df4.csv,schedule
20260717113209945447,2026-07-17 11:32:09,業績報表,20260717_113209_daily_df.csv,./dashboard_data/snapshots/202607/20260717_113209_daily_df.csv,schedule
20260717113209963798,2026-07-17 11:32:09,次月統計報表,20260717_113209_next_month_daily_df.csv,./dashboard_data/snapshots/202607/20260717_113209_next_month_daily_df.csv,schedule
20260717113209979665,2026-07-17 11:32:09,業績報表,20260717_113209_meta.json,./dashboard_data/snapshots/202607/20260717_113209_meta.json,schedule
20260717113209995942,2026-07-17 11:32:09,業績報表,20260717_113209_email_preview.html,./dashboard_data/snapshots/202607/20260717_113209_email_preview.html,schedule
20260717193819446754,2026-07-17 19:38:19,業績報表,df4.csv,./dashboard_data/latest/df4.csv,schedule
20260717193819466785,2026-07-17 19:38:19,業績報表,daily_df.csv,./dashboard_data/latest/daily_df.csv,schedule
20260717193819485523,2026-07-17 19:38:19,次月統計報表,next_month_daily_df.csv,./dashboard_data/latest/next_month_daily_df.csv,schedule
20260717193819501678,2026-07-17 19:38:19,業績報表,email_preview.html,./dashboard_data/latest/email_preview.html,schedule
20260717193819517963,2026-07-17 19:38:19,業績報表,meta.json,./dashboard_data/latest/meta.json,schedule
20260717193819534518,2026-07-17 19:38:19,業績報表,20260717_193819_df4.csv,./dashboard_data/snapshots/202607/20260717_193819_df4.csv,schedule
20260717193819553640,2026-07-17 19:38:19,業績報表,20260717_193819_daily_df.csv,./dashboard_data/snapshots/202607/20260717_193819_daily_df.csv,schedule
20260717193819572266,2026-07-17 19:38:19,次月統計報表,20260717_193819_next_month_daily_df.csv,./dashboard_data/snapshots/202607/20260717_193819_next_month_daily_df.csv,schedule
20260717193819588623,2026-07-17 19:38:19,業績報表,20260717_193819_meta.json,./dashboard_data/snapshots/202607/20260717_193819_meta.json,schedule
20260717193819604618,2026-07-17 19:38:19,業績報表,20260717_193819_email_preview.html,./dashboard_data/snapshots/202607/20260717_193819_email_preview.html,schedule
20260718013150260759,2026-07-18 01:31:50,業績報表,df4.csv,./dashboard_data/latest/df4.csv,schedule
20260718013150281338,2026-07-18 01:31:50,業績報表,daily_df.csv,./dashboard_data/latest/daily_df.csv,schedule
20260718013150301135,2026-07-18 01:31:50,次月統計報表,next_month_daily_df.csv,./dashboard_data/latest/next_month_daily_df.csv,schedule
20260718013150318396,2026-07-18 01:31:50,業績報表,email_preview.html,./dashboard_data/latest/email_preview.html,schedule
20260718013150335515,2026-07-18 01:31:50,業績報表,meta.json,./dashboard_data/latest/meta.json,schedule
20260718013150353103,2026-07-18 01:31:50,業績報表,20260718_013150_df4.csv,./dashboard_data/snapshots/202607/20260718_013150_df4.csv,schedule
20260718013150372882,2026-07-18 01:31:50,業績報表,20260718_013150_daily_df.csv,./dashboard_data/snapshots/202607/20260718_013150_daily_df.csv,schedule
20260718013150392385,2026-07-18 01:31:50,次月統計報表,20260718_013150_next_month_daily_df.csv,./dashboard_data/snapshots/202607/20260718_013150_next_month_daily_df.csv,schedule
20260718013150410496,2026-07-18 01:31:50,業績報表,20260718_013150_meta.json,./dashboard_data/snapshots/202607/20260718_013150_meta.json,schedule
20260718013150427594,2026-07-18 01:31:50,業績報表,20260718_013150_email_preview.html,./dashboard_data/snapshots/202607/20260718_013150_email_preview.html,schedule
20260718112426911395,2026-07-18 11:24:26,業績報表,df4.csv,./dashboard_data/latest/df4.csv,schedule
20260718112426929844,2026-07-18 11:24:26,業績報表,daily_df.csv,./dashboard_data/latest/daily_df.csv,schedule
20260718112426946927,2026-07-18 11:24:26,次月統計報表,next_month_daily_df.csv,./dashboard_data/latest/next_month_daily_df.csv,schedule
20260718112426961814,2026-07-18 11:24:26,業績報表,email_preview.html,./dashboard_data/latest/email_preview.html,schedule
20260718112426976579,2026-07-18 11:24:26,業績報表,meta.json,./dashboard_data/latest/meta.json,schedule
20260718112426991859,2026-07-18 11:24:26,業績報表,20260718_112426_df4.csv,./dashboard_data/snapshots/202607/20260718_112426_df4.csv,schedule
20260718112427049832,2026-07-18 11:24:27,業績報表,20260718_112426_daily_df.csv,./dashboard_data/snapshots/202607/20260718_112426_daily_df.csv,schedule
20260718112427067176,2026-07-18 11:24:27,次月統計報表,20260718_112426_next_month_daily_df.csv,./dashboard_data/snapshots/202607/20260718_112426_next_month_daily_df.csv,schedule
20260718112427081195,2026-07-18 11:24:27,業績報表,20260718_112426_meta.json,./dashboard_data/snapshots/202607/20260718_112426_meta.json,schedule
20260718112427097157,2026-07-18 11:24:27,業績報表,20260718_112426_email_preview.html,./dashboard_data/snapshots/202607/20260718_112426_email_preview.html,schedule
20260718191648640535,2026-07-18 19:16:48,業績報表,df4.csv,./dashboard_data/latest/df4.csv,schedule
20260718191648660320,2026-07-18 19:16:48,業績報表,daily_df.csv,./dashboard_data/latest/daily_df.csv,schedule
20260718191648678165,2026-07-18 19:16:48,次月統計報表,next_month_daily_df.csv,./dashboard_data/latest/next_month_daily_df.csv,schedule
20260718191648693624,2026-07-18 19:16:48,業績報表,email_preview.html,./dashboard_data/latest/email_preview.html,schedule
20260718191648709059,2026-07-18 19:16:48,業績報表,meta.json,./dashboard_data/latest/meta.json,schedule
20260718191648724611,2026-07-18 19:16:48,業績報表,20260718_191648_df4.csv,./dashboard_data/snapshots/202607/20260718_191648_df4.csv,schedule
20260718191648742708,2026-07-18 19:16:48,業績報表,20260718_191648_daily_df.csv,./dashboard_data/snapshots/202607/20260718_191648_daily_df.csv,schedule
20260718191648760280,2026-07-18 19:16:48,次月統計報表,20260718_191648_next_month_daily_df.csv,./dashboard_data/snapshots/202607/20260718_191648_next_month_daily_df.csv,schedule
20260718191648775236,2026-07-18 19:16:48,業績報表,20260718_191648_meta.json,./dashboard_data/snapshots/202607/20260718_191648_meta.json,schedule
20260718191648790276,2026-07-18 19:16:48,業績報表,20260718_191648_email_preview.html,./dashboard_data/snapshots/202607/20260718_191648_email_preview.html,schedule
20260719011502174656,2026-07-19 01:15:02,業績報表,df4.csv,./dashboard_data/latest/df4.csv,schedule
20260719011502190923,2026-07-19 01:15:02,業績報表,daily_df.csv,./dashboard_data/latest/daily_df.csv,schedule
20260719011502206074,2026-07-19 01:15:02,次月統計報表,next_month_daily_df.csv,./dashboard_data/latest/next_month_daily_df.csv,schedule
20260719011502219136,2026-07-19 01:15:02,業績報表,email_preview.html,./dashboard_data/latest/email_preview.html,schedule
20260719011502232239,2026-07-19 01:15:02,業績報表,meta.json,./dashboard_data/latest/meta.json,schedule
20260719011502245871,2026-07-19 01:15:02,業績報表,20260719_011502_df4.csv,./dashboard_data/snapshots/202607/20260719_011502_df4.csv,schedule
20260719011502261046,2026-07-19 01:15:02,業績報表,20260719_011502_daily_df.csv,./dashboard_data/snapshots/202607/20260719_011502_daily_df.csv,schedule
20260719011502275891,2026-07-19 01:15:02,次月統計報表,20260719_011502_next_month_daily_df.csv,./dashboard_data/snapshots/202607/20260719_011502_next_month_daily_df.csv,schedule
20260719011502288946,2026-07-19 01:15:02,業績報表,20260719_011502_meta.json,./dashboard_data/snapshots/202607/20260719_011502_meta.json,schedule
20260719011502302245,2026-07-19 01:15:02,業績報表,20260719_011502_email_preview.html,./dashboard_data/snapshots/202607/20260719_011502_email_preview.html,schedule
20260719114521917587,2026-07-19 11:45:21,業績報表,df4.csv,./dashboard_data/latest/df4.csv,schedule
20260719114521938500,2026-07-19 11:45:21,業績報表,daily_df.csv,./dashboard_data/latest/daily_df.csv,schedule
20260719114521958637,2026-07-19 11:45:21,次月統計報表,next_month_daily_df.csv,./dashboard_data/latest/next_month_daily_df.csv,schedule
20260719114521975699,2026-07-19 11:45:21,業績報表,email_preview.html,./dashboard_data/latest/email_preview.html,schedule
20260719114521992707,2026-07-19 11:45:21,業績報表,meta.json,./dashboard_data/latest/meta.json,schedule
20260719114522009816,2026-07-19 11:45:22,業績報表,20260719_114521_df4.csv,./dashboard_data/snapshots/202607/20260719_114521_df4.csv,schedule
20260719114522029570,2026-07-19 11:45:22,業績報表,20260719_114521_daily_df.csv,./dashboard_data/snapshots/202607/20260719_114521_daily_df.csv,schedule
20260719114522048851,2026-07-19 11:45:22,次月統計報表,20260719_114521_next_month_daily_df.csv,./dashboard_data/snapshots/202607/20260719_114521_next_month_daily_df.csv,schedule
20260719114522065774,2026-07-19 11:45:22,業績報表,20260719_114521_meta.json,./dashboard_data/snapshots/202607/20260719_114521_meta.json,schedule
20260719114522083128,2026-07-19 11:45:22,業績報表,20260719_114521_email_preview.html,./dashboard_data/snapshots/202607/20260719_114521_email_preview.html,schedule
20260719191954918596,2026-07-19 19:19:54,業績報表,df4.csv,./dashboard_data/latest/df4.csv,schedule
20260719191954938876,2026-07-19 19:19:54,業績報表,daily_df.csv,./dashboard_data/latest/daily_df.csv,schedule
20260719191954958787,2026-07-19 19:19:54,次月統計報表,next_month_daily_df.csv,./dashboard_data/latest/next_month_daily_df.csv,schedule
20260719191954975947,2026-07-19 19:19:54,業績報表,email_preview.html,./dashboard_data/latest/email_preview.html,schedule
20260719191954992923,2026-07-19 19:19:54,業績報表,meta.json,./dashboard_data/latest/meta.json,schedule
20260719191955010144,2026-07-19 19:19:55,業績報表,20260719_191954_df4.csv,./dashboard_data/snapshots/202607/20260719_191954_df4.csv,schedule
20260719191955029816,2026-07-19 19:19:55,業績報表,20260719_191954_daily_df.csv,./dashboard_data/snapshots/202607/20260719_191954_daily_df.csv,schedule
20260719191955048924,2026-07-19 19:19:55,次月統計報表,20260719_191954_next_month_daily_df.csv,./dashboard_data/snapshots/202607/20260719_191954_next_month_daily_df.csv,schedule
20260719191955065904,2026-07-19 19:19:55,業績報表,20260719_191954_meta.json,./dashboard_data/snapshots/202607/20260719_191954_meta.json,schedule
20260719191955086396,2026-07-19 19:19:55,業績報表,20260719_191954_email_preview.html,./dashboard_data/snapshots/202607/20260719_191954_email_preview.html,schedule
20260720011638825325,2026-07-20 01:16:38,業績報表,df4.csv,./dashboard_data/latest/df4.csv,schedule
20260720011638847378,2026-07-20 01:16:38,業績報表,daily_df.csv,./dashboard_data/latest/daily_df.csv,schedule
20260720011638867886,2026-07-20 01:16:38,次月統計報表,next_month_daily_df.csv,./dashboard_data/latest/next_month_daily_df.csv,schedule
20260720011638885604,2026-07-20 01:16:38,業績報表,email_preview.html,./dashboard_data/latest/email_preview.html,schedule
20260720011638903300,2026-07-20 01:16:38,業績報表,meta.json,./dashboard_data/latest/meta.json,schedule
20260720011638921463,2026-07-20 01:16:38,業績報表,20260720_011638_df4.csv,./dashboard_data/snapshots/202607/20260720_011638_df4.csv,schedule
20260720011638942416,2026-07-20 01:16:38,業績報表,20260720_011638_daily_df.csv,./dashboard_data/snapshots/202607/20260720_011638_daily_df.csv,schedule
20260720011638962655,2026-07-20 01:16:38,次月統計報表,20260720_011638_next_month_daily_df.csv,./dashboard_data/snapshots/202607/20260720_011638_next_month_daily_df.csv,schedule
20260720011638980181,2026-07-20 01:16:38,業績報表,20260720_011638_meta.json,./dashboard_data/snapshots/202607/20260720_011638_meta.json,schedule
20260720011638997704,2026-07-20 01:16:38,業績報表,20260720_011638_email_preview.html,./dashboard_data/snapshots/202607/20260720_011638_email_preview.html,schedule
20260720115729203742,2026-07-20 11:57:29,業績報表,df4.csv,./dashboard_data/latest/df4.csv,schedule
20260720115729221017,2026-07-20 11:57:29,業績報表,daily_df.csv,./dashboard_data/latest/daily_df.csv,schedule
20260720115729236906,2026-07-20 11:57:29,次月統計報表,next_month_daily_df.csv,./dashboard_data/latest/next_month_daily_df.csv,schedule
20260720115729250377,2026-07-20 11:57:29,業績報表,email_preview.html,./dashboard_data/latest/email_preview.html,schedule
20260720115729263955,2026-07-20 11:57:29,業績報表,meta.json,./dashboard_data/latest/meta.json,schedule
20260720115729277585,2026-07-20 11:57:29,業績報表,20260720_115729_df4.csv,./dashboard_data/snapshots/202607/20260720_115729_df4.csv,schedule
20260720115729293279,2026-07-20 11:57:29,業績報表,20260720_115729_daily_df.csv,./dashboard_data/snapshots/202607/20260720_115729_daily_df.csv,schedule
20260720115729309495,2026-07-20 11:57:29,次月統計報表,20260720_115729_next_month_daily_df.csv,./dashboard_data/snapshots/202607/20260720_115729_next_month_daily_df.csv,schedule
20260720115729325329,2026-07-20 11:57:29,業績報表,20260720_115729_meta.json,./dashboard_data/snapshots/202607/20260720_115729_meta.json,schedule
20260720115729340550,2026-07-20 11:57:29,業績報表,20260720_115729_email_preview.html,./dashboard_data/snapshots/202607/20260720_115729_email_preview.html,schedule
20260720202550938594,2026-07-20 20:25:50,業績報表,df4.csv,./dashboard_data/latest/df4.csv,schedule
20260720202550958834,2026-07-20 20:25:50,業績報表,daily_df.csv,./dashboard_data/latest/daily_df.csv,schedule
20260720202550977976,2026-07-20 20:25:50,次月統計報表,next_month_daily_df.csv,./dashboard_data/latest/next_month_daily_df.csv,schedule
20260720202550994277,2026-07-20 20:25:50,業績報表,email_preview.html,./dashboard_data/latest/email_preview.html,schedule
20260720202551010674,2026-07-20 20:25:51,業績報表,meta.json,./dashboard_data/latest/meta.json,schedule
20260720202551027520,2026-07-20 20:25:51,業績報表,20260720_202550_df4.csv,./dashboard_data/snapshots/202607/20260720_202550_df4.csv,schedule
20260720202551047089,2026-07-20 20:25:51,業績報表,20260720_202550_daily_df.csv,./dashboard_data/snapshots/202607/20260720_202550_daily_df.csv,schedule
20260720202551066038,2026-07-20 20:25:51,次月統計報表,20260720_202550_next_month_daily_df.csv,./dashboard_data/snapshots/202607/20260720_202550_next_month_daily_df.csv,schedule
20260720202551082288,2026-07-20 20:25:51,業績報表,20260720_202550_meta.json,./dashboard_data/snapshots/202607/20260720_202550_meta.json,schedule
20260720202551098645,2026-07-20 20:25:51,業績報表,20260720_202550_email_preview.html,./dashboard_data/snapshots/202607/20260720_202550_email_preview.html,schedule
20260721022032499444,2026-07-21 02:20:32,業績報表,df4.csv,./dashboard_data/latest/df4.csv,schedule
20260721022032520972,2026-07-21 02:20:32,業績報表,daily_df.csv,./dashboard_data/latest/daily_df.csv,schedule
20260721022032540782,2026-07-21 02:20:32,次月統計報表,next_month_daily_df.csv,./dashboard_data/latest/next_month_daily_df.csv,schedule
20260721022032558489,2026-07-21 02:20:32,業績報表,email_preview.html,./dashboard_data/latest/email_preview.html,schedule
20260721022032575606,2026-07-21 02:20:32,業績報表,meta.json,./dashboard_data/latest/meta.json,schedule
20260721022032593337,2026-07-21 02:20:32,業績報表,20260721_022032_df4.csv,./dashboard_data/snapshots/202607/20260721_022032_df4.csv,schedule
20260721022032614656,2026-07-21 02:20:32,業績報表,20260721_022032_daily_df.csv,./dashboard_data/snapshots/202607/20260721_022032_daily_df.csv,schedule
20260721022032639738,2026-07-21 02:20:32,次月統計報表,20260721_022032_next_month_daily_df.csv,./dashboard_data/snapshots/202607/20260721_022032_next_month_daily_df.csv,schedule
20260721022032666813,2026-07-21 02:20:32,業績報表,20260721_022032_meta.json,./dashboard_data/snapshots/202607/20260721_022032_meta.json,schedule
20260721022032684681,2026-07-21 02:20:32,業績報表,20260721_022032_email_preview.html,./dashboard_data/snapshots/202607/20260721_022032_email_preview.html,schedule
20260721113706817559,2026-07-21 11:37:06,業績報表,df4.csv,./dashboard_data/latest/df4.csv,schedule
20260721113706838788,2026-07-21 11:37:06,業績報表,daily_df.csv,./dashboard_data/latest/daily_df.csv,schedule
20260721113706858749,2026-07-21 11:37:06,次月統計報表,next_month_daily_df.csv,./dashboard_data/latest/next_month_daily_df.csv,schedule
20260721113706876012,2026-07-21 11:37:06,業績報表,email_preview.html,./dashboard_data/latest/email_preview.html,schedule
20260721113706893359,2026-07-21 11:37:06,業績報表,meta.json,./dashboard_data/latest/meta.json,schedule
20260721113706911146,2026-07-21 11:37:06,業績報表,20260721_113706_df4.csv,./dashboard_data/snapshots/202607/20260721_113706_df4.csv,schedule
20260721113706931378,2026-07-21 11:37:06,業績報表,20260721_113706_daily_df.csv,./dashboard_data/snapshots/202607/20260721_113706_daily_df.csv,schedule
20260721113706951145,2026-07-21 11:37:06,次月統計報表,20260721_113706_next_month_daily_df.csv,./dashboard_data/snapshots/202607/20260721_113706_next_month_daily_df.csv,schedule
20260721113706968480,2026-07-21 11:37:06,業績報表,20260721_113706_meta.json,./dashboard_data/snapshots/202607/20260721_113706_meta.json,schedule
20260721113706985765,2026-07-21 11:37:06,業績報表,20260721_113706_email_preview.html,./dashboard_data/snapshots/202607/20260721_113706_email_preview.html,schedule
20260721195801441107,2026-07-21 19:58:01,業績報表,df4.csv,./dashboard_data/latest/df4.csv,schedule
20260721195801461807,2026-07-21 19:58:01,業績報表,daily_df.csv,./dashboard_data/latest/daily_df.csv,schedule
20260721195801481158,2026-07-21 19:58:01,次月統計報表,next_month_daily_df.csv,./dashboard_data/latest/next_month_daily_df.csv,schedule
20260721195801498038,2026-07-21 19:58:01,業績報表,email_preview.html,./dashboard_data/latest/email_preview.html,schedule
20260721195801514868,2026-07-21 19:58:01,業績報表,meta.json,./dashboard_data/latest/meta.json,schedule
20260721195801531868,2026-07-21 19:58:01,業績報表,20260721_195801_df4.csv,./dashboard_data/snapshots/202607/20260721_195801_df4.csv,schedule
20260721195801551661,2026-07-21 19:58:01,業績報表,20260721_195801_daily_df.csv,./dashboard_data/snapshots/202607/20260721_195801_daily_df.csv,schedule
20260721195801570906,2026-07-21 19:58:01,次月統計報表,20260721_195801_next_month_daily_df.csv,./dashboard_data/snapshots/202607/20260721_195801_next_month_daily_df.csv,schedule
20260721195801587876,2026-07-21 19:58:01,業績報表,20260721_195801_meta.json,./dashboard_data/snapshots/202607/20260721_195801_meta.json,schedule
20260721195801604870,2026-07-21 19:58:01,業績報表,20260721_195801_email_preview.html,./dashboard_data/snapshots/202607/20260721_195801_email_preview.html,schedule
20260722014608743573,2026-07-22 01:46:08,業績報表,df4.csv,./dashboard_data/latest/df4.csv,schedule
20260722014608765427,2026-07-22 01:46:08,業績報表,daily_df.csv,./dashboard_data/latest/daily_df.csv,schedule
20260722014608785881,2026-07-22 01:46:08,次月統計報表,next_month_daily_df.csv,./dashboard_data/latest/next_month_daily_df.csv,schedule
20260722014608803434,2026-07-22 01:46:08,業績報表,email_preview.html,./dashboard_data/latest/email_preview.html,schedule
20260722014608821015,2026-07-22 01:46:08,業績報表,meta.json,./dashboard_data/latest/meta.json,schedule
20260722014608839694,2026-07-22 01:46:08,業績報表,20260722_014608_df4.csv,./dashboard_data/snapshots/202607/20260722_014608_df4.csv,schedule
20260722014608860651,2026-07-22 01:46:08,業績報表,20260722_014608_daily_df.csv,./dashboard_data/snapshots/202607/20260722_014608_daily_df.csv,schedule
20260722014608880761,2026-07-22 01:46:08,次月統計報表,20260722_014608_next_month_daily_df.csv,./dashboard_data/snapshots/202607/20260722_014608_next_month_daily_df.csv,schedule
20260722014608899377,2026-07-22 01:46:08,業績報表,20260722_014608_meta.json,./dashboard_data/snapshots/202607/20260722_014608_meta.json,schedule
20260722014608917765,2026-07-22 01:46:08,業績報表,20260722_014608_email_preview.html,./dashboard_data/snapshots/202607/20260722_014608_email_preview.html,schedule
20260722113725268194,2026-07-22 11:37:25,業績報表,df4.csv,./dashboard_data/latest/df4.csv,schedule
20260722113725291485,2026-07-22 11:37:25,業績報表,daily_df.csv,./dashboard_data/latest/daily_df.csv,schedule
20260722113725313233,2026-07-22 11:37:25,次月統計報表,next_month_daily_df.csv,./dashboard_data/latest/next_month_daily_df.csv,schedule
20260722113725331994,2026-07-22 11:37:25,業績報表,email_preview.html,./dashboard_data/latest/email_preview.html,schedule
20260722113725351523,2026-07-22 11:37:25,業績報表,meta.json,./dashboard_data/latest/meta.json,schedule
20260722113725371036,2026-07-22 11:37:25,業績報表,20260722_113725_df4.csv,./dashboard_data/snapshots/202607/20260722_113725_df4.csv,schedule
20260722113725393343,2026-07-22 11:37:25,業績報表,20260722_113725_daily_df.csv,./dashboard_data/snapshots/202607/20260722_113725_daily_df.csv,schedule
20260722113725414503,2026-07-22 11:37:25,次月統計報表,20260722_113725_next_month_daily_df.csv,./dashboard_data/snapshots/202607/20260722_113725_next_month_daily_df.csv,schedule
20260722113725432776,2026-07-22 11:37:25,業績報表,20260722_113725_meta.json,./dashboard_data/snapshots/202607/20260722_113725_meta.json,schedule
20260722113725451410,2026-07-22 11:37:25,業績報表,20260722_113725_email_preview.html,./dashboard_data/snapshots/202607/20260722_113725_email_preview.html,schedule
20260722200054225871,2026-07-22 20:00:54,業績報表,df4.csv,./dashboard_data/latest/df4.csv,schedule
20260722200054246321,2026-07-22 20:00:54,業績報表,daily_df.csv,./dashboard_data/latest/daily_df.csv,schedule
20260722200054265905,2026-07-22 20:00:54,次月統計報表,next_month_daily_df.csv,./dashboard_data/latest/next_month_daily_df.csv,schedule
20260722200054283056,2026-07-22 20:00:54,業績報表,email_preview.html,./dashboard_data/latest/email_preview.html,schedule
20260722200054300257,2026-07-22 20:00:54,業績報表,meta.json,./dashboard_data/latest/meta.json,schedule
20260722200054317445,2026-07-22 20:00:54,業績報表,20260722_200054_df4.csv,./dashboard_data/snapshots/202607/20260722_200054_df4.csv,schedule
20260722200054337087,2026-07-22 20:00:54,業績報表,20260722_200054_daily_df.csv,./dashboard_data/snapshots/202607/20260722_200054_daily_df.csv,schedule
20260722200054356423,2026-07-22 20:00:54,次月統計報表,20260722_200054_next_month_daily_df.csv,./dashboard_data/snapshots/202607/20260722_200054_next_month_daily_df.csv,schedule
20260722200054373519,2026-07-22 20:00:54,業績報表,20260722_200054_meta.json,./dashboard_data/snapshots/202607/20260722_200054_meta.json,schedule
20260722200054390645,2026-07-22 20:00:54,業績報表,20260722_200054_email_preview.html,./dashboard_data/snapshots/202607/20260722_200054_email_preview.html,schedule
20260723014154868334,2026-07-23 01:41:54,業績報表,df4.csv,./dashboard_data/latest/df4.csv,schedule
20260723014154891547,2026-07-23 01:41:54,業績報表,daily_df.csv,./dashboard_data/latest/daily_df.csv,schedule
20260723014154912167,2026-07-23 01:41:54,次月統計報表,next_month_daily_df.csv,./dashboard_data/latest/next_month_daily_df.csv,schedule
20260723014154929744,2026-07-23 01:41:54,業績報表,email_preview.html,./dashboard_data/latest/email_preview.html,schedule
20260723014154947701,2026-07-23 01:41:54,業績報表,meta.json,./dashboard_data/latest/meta.json,schedule
20260723014154965627,2026-07-23 01:41:54,業績報表,20260723_014154_df4.csv,./dashboard_data/snapshots/202607/20260723_014154_df4.csv,schedule
20260723014154986265,2026-07-23 01:41:54,業績報表,20260723_014154_daily_df.csv,./dashboard_data/snapshots/202607/20260723_014154_daily_df.csv,schedule
20260723014155006723,2026-07-23 01:41:55,次月統計報表,20260723_014154_next_month_daily_df.csv,./dashboard_data/snapshots/202607/20260723_014154_next_month_daily_df.csv,schedule
20260723014155024579,2026-07-23 01:41:55,業績報表,20260723_014154_meta.json,./dashboard_data/snapshots/202607/20260723_014154_meta.json,schedule
20260723014155042774,2026-07-23 01:41:55,業績報表,20260723_014154_email_preview.html,./dashboard_data/snapshots/202607/20260723_014154_email_preview.html,schedule
20260723113850678439,2026-07-23 11:38:50,業績報表,df4.csv,./dashboard_data/latest/df4.csv,schedule
20260723113850700035,2026-07-23 11:38:50,業績報表,daily_df.csv,./dashboard_data/latest/daily_df.csv,schedule
20260723113850720553,2026-07-23 11:38:50,次月統計報表,next_month_daily_df.csv,./dashboard_data/latest/next_month_daily_df.csv,schedule
20260723113850738314,2026-07-23 11:38:50,業績報表,email_preview.html,./dashboard_data/latest/email_preview.html,schedule
20260723113850756392,2026-07-23 11:38:50,業績報表,meta.json,./dashboard_data/latest/meta.json,schedule
20260723113850775078,2026-07-23 11:38:50,業績報表,20260723_113850_df4.csv,./dashboard_data/snapshots/202607/20260723_113850_df4.csv,schedule
20260723113850796082,2026-07-23 11:38:50,業績報表,20260723_113850_daily_df.csv,./dashboard_data/snapshots/202607/20260723_113850_daily_df.csv,schedule
20260723113850816325,2026-07-23 11:38:50,次月統計報表,20260723_113850_next_month_daily_df.csv,./dashboard_data/snapshots/202607/20260723_113850_next_month_daily_df.csv,schedule
20260723113850834242,2026-07-23 11:38:50,業績報表,20260723_113850_meta.json,./dashboard_data/snapshots/202607/20260723_113850_meta.json,schedule
20260723113850852547,2026-07-23 11:38:50,業績報表,20260723_113850_email_preview.html,./dashboard_data/snapshots/202607/20260723_113850_email_preview.html,schedule
20260723200040240254,2026-07-23 20:00:40,業績報表,df4.csv,./dashboard_data/latest/df4.csv,schedule
20260723200040261091,2026-07-23 20:00:40,業績報表,daily_df.csv,./dashboard_data/latest/daily_df.csv,schedule
20260723200040280964,2026-07-23 20:00:40,次月統計報表,next_month_daily_df.csv,./dashboard_data/latest/next_month_daily_df.csv,schedule
20260723200040298220,2026-07-23 20:00:40,業績報表,email_preview.html,./dashboard_data/latest/email_preview.html,schedule
20260723200040315251,2026-07-23 20:00:40,業績報表,meta.json,./dashboard_data/latest/meta.json,schedule
20260723200040332639,2026-07-23 20:00:40,業績報表,20260723_200040_df4.csv,./dashboard_data/snapshots/202607/20260723_200040_df4.csv,schedule
20260723200040352611,2026-07-23 20:00:40,業績報表,20260723_200040_daily_df.csv,./dashboard_data/snapshots/202607/20260723_200040_daily_df.csv,schedule
20260723200040372182,2026-07-23 20:00:40,次月統計報表,20260723_200040_next_month_daily_df.csv,./dashboard_data/snapshots/202607/20260723_200040_next_month_daily_df.csv,schedule
20260723200040389220,2026-07-23 20:00:40,業績報表,20260723_200040_meta.json,./dashboard_data/snapshots/202607/20260723_200040_meta.json,schedule
20260723200040405961,2026-07-23 20:00:40,業績報表,20260723_200040_email_preview.html,./dashboard_data/snapshots/202607/20260723_200040_email_preview.html,schedule
20260724014634964177,2026-07-24 01:46:34,業績報表,df4.csv,./dashboard_data/latest/df4.csv,schedule
20260724014634984767,2026-07-24 01:46:34,業績報表,daily_df.csv,./dashboard_data/latest/daily_df.csv,schedule
20260724014635004276,2026-07-24 01:46:35,次月統計報表,next_month_daily_df.csv,./dashboard_data/latest/next_month_daily_df.csv,schedule
20260724014635021567,2026-07-24 01:46:35,業績報表,email_preview.html,./dashboard_data/latest/email_preview.html,schedule
20260724014635039067,2026-07-24 01:46:35,業績報表,meta.json,./dashboard_data/latest/meta.json,schedule
20260724014635056623,2026-07-24 01:46:35,業績報表,20260724_014634_df4.csv,./dashboard_data/snapshots/202607/20260724_014634_df4.csv,schedule
20260724014635076858,2026-07-24 01:46:35,業績報表,20260724_014634_daily_df.csv,./dashboard_data/snapshots/202607/20260724_014634_daily_df.csv,schedule
20260724014635096575,2026-07-24 01:46:35,次月統計報表,20260724_014634_next_month_daily_df.csv,./dashboard_data/snapshots/202607/20260724_014634_next_month_daily_df.csv,schedule
20260724014635113654,2026-07-24 01:46:35,業績報表,20260724_014634_meta.json,./dashboard_data/snapshots/202607/20260724_014634_meta.json,schedule
20260724014635130942,2026-07-24 01:46:35,業績報表,20260724_014634_email_preview.html,./dashboard_data/snapshots/202607/20260724_014634_email_preview.html,schedule
20260724113619852241,2026-07-24 11:36:19,業績報表,df4.csv,./dashboard_data/latest/df4.csv,schedule
20260724113619873766,2026-07-24 11:36:19,業績報表,daily_df.csv,./dashboard_data/latest/daily_df.csv,schedule
20260724113619893917,2026-07-24 11:36:19,次月統計報表,next_month_daily_df.csv,./dashboard_data/latest/next_month_daily_df.csv,schedule
20260724113619911242,2026-07-24 11:36:19,業績報表,email_preview.html,./dashboard_data/latest/email_preview.html,schedule
20260724113619928964,2026-07-24 11:36:19,業績報表,meta.json,./dashboard_data/latest/meta.json,schedule
20260724113619947095,2026-07-24 11:36:19,業績報表,20260724_113619_df4.csv,./dashboard_data/snapshots/202607/20260724_113619_df4.csv,schedule
20260724113619967621,2026-07-24 11:36:19,業績報表,20260724_113619_daily_df.csv,./dashboard_data/snapshots/202607/20260724_113619_daily_df.csv,schedule
20260724113619987467,2026-07-24 11:36:19,次月統計報表,20260724_113619_next_month_daily_df.csv,./dashboard_data/snapshots/202607/20260724_113619_next_month_daily_df.csv,schedule
20260724113620004714,2026-07-24 11:36:20,業績報表,20260724_113619_meta.json,./dashboard_data/snapshots/202607/20260724_113619_meta.json,schedule
20260724113620022009,2026-07-24 11:36:20,業績報表,20260724_113619_email_preview.html,./dashboard_data/snapshots/202607/20260724_113619_email_preview.html,schedule
20260724195316847899,2026-07-24 19:53:16,業績報表,df4.csv,./dashboard_data/latest/df4.csv,schedule
20260724195316869789,2026-07-24 19:53:16,業績報表,daily_df.csv,./dashboard_data/latest/daily_df.csv,schedule
20260724195316890066,2026-07-24 19:53:16,次月統計報表,next_month_daily_df.csv,./dashboard_data/latest/next_month_daily_df.csv,schedule
20260724195316907723,2026-07-24 19:53:16,業績報表,email_preview.html,./dashboard_data/latest/email_preview.html,schedule
20260724195316927580,2026-07-24 19:53:16,業績報表,meta.json,./dashboard_data/latest/meta.json,schedule
20260724195316945785,2026-07-24 19:53:16,業績報表,20260724_195316_df4.csv,./dashboard_data/snapshots/202607/20260724_195316_df4.csv,schedule
20260724195316966302,2026-07-24 19:53:16,業績報表,20260724_195316_daily_df.csv,./dashboard_data/snapshots/202607/20260724_195316_daily_df.csv,schedule
20260724195316986514,2026-07-24 19:53:16,次月統計報表,20260724_195316_next_month_daily_df.csv,./dashboard_data/snapshots/202607/20260724_195316_next_month_daily_df.csv,schedule
20260724195317004151,2026-07-24 19:53:17,業績報表,20260724_195316_meta.json,./dashboard_data/snapshots/202607/20260724_195316_meta.json,schedule
20260724195317021963,2026-07-24 19:53:17,業績報表,20260724_195316_email_preview.html,./dashboard_data/snapshots/202607/20260724_195316_email_preview.html,schedule
20260725015251154666,2026-07-25 01:52:51,業績報表,df4.csv,./dashboard_data/latest/df4.csv,schedule
20260725015251175782,2026-07-25 01:52:51,業績報表,daily_df.csv,./dashboard_data/latest/daily_df.csv,schedule
20260725015251195893,2026-07-25 01:52:51,次月統計報表,next_month_daily_df.csv,./dashboard_data/latest/next_month_daily_df.csv,schedule
20260725015251212891,2026-07-25 01:52:51,業績報表,email_preview.html,./dashboard_data/latest/email_preview.html,schedule
20260725015251230117,2026-07-25 01:52:51,業績報表,meta.json,./dashboard_data/latest/meta.json,schedule
20260725015251247765,2026-07-25 01:52:51,業績報表,20260725_015251_df4.csv,./dashboard_data/snapshots/202607/20260725_015251_df4.csv,schedule
20260725015251267895,2026-07-25 01:52:51,業績報表,20260725_015251_daily_df.csv,./dashboard_data/snapshots/202607/20260725_015251_daily_df.csv,schedule
20260725015251287573,2026-07-25 01:52:51,次月統計報表,20260725_015251_next_month_daily_df.csv,./dashboard_data/snapshots/202607/20260725_015251_next_month_daily_df.csv,schedule
20260725015251304859,2026-07-25 01:52:51,業績報表,20260725_015251_meta.json,./dashboard_data/snapshots/202607/20260725_015251_meta.json,schedule
20260725015251321992,2026-07-25 01:52:51,業績報表,20260725_015251_email_preview.html,./dashboard_data/snapshots/202607/20260725_015251_email_preview.html,schedule
20260725113300141429,2026-07-25 11:33:00,業績報表,df4.csv,./dashboard_data/latest/df4.csv,schedule
20260725113300161385,2026-07-25 11:33:00,業績報表,daily_df.csv,./dashboard_data/latest/daily_df.csv,schedule
20260725113300179524,2026-07-25 11:33:00,次月統計報表,next_month_daily_df.csv,./dashboard_data/latest/next_month_daily_df.csv,schedule
20260725113300194945,2026-07-25 11:33:00,業績報表,email_preview.html,./dashboard_data/latest/email_preview.html,schedule
20260725113300210420,2026-07-25 11:33:00,業績報表,meta.json,./dashboard_data/latest/meta.json,schedule
20260725113300226360,2026-07-25 11:33:00,業績報表,20260725_113300_df4.csv,./dashboard_data/snapshots/202607/20260725_113300_df4.csv,schedule
20260725113300245051,2026-07-25 11:33:00,業績報表,20260725_113300_daily_df.csv,./dashboard_data/snapshots/202607/20260725_113300_daily_df.csv,schedule
20260725113300263093,2026-07-25 11:33:00,次月統計報表,20260725_113300_next_month_daily_df.csv,./dashboard_data/snapshots/202607/20260725_113300_next_month_daily_df.csv,schedule
20260725113300278377,2026-07-25 11:33:00,業績報表,20260725_113300_meta.json,./dashboard_data/snapshots/202607/20260725_113300_meta.json,schedule
20260725113300293769,2026-07-25 11:33:00,業績報表,20260725_113300_email_preview.html,./dashboard_data/snapshots/202607/20260725_113300_email_preview.html,schedule
20260725192314791379,2026-07-25 19:23:14,業績報表,df4.csv,./dashboard_data/latest/df4.csv,schedule
20260725192314813832,2026-07-25 19:23:14,業績報表,daily_df.csv,./dashboard_data/latest/daily_df.csv,schedule
20260725192314834987,2026-07-25 19:23:14,次月統計報表,next_month_daily_df.csv,./dashboard_data/latest/next_month_daily_df.csv,schedule
20260725192314853272,2026-07-25 19:23:14,業績報表,email_preview.html,./dashboard_data/latest/email_preview.html,schedule
20260725192314872089,2026-07-25 19:23:14,業績報表,meta.json,./dashboard_data/latest/meta.json,schedule
20260725192314891384,2026-07-25 19:23:14,業績報表,20260725_192314_df4.csv,./dashboard_data/snapshots/202607/20260725_192314_df4.csv,schedule
20260725192314913217,2026-07-25 19:23:14,業績報表,20260725_192314_daily_df.csv,./dashboard_data/snapshots/202607/20260725_192314_daily_df.csv,schedule
20260725192314934340,2026-07-25 19:23:14,次月統計報表,20260725_192314_next_month_daily_df.csv,./dashboard_data/snapshots/202607/20260725_192314_next_month_daily_df.csv,schedule
20260725192314952851,2026-07-25 19:23:14,業績報表,20260725_192314_meta.json,./dashboard_data/snapshots/202607/20260725_192314_meta.json,schedule
20260725192314971376,2026-07-25 19:23:14,業績報表,20260725_192314_email_preview.html,./dashboard_data/snapshots/202607/20260725_192314_email_preview.html,schedule
20260726011643391382,2026-07-26 01:16:43,業績報表,df4.csv,./dashboard_data/latest/df4.csv,schedule
20260726011643412850,2026-07-26 01:16:43,業績報表,daily_df.csv,./dashboard_data/latest/daily_df.csv,schedule
20260726011643432942,2026-07-26 01:16:43,次月統計報表,next_month_daily_df.csv,./dashboard_data/latest/next_month_daily_df.csv,schedule
20260726011643450181,2026-07-26 01:16:43,業績報表,email_preview.html,./dashboard_data/latest/email_preview.html,schedule
20260726011643467527,2026-07-26 01:16:43,業績報表,meta.json,./dashboard_data/latest/meta.json,schedule
20260726011643485191,2026-07-26 01:16:43,業績報表,20260726_011643_df4.csv,./dashboard_data/snapshots/202607/20260726_011643_df4.csv,schedule
20260726011643505611,2026-07-26 01:16:43,業績報表,20260726_011643_daily_df.csv,./dashboard_data/snapshots/202607/20260726_011643_daily_df.csv,schedule
20260726011643525511,2026-07-26 01:16:43,次月統計報表,20260726_011643_next_month_daily_df.csv,./dashboard_data/snapshots/202607/20260726_011643_next_month_daily_df.csv,schedule
20260726011643542616,2026-07-26 01:16:43,業績報表,20260726_011643_meta.json,./dashboard_data/snapshots/202607/20260726_011643_meta.json,schedule
20260726011643559811,2026-07-26 01:16:43,業績報表,20260726_011643_email_preview.html,./dashboard_data/snapshots/202607/20260726_011643_email_preview.html,schedule
20260726114942437704,2026-07-26 11:49:42,業績報表,df4.csv,./dashboard_data/latest/df4.csv,schedule
20260726114942459598,2026-07-26 11:49:42,業績報表,daily_df.csv,./dashboard_data/latest/daily_df.csv,schedule
20260726114942479918,2026-07-26 11:49:42,次月統計報表,next_month_daily_df.csv,./dashboard_data/latest/next_month_daily_df.csv,schedule
20260726114942497368,2026-07-26 11:49:42,業績報表,email_preview.html,./dashboard_data/latest/email_preview.html,schedule
20260726114942514680,2026-07-26 11:49:42,業績報表,meta.json,./dashboard_data/latest/meta.json,schedule
20260726114942532650,2026-07-26 11:49:42,業績報表,20260726_114942_df4.csv,./dashboard_data/snapshots/202607/20260726_114942_df4.csv,schedule
20260726114942553181,2026-07-26 11:49:42,業績報表,20260726_114942_daily_df.csv,./dashboard_data/snapshots/202607/20260726_114942_daily_df.csv,schedule
20260726114942573437,2026-07-26 11:49:42,次月統計報表,20260726_114942_next_month_daily_df.csv,./dashboard_data/snapshots/202607/20260726_114942_next_month_daily_df.csv,schedule
20260726114942590765,2026-07-26 11:49:42,業績報表,20260726_114942_meta.json,./dashboard_data/snapshots/202607/20260726_114942_meta.json,schedule
20260726114942608382,2026-07-26 11:49:42,業績報表,20260726_114942_email_preview.html,./dashboard_data/snapshots/202607/20260726_114942_email_preview.html,schedule
20260726193512544264,2026-07-26 19:35:12,業績報表,df4.csv,./dashboard_data/latest/df4.csv,schedule
20260726193512566845,2026-07-26 19:35:12,業績報表,daily_df.csv,./dashboard_data/latest/daily_df.csv,schedule
20260726193512588474,2026-07-26 19:35:12,次月統計報表,next_month_daily_df.csv,./dashboard_data/latest/next_month_daily_df.csv,schedule
20260726193512607623,2026-07-26 19:35:12,業績報表,email_preview.html,./dashboard_data/latest/email_preview.html,schedule
20260726193512625945,2026-07-26 19:35:12,業績報表,meta.json,./dashboard_data/latest/meta.json,schedule
20260726193512644099,2026-07-26 19:35:12,業績報表,20260726_193512_df4.csv,./dashboard_data/snapshots/202607/20260726_193512_df4.csv,schedule
20260726193512664936,2026-07-26 19:35:12,業績報表,20260726_193512_daily_df.csv,./dashboard_data/snapshots/202607/20260726_193512_daily_df.csv,schedule
20260726193512686733,2026-07-26 19:35:12,次月統計報表,20260726_193512_next_month_daily_df.csv,./dashboard_data/snapshots/202607/20260726_193512_next_month_daily_df.csv,schedule
20260726193512705296,2026-07-26 19:35:12,業績報表,20260726_193512_meta.json,./dashboard_data/snapshots/202607/20260726_193512_meta.json,schedule
20260726193512723783,2026-07-26 19:35:12,業績報表,20260726_193512_email_preview.html,./dashboard_data/snapshots/202607/20260726_193512_email_preview.html,schedule
20260727011632989377,2026-07-27 01:16:32,業績報表,df4.csv,./dashboard_data/latest/df4.csv,schedule
20260727011633010089,2026-07-27 01:16:33,業績報表,daily_df.csv,./dashboard_data/latest/daily_df.csv,schedule
20260727011633029428,2026-07-27 01:16:33,次月統計報表,next_month_daily_df.csv,./dashboard_data/latest/next_month_daily_df.csv,schedule
20260727011633045935,2026-07-27 01:16:33,業績報表,email_preview.html,./dashboard_data/latest/email_preview.html,schedule
20260727011633062425,2026-07-27 01:16:33,業績報表,meta.json,./dashboard_data/latest/meta.json,schedule
20260727011633079330,2026-07-27 01:16:33,業績報表,20260727_011632_df4.csv,./dashboard_data/snapshots/202607/20260727_011632_df4.csv,schedule
20260727011633098868,2026-07-27 01:16:33,業績報表,20260727_011632_daily_df.csv,./dashboard_data/snapshots/202607/20260727_011632_daily_df.csv,schedule
20260727011633117594,2026-07-27 01:16:33,次月統計報表,20260727_011632_next_month_daily_df.csv,./dashboard_data/snapshots/202607/20260727_011632_next_month_daily_df.csv,schedule
20260727011633133512,2026-07-27 01:16:33,業績報表,20260727_011632_meta.json,./dashboard_data/snapshots/202607/20260727_011632_meta.json,schedule
20260727011633149791,2026-07-27 01:16:33,業績報表,20260727_011632_email_preview.html,./dashboard_data/snapshots/202607/20260727_011632_email_preview.html,schedule
20260727115738006175,2026-07-27 11:57:38,業績報表,df4.csv,./dashboard_data/latest/df4.csv,schedule
20260727115738027716,2026-07-27 11:57:38,業績報表,daily_df.csv,./dashboard_data/latest/daily_df.csv,schedule
20260727115738048077,2026-07-27 11:57:38,次月統計報表,next_month_daily_df.csv,./dashboard_data/latest/next_month_daily_df.csv,schedule
20260727115738065741,2026-07-27 11:57:38,業績報表,email_preview.html,./dashboard_data/latest/email_preview.html,schedule
20260727115738082886,2026-07-27 11:57:38,業績報表,meta.json,./dashboard_data/latest/meta.json,schedule
20260727115738100800,2026-07-27 11:57:38,業績報表,20260727_115738_df4.csv,./dashboard_data/snapshots/202607/20260727_115738_df4.csv,schedule
20260727115738121334,2026-07-27 11:57:38,業績報表,20260727_115738_daily_df.csv,./dashboard_data/snapshots/202607/20260727_115738_daily_df.csv,schedule
20260727115738140921,2026-07-27 11:57:38,次月統計報表,20260727_115738_next_month_daily_df.csv,./dashboard_data/snapshots/202607/20260727_115738_next_month_daily_df.csv,schedule
20260727115738158272,2026-07-27 11:57:38,業績報表,20260727_115738_meta.json,./dashboard_data/snapshots/202607/20260727_115738_meta.json,schedule
20260727115738176449,2026-07-27 11:57:38,業績報表,20260727_115738_email_preview.html,./dashboard_data/snapshots/202607/20260727_115738_email_preview.html,schedule
20260727211930432747,2026-07-27 21:19:30,業績報表,df4.csv,./dashboard_data/latest/df4.csv,schedule
20260727211930455275,2026-07-27 21:19:30,業績報表,daily_df.csv,./dashboard_data/latest/daily_df.csv,schedule
20260727211930476717,2026-07-27 21:19:30,次月統計報表,next_month_daily_df.csv,./dashboard_data/latest/next_month_daily_df.csv,schedule
20260727211930495629,2026-07-27 21:19:30,業績報表,email_preview.html,./dashboard_data/latest/email_preview.html,schedule
20260727211930514019,2026-07-27 21:19:30,業績報表,meta.json,./dashboard_data/latest/meta.json,schedule
20260727211930533372,2026-07-27 21:19:30,業績報表,20260727_211930_df4.csv,./dashboard_data/snapshots/202607/20260727_211930_df4.csv,schedule
20260727211930555174,2026-07-27 21:19:30,業績報表,20260727_211930_daily_df.csv,./dashboard_data/snapshots/202607/20260727_211930_daily_df.csv,schedule
20260727211930576688,2026-07-27 21:19:30,次月統計報表,20260727_211930_next_month_daily_df.csv,./dashboard_data/snapshots/202607/20260727_211930_next_month_daily_df.csv,schedule
20260727211930595302,2026-07-27 21:19:30,業績報表,20260727_211930_meta.json,./dashboard_data/snapshots/202607/20260727_211930_meta.json,schedule
20260727211930614119,2026-07-27 21:19:30,業績報表,20260727_211930_email_preview.html,./dashboard_data/snapshots/202607/20260727_211930_email_preview.html,schedule
20260728015630037595,2026-07-28 01:56:30,業績報表,df4.csv,./dashboard_data/latest/df4.csv,schedule
20260728015630059526,2026-07-28 01:56:30,業績報表,daily_df.csv,./dashboard_data/latest/daily_df.csv,schedule
20260728015630080107,2026-07-28 01:56:30,次月統計報表,next_month_daily_df.csv,./dashboard_data/latest/next_month_daily_df.csv,schedule
20260728015630097871,2026-07-28 01:56:30,業績報表,email_preview.html,./dashboard_data/latest/email_preview.html,schedule
20260728015630115150,2026-07-28 01:56:30,業績報表,meta.json,./dashboard_data/latest/meta.json,schedule
20260728015630132881,2026-07-28 01:56:30,業績報表,20260728_015630_df4.csv,./dashboard_data/snapshots/202607/20260728_015630_df4.csv,schedule
20260728015630153338,2026-07-28 01:56:30,業績報表,20260728_015630_daily_df.csv,./dashboard_data/snapshots/202607/20260728_015630_daily_df.csv,schedule
20260728015630173132,2026-07-28 01:56:30,次月統計報表,20260728_015630_next_month_daily_df.csv,./dashboard_data/snapshots/202607/20260728_015630_next_month_daily_df.csv,schedule
20260728015630190313,2026-07-28 01:56:30,業績報表,20260728_015630_meta.json,./dashboard_data/snapshots/202607/20260728_015630_meta.json,schedule
20260728015630207689,2026-07-28 01:56:30,業績報表,20260728_015630_email_preview.html,./dashboard_data/snapshots/202607/20260728_015630_email_preview.html,schedule
20260728112944302393,2026-07-28 11:29:44,業績報表,df4.csv,./dashboard_data/latest/df4.csv,schedule
20260728112944324417,2026-07-28 11:29:44,業績報表,daily_df.csv,./dashboard_data/latest/daily_df.csv,schedule
20260728112944345224,2026-07-28 11:29:44,次月統計報表,next_month_daily_df.csv,./dashboard_data/latest/next_month_daily_df.csv,schedule
20260728112944363285,2026-07-28 11:29:44,業績報表,email_preview.html,./dashboard_data/latest/email_preview.html,schedule
20260728112944381598,2026-07-28 11:29:44,業績報表,meta.json,./dashboard_data/latest/meta.json,schedule
20260728112944400449,2026-07-28 11:29:44,業績報表,20260728_112944_df4.csv,./dashboard_data/snapshots/202607/20260728_112944_df4.csv,schedule
20260728112944421830,2026-07-28 11:29:44,業績報表,20260728_112944_daily_df.csv,./dashboard_data/snapshots/202607/20260728_112944_daily_df.csv,schedule
20260728112944442669,2026-07-28 11:29:44,次月統計報表,20260728_112944_next_month_daily_df.csv,./dashboard_data/snapshots/202607/20260728_112944_next_month_daily_df.csv,schedule
20260728112944460443,2026-07-28 11:29:44,業績報表,20260728_112944_meta.json,./dashboard_data/snapshots/202607/20260728_112944_meta.json,schedule
20260728112944478517,2026-07-28 11:29:44,業績報表,20260728_112944_email_preview.html,./dashboard_data/snapshots/202607/20260728_112944_email_preview.html,schedule
20260728200810924251,2026-07-28 20:08:10,業績報表,df4.csv,./dashboard_data/latest/df4.csv,schedule
20260728200810947255,2026-07-28 20:08:10,業績報表,daily_df.csv,./dashboard_data/latest/daily_df.csv,schedule
20260728200810968910,2026-07-28 20:08:10,次月統計報表,next_month_daily_df.csv,./dashboard_data/latest/next_month_daily_df.csv,schedule
20260728200810988036,2026-07-28 20:08:10,業績報表,email_preview.html,./dashboard_data/latest/email_preview.html,schedule
20260728200811007538,2026-07-28 20:08:11,業績報表,meta.json,./dashboard_data/latest/meta.json,schedule
20260728200811027100,2026-07-28 20:08:11,業績報表,20260728_200810_df4.csv,./dashboard_data/snapshots/202607/20260728_200810_df4.csv,schedule
20260728200811048789,2026-07-28 20:08:11,業績報表,20260728_200810_daily_df.csv,./dashboard_data/snapshots/202607/20260728_200810_daily_df.csv,schedule
20260728200811070209,2026-07-28 20:08:11,次月統計報表,20260728_200810_next_month_daily_df.csv,./dashboard_data/snapshots/202607/20260728_200810_next_month_daily_df.csv,schedule
20260728200811089143,2026-07-28 20:08:11,業績報表,20260728_200810_meta.json,./dashboard_data/snapshots/202607/20260728_200810_meta.json,schedule
20260728200811107923,2026-07-28 20:08:11,業績報表,20260728_200810_email_preview.html,./dashboard_data/snapshots/202607/20260728_200810_email_preview.html,schedule
20260729014549062693,2026-07-29 01:45:49,業績報表,df4.csv,./dashboard_data/latest/df4.csv,schedule
20260729014549085997,2026-07-29 01:45:49,業績報表,daily_df.csv,./dashboard_data/latest/daily_df.csv,schedule
20260729014549108121,2026-07-29 01:45:49,次月統計報表,next_month_daily_df.csv,./dashboard_data/latest/next_month_daily_df.csv,schedule
20260729014549126814,2026-07-29 01:45:49,業績報表,email_preview.html,./dashboard_data/latest/email_preview.html,schedule
20260729014549146391,2026-07-29 01:45:49,業績報表,meta.json,./dashboard_data/latest/meta.json,schedule
20260729014549167203,2026-07-29 01:45:49,業績報表,20260729_014549_df4.csv,./dashboard_data/snapshots/202607/20260729_014549_df4.csv,schedule
20260729014549190323,2026-07-29 01:45:49,業績報表,20260729_014549_daily_df.csv,./dashboard_data/snapshots/202607/20260729_014549_daily_df.csv,schedule
20260729014549213423,2026-07-29 01:45:49,次月統計報表,20260729_014549_next_month_daily_df.csv,./dashboard_data/snapshots/202607/20260729_014549_next_month_daily_df.csv,schedule
20260729014549233226,2026-07-29 01:45:49,業績報表,20260729_014549_meta.json,./dashboard_data/snapshots/202607/20260729_014549_meta.json,schedule
20260729014549253010,2026-07-29 01:45:49,業績報表,20260729_014549_email_preview.html,./dashboard_data/snapshots/202607/20260729_014549_email_preview.html,schedule
20260729113149121099,2026-07-29 11:31:49,業績報表,df4.csv,./dashboard_data/latest/df4.csv,schedule
20260729113149142339,2026-07-29 11:31:49,業績報表,daily_df.csv,./dashboard_data/latest/daily_df.csv,schedule
20260729113149162389,2026-07-29 11:31:49,次月統計報表,next_month_daily_df.csv,./dashboard_data/latest/next_month_daily_df.csv,schedule
20260729113149179615,2026-07-29 11:31:49,業績報表,email_preview.html,./dashboard_data/latest/email_preview.html,schedule
20260729113149197157,2026-07-29 11:31:49,業績報表,meta.json,./dashboard_data/latest/meta.json,schedule
20260729113149214994,2026-07-29 11:31:49,業績報表,20260729_113149_df4.csv,./dashboard_data/snapshots/202607/20260729_113149_df4.csv,schedule
20260729113149235579,2026-07-29 11:31:49,業績報表,20260729_113149_daily_df.csv,./dashboard_data/snapshots/202607/20260729_113149_daily_df.csv,schedule
20260729113149255706,2026-07-29 11:31:49,次月統計報表,20260729_113149_next_month_daily_df.csv,./dashboard_data/snapshots/202607/20260729_113149_next_month_daily_df.csv,schedule
20260729113149273013,2026-07-29 11:31:49,業績報表,20260729_113149_meta.json,./dashboard_data/snapshots/202607/20260729_113149_meta.json,schedule
20260729113149291051,2026-07-29 11:31:49,業績報表,20260729_113149_email_preview.html,./dashboard_data/snapshots/202607/20260729_113149_email_preview.html,schedule
20260729201439322996,2026-07-29 20:14:39,業績報表,df4.csv,./dashboard_data/latest/df4.csv,schedule
20260729201439344477,2026-07-29 20:14:39,業績報表,daily_df.csv,./dashboard_data/latest/daily_df.csv,schedule
20260729201439364822,2026-07-29 20:14:39,次月統計報表,next_month_daily_df.csv,./dashboard_data/latest/next_month_daily_df.csv,schedule
20260729201439382442,2026-07-29 20:14:39,業績報表,email_preview.html,./dashboard_data/latest/email_preview.html,schedule
20260729201439400398,2026-07-29 20:14:39,業績報表,meta.json,./dashboard_data/latest/meta.json,schedule
20260729201439418756,2026-07-29 20:14:39,業績報表,20260729_201439_df4.csv,./dashboard_data/snapshots/202607/20260729_201439_df4.csv,schedule
20260729201439439434,2026-07-29 20:14:39,業績報表,20260729_201439_daily_df.csv,./dashboard_data/snapshots/202607/20260729_201439_daily_df.csv,schedule
20260729201439459673,2026-07-29 20:14:39,次月統計報表,20260729_201439_next_month_daily_df.csv,./dashboard_data/snapshots/202607/20260729_201439_next_month_daily_df.csv,schedule
20260729201439477103,2026-07-29 20:14:39,業績報表,20260729_201439_meta.json,./dashboard_data/snapshots/202607/20260729_201439_meta.json,schedule
20260729201439494898,2026-07-29 20:14:39,業績報表,20260729_201439_email_preview.html,./dashboard_data/snapshots/202607/20260729_201439_email_preview.html,schedule
20260730013915790123,2026-07-30 01:39:15,業績報表,df4.csv,./dashboard_data/latest/df4.csv,schedule
20260730013915813406,2026-07-30 01:39:15,業績報表,daily_df.csv,./dashboard_data/latest/daily_df.csv,schedule
20260730013915835069,2026-07-30 01:39:15,次月統計報表,next_month_daily_df.csv,./dashboard_data/latest/next_month_daily_df.csv,schedule
20260730013915853195,2026-07-30 01:39:15,業績報表,email_preview.html,./dashboard_data/latest/email_preview.html,schedule
20260730013915871855,2026-07-30 01:39:15,業績報表,meta.json,./dashboard_data/latest/meta.json,schedule
20260730013915890990,2026-07-30 01:39:15,業績報表,20260730_013915_df4.csv,./dashboard_data/snapshots/202607/20260730_013915_df4.csv,schedule
20260730013915912900,2026-07-30 01:39:15,業績報表,20260730_013915_daily_df.csv,./dashboard_data/snapshots/202607/20260730_013915_daily_df.csv,schedule
20260730013915934324,2026-07-30 01:39:15,次月統計報表,20260730_013915_next_month_daily_df.csv,./dashboard_data/snapshots/202607/20260730_013915_next_month_daily_df.csv,schedule
20260730013915953091,2026-07-30 01:39:15,業績報表,20260730_013915_meta.json,./dashboard_data/snapshots/202607/20260730_013915_meta.json,schedule
20260730013915972376,2026-07-30 01:39:15,業績報表,20260730_013915_email_preview.html,./dashboard_data/snapshots/202607/20260730_013915_email_preview.html,schedule
20260730111915372585,2026-07-30 11:19:15,業績報表,df4.csv,./dashboard_data/latest/df4.csv,schedule
20260730111915394635,2026-07-30 11:19:15,業績報表,daily_df.csv,./dashboard_data/latest/daily_df.csv,schedule
20260730111915415602,2026-07-30 11:19:15,次月統計報表,next_month_daily_df.csv,./dashboard_data/latest/next_month_daily_df.csv,schedule
20260730111915433623,2026-07-30 11:19:15,業績報表,email_preview.html,./dashboard_data/latest/email_preview.html,schedule
20260730111915451935,2026-07-30 11:19:15,業績報表,meta.json,./dashboard_data/latest/meta.json,schedule
20260730111915470559,2026-07-30 11:19:15,業績報表,20260730_111915_df4.csv,./dashboard_data/snapshots/202607/20260730_111915_df4.csv,schedule
20260730111915491720,2026-07-30 11:19:15,業績報表,20260730_111915_daily_df.csv,./dashboard_data/snapshots/202607/20260730_111915_daily_df.csv,schedule
20260730111915512407,2026-07-30 11:19:15,次月統計報表,20260730_111915_next_month_daily_df.csv,./dashboard_data/snapshots/202607/20260730_111915_next_month_daily_df.csv,schedule
20260730111915530410,2026-07-30 11:19:15,業績報表,20260730_111915_meta.json,./dashboard_data/snapshots/202607/20260730_111915_meta.json,schedule
20260730111915548409,2026-07-30 11:19:15,業績報表,20260730_111915_email_preview.html,./dashboard_data/snapshots/202607/20260730_111915_email_preview.html,schedule
20260730200156855399,2026-07-30 20:01:56,業績報表,df4.csv,./dashboard_data/latest/df4.csv,schedule
20260730200156900253,2026-07-30 20:01:56,業績報表,daily_df.csv,./dashboard_data/latest/daily_df.csv,schedule
20260730200156944141,2026-07-30 20:01:56,次月統計報表,next_month_daily_df.csv,./dashboard_data/latest/next_month_daily_df.csv,schedule
20260730200157004160,2026-07-30 20:01:57,業績報表,email_preview.html,./dashboard_data/latest/email_preview.html,schedule
20260730200157048931,2026-07-30 20:01:57,業績報表,meta.json,./dashboard_data/latest/meta.json,schedule
20260730200157099256,2026-07-30 20:01:57,業績報表,20260730_200156_df4.csv,./dashboard_data/snapshots/202607/20260730_200156_df4.csv,schedule
20260730200157126542,2026-07-30 20:01:57,業績報表,20260730_200156_daily_df.csv,./dashboard_data/snapshots/202607/20260730_200156_daily_df.csv,schedule
20260730200157177437,2026-07-30 20:01:57,次月統計報表,20260730_200156_next_month_daily_df.csv,./dashboard_data/snapshots/202607/20260730_200156_next_month_daily_df.csv,schedule
20260730200157240766,2026-07-30 20:01:57,業績報表,20260730_200156_meta.json,./dashboard_data/snapshots/202607/20260730_200156_meta.json,schedule
20260730200157304467,2026-07-30 20:01:57,業績報表,20260730_200156_email_preview.html,./dashboard_data/snapshots/202607/20260730_200156_email_preview.html,schedule
20260731014930431764,2026-07-31 01:49:30,月底快照,month_end_summary.csv,./dashboard_data/daily_overview_history/month_end_summary.csv,schedule
20260731014930451709,2026-07-31 01:49:30,月底快照,20260731_month_end_summary.csv,./dashboard_data/snapshots/202607/20260731_month_end_summary.csv,schedule
20260731014930476217,2026-07-31 01:49:30,業績報表,df4.csv,./dashboard_data/latest/df4.csv,schedule
20260731014930498091,2026-07-31 01:49:30,業績報表,daily_df.csv,./dashboard_data/latest/daily_df.csv,schedule
20260731014930520466,2026-07-31 01:49:30,次月統計報表,next_month_daily_df.csv,./dashboard_data/latest/next_month_daily_df.csv,schedule
20260731014930541912,2026-07-31 01:49:30,月底快照,month_end_summary.csv,./dashboard_data/latest/month_end_summary.csv,schedule
20260731014930560777,2026-07-31 01:49:30,業績報表,email_preview.html,./dashboard_data/latest/email_preview.html,schedule
20260731014930579604,2026-07-31 01:49:30,業績報表,meta.json,./dashboard_data/latest/meta.json,schedule
20260731014930598948,2026-07-31 01:49:30,業績報表,20260731_014930_df4.csv,./dashboard_data/snapshots/202607/20260731_014930_df4.csv,schedule
20260731014930620962,2026-07-31 01:49:30,業績報表,20260731_014930_daily_df.csv,./dashboard_data/snapshots/202607/20260731_014930_daily_df.csv,schedule
20260731014930642558,2026-07-31 01:49:30,次月統計報表,20260731_014930_next_month_daily_df.csv,./dashboard_data/snapshots/202607/20260731_014930_next_month_daily_df.csv,schedule
20260731014930662216,2026-07-31 01:49:30,月底快照,20260731_014930_month_end_summary.csv,./dashboard_data/snapshots/202607/20260731_014930_month_end_summary.csv,schedule
20260731014930680952,2026-07-31 01:49:30,業績報表,20260731_014930_meta.json,./dashboard_data/snapshots/202607/20260731_014930_meta.json,schedule
20260731014930699976,2026-07-31 01:49:30,業績報表,20260731_014930_email_preview.html,./dashboard_data/snapshots/202607/20260731_014930_email_preview.html,schedule
20260731114604485563,2026-07-31 11:46:04,月底快照,month_end_summary.csv,./dashboard_data/daily_overview_history/month_end_summary.csv,schedule
20260731114604505737,2026-07-31 11:46:04,月底快照,20260731_month_end_summary.csv,./dashboard_data/snapshots/202607/20260731_month_end_summary.csv,schedule
20260731114604530168,2026-07-31 11:46:04,業績報表,df4.csv,./dashboard_data/latest/df4.csv,schedule
20260731114604552328,2026-07-31 11:46:04,業績報表,daily_df.csv,./dashboard_data/latest/daily_df.csv,schedule
20260731114604573969,2026-07-31 11:46:04,次月統計報表,next_month_daily_df.csv,./dashboard_data/latest/next_month_daily_df.csv,schedule
20260731114604593480,2026-07-31 11:46:04,月底快照,month_end_summary.csv,./dashboard_data/latest/month_end_summary.csv,schedule
20260731114604611991,2026-07-31 11:46:04,業績報表,email_preview.html,./dashboard_data/latest/email_preview.html,schedule
20260731114604630424,2026-07-31 11:46:04,業績報表,meta.json,./dashboard_data/latest/meta.json,schedule
20260731114604649374,2026-07-31 11:46:04,業績報表,20260731_114604_df4.csv,./dashboard_data/snapshots/202607/20260731_114604_df4.csv,schedule
20260731114604672346,2026-07-31 11:46:04,業績報表,20260731_114604_daily_df.csv,./dashboard_data/snapshots/202607/20260731_114604_daily_df.csv,schedule
20260731114604694391,2026-07-31 11:46:04,次月統計報表,20260731_114604_next_month_daily_df.csv,./dashboard_data/snapshots/202607/20260731_114604_next_month_daily_df.csv,schedule
20260731114604713769,2026-07-31 11:46:04,月底快照,20260731_114604_month_end_summary.csv,./dashboard_data/snapshots/202607/20260731_114604_month_end_summary.csv,schedule
20260731114604733138,2026-07-31 11:46:04,業績報表,20260731_114604_meta.json,./dashboard_data/snapshots/202607/20260731_114604_meta.json,schedule
20260731114604752563,2026-07-31 11:46:04,業績報表,20260731_114604_email_preview.html,./dashboard_data/snapshots/202607/20260731_114604_email_preview.html,schedule
20260731201039829163,2026-07-31 20:10:39,月底快照,month_end_summary.csv,./dashboard_data/daily_overview_history/month_end_summary.csv,schedule
20260731201039844218,2026-07-31 20:10:39,月底快照,20260731_month_end_summary.csv,./dashboard_data/snapshots/202607/20260731_month_end_summary.csv,schedule
20260731201039862428,2026-07-31 20:10:39,業績報表,df4.csv,./dashboard_data/latest/df4.csv,schedule
20260731201039878868,2026-07-31 20:10:39,業績報表,daily_df.csv,./dashboard_data/latest/daily_df.csv,schedule
20260731201039894819,2026-07-31 20:10:39,次月統計報表,next_month_daily_df.csv,./dashboard_data/latest/next_month_daily_df.csv,schedule
20260731201039909236,2026-07-31 20:10:39,月底快照,month_end_summary.csv,./dashboard_data/latest/month_end_summary.csv,schedule
20260731201039922902,2026-07-31 20:10:39,業績報表,email_preview.html,./dashboard_data/latest/email_preview.html,schedule
20260731201039936789,2026-07-31 20:10:39,業績報表,meta.json,./dashboard_data/latest/meta.json,schedule
20260731201039950782,2026-07-31 20:10:39,業績報表,20260731_201039_df4.csv,./dashboard_data/snapshots/202607/20260731_201039_df4.csv,schedule
20260731201039967363,2026-07-31 20:10:39,業績報表,20260731_201039_daily_df.csv,./dashboard_data/snapshots/202607/20260731_201039_daily_df.csv,schedule
20260731201039985836,2026-07-31 20:10:39,次月統計報表,20260731_201039_next_month_daily_df.csv,./dashboard_data/snapshots/202607/20260731_201039_next_month_daily_df.csv,schedule
20260731201040031155,2026-07-31 20:10:40,月底快照,20260731_201039_month_end_summary.csv,./dashboard_data/snapshots/202607/20260731_201039_month_end_summary.csv,schedule
20260731201040045095,2026-07-31 20:10:40,業績報表,20260731_201039_meta.json,./dashboard_data/snapshots/202607/20260731_201039_meta.json,schedule
20260731201040058813,2026-07-31 20:10:40,業績報表,20260731_201039_email_preview.html,./dashboard_data/snapshots/202607/20260731_201039_email_preview.html,schedule
20260801015300412821,2026-08-01 01:53:00,業績報表,df4.csv,./dashboard_data/latest/df4.csv,schedule
20260801015300436071,2026-08-01 01:53:00,業績報表,daily_df.csv,./dashboard_data/latest/daily_df.csv,schedule
20260801015300458606,2026-08-01 01:53:00,次月統計報表,next_month_daily_df.csv,./dashboard_data/latest/next_month_daily_df.csv,schedule
20260801015300478070,2026-08-01 01:53:00,業績報表,email_preview.html,./dashboard_data/latest/email_preview.html,schedule
20260801015300497469,2026-08-01 01:53:00,業績報表,meta.json,./dashboard_data/latest/meta.json,schedule
20260801015300517615,2026-08-01 01:53:00,業績報表,20260801_015300_df4.csv,./dashboard_data/snapshots/202608/20260801_015300_df4.csv,schedule
20260801015300540588,2026-08-01 01:53:00,業績報表,20260801_015300_daily_df.csv,./dashboard_data/snapshots/202608/20260801_015300_daily_df.csv,schedule
20260801015300562803,2026-08-01 01:53:00,次月統計報表,20260801_015300_next_month_daily_df.csv,./dashboard_data/snapshots/202608/20260801_015300_next_month_daily_df.csv,schedule
20260801015300584364,2026-08-01 01:53:00,業績報表,20260801_015300_meta.json,./dashboard_data/snapshots/202608/20260801_015300_meta.json,schedule
20260801015300604362,2026-08-01 01:53:00,業績報表,20260801_015300_email_preview.html,./dashboard_data/snapshots/202608/20260801_015300_email_preview.html,schedule
20260801114516098949,2026-08-01 11:45:16,業績報表,df4.csv,./dashboard_data/latest/df4.csv,schedule
20260801114516117711,2026-08-01 11:45:16,業績報表,daily_df.csv,./dashboard_data/latest/daily_df.csv,schedule
20260801114516134725,2026-08-01 11:45:16,次月統計報表,next_month_daily_df.csv,./dashboard_data/latest/next_month_daily_df.csv,schedule
20260801114516149234,2026-08-01 11:45:16,業績報表,email_preview.html,./dashboard_data/latest/email_preview.html,schedule
20260801114516163727,2026-08-01 11:45:16,業績報表,meta.json,./dashboard_data/latest/meta.json,schedule
20260801114516178744,2026-08-01 11:45:16,業績報表,20260801_114516_df4.csv,./dashboard_data/snapshots/202608/20260801_114516_df4.csv,schedule
20260801114516270037,2026-08-01 11:45:16,業績報表,20260801_114516_daily_df.csv,./dashboard_data/snapshots/202608/20260801_114516_daily_df.csv,schedule
20260801114516286806,2026-08-01 11:45:16,次月統計報表,20260801_114516_next_month_daily_df.csv,./dashboard_data/snapshots/202608/20260801_114516_next_month_daily_df.csv,schedule
20260801114516301083,2026-08-01 11:45:16,業績報表,20260801_114516_meta.json,./dashboard_data/snapshots/202608/20260801_114516_meta.json,schedule
20260801114516315581,2026-08-01 11:45:16,業績報表,20260801_114516_email_preview.html,./dashboard_data/snapshots/202608/20260801_114516_email_preview.html,schedule
20260801193254883731,2026-08-01 19:32:54,業績報表,df4.csv,./dashboard_data/latest/df4.csv,schedule
20260801193254906396,2026-08-01 19:32:54,業績報表,daily_df.csv,./dashboard_data/latest/daily_df.csv,schedule
20260801193254927923,2026-08-01 19:32:54,次月統計報表,next_month_daily_df.csv,./dashboard_data/latest/next_month_daily_df.csv,schedule
20260801193254946627,2026-08-01 19:32:54,業績報表,email_preview.html,./dashboard_data/latest/email_preview.html,schedule
20260801193254965477,2026-08-01 19:32:54,業績報表,meta.json,./dashboard_data/latest/meta.json,schedule
20260801193254984649,2026-08-01 19:32:54,業績報表,20260801_193254_df4.csv,./dashboard_data/snapshots/202608/20260801_193254_df4.csv,schedule
20260801193255006592,2026-08-01 19:32:55,業績報表,20260801_193254_daily_df.csv,./dashboard_data/snapshots/202608/20260801_193254_daily_df.csv,schedule
20260801193255027936,2026-08-01 19:32:55,次月統計報表,20260801_193254_next_month_daily_df.csv,./dashboard_data/snapshots/202608/20260801_193254_next_month_daily_df.csv,schedule
20260801193255046482,2026-08-01 19:32:55,業績報表,20260801_193254_meta.json,./dashboard_data/snapshots/202608/20260801_193254_meta.json,schedule
20260801193255065358,2026-08-01 19:32:55,業績報表,20260801_193254_email_preview.html,./dashboard_data/snapshots/202608/20260801_193254_email_preview.html,schedule
20260802011534862788,2026-08-02 01:15:34,業績報表,df4.csv,./dashboard_data/latest/df4.csv,schedule
20260802011534886241,2026-08-02 01:15:34,業績報表,daily_df.csv,./dashboard_data/latest/daily_df.csv,schedule
20260802011534908146,2026-08-02 01:15:34,次月統計報表,next_month_daily_df.csv,./dashboard_data/latest/next_month_daily_df.csv,schedule
20260802011534926668,2026-08-02 01:15:34,業績報表,email_preview.html,./dashboard_data/latest/email_preview.html,schedule
20260802011534945795,2026-08-02 01:15:34,業績報表,meta.json,./dashboard_data/latest/meta.json,schedule
20260802011534964884,2026-08-02 01:15:34,業績報表,20260802_011534_df4.csv,./dashboard_data/snapshots/202608/20260802_011534_df4.csv,schedule
20260802011534986791,2026-08-02 01:15:34,業績報表,20260802_011534_daily_df.csv,./dashboard_data/snapshots/202608/20260802_011534_daily_df.csv,schedule
20260802011535008440,2026-08-02 01:15:35,次月統計報表,20260802_011534_next_month_daily_df.csv,./dashboard_data/snapshots/202608/20260802_011534_next_month_daily_df.csv,schedule
20260802011535027040,2026-08-02 01:15:35,業績報表,20260802_011534_meta.json,./dashboard_data/snapshots/202608/20260802_011534_meta.json,schedule
20260802011535045951,2026-08-02 01:15:35,業績報表,20260802_011534_email_preview.html,./dashboard_data/snapshots/202608/20260802_011534_email_preview.html,schedule
20260802114651362722,2026-08-02 11:46:51,業績報表,df4.csv,./dashboard_data/latest/df4.csv,schedule
20260802114651385372,2026-08-02 11:46:51,業績報表,daily_df.csv,./dashboard_data/latest/daily_df.csv,schedule
20260802114651407046,2026-08-02 11:46:51,次月統計報表,next_month_daily_df.csv,./dashboard_data/latest/next_month_daily_df.csv,schedule
20260802114651425374,2026-08-02 11:46:51,業績報表,email_preview.html,./dashboard_data/latest/email_preview.html,schedule
20260802114651444443,2026-08-02 11:46:51,業績報表,meta.json,./dashboard_data/latest/meta.json,schedule
20260802114651463202,2026-08-02 11:46:51,業績報表,20260802_114651_df4.csv,./dashboard_data/snapshots/202608/20260802_114651_df4.csv,schedule
20260802114651484778,2026-08-02 11:46:51,業績報表,20260802_114651_daily_df.csv,./dashboard_data/snapshots/202608/20260802_114651_daily_df.csv,schedule
20260802114651506580,2026-08-02 11:46:51,次月統計報表,20260802_114651_next_month_daily_df.csv,./dashboard_data/snapshots/202608/20260802_114651_next_month_daily_df.csv,schedule
20260802114651525356,2026-08-02 11:46:51,業績報表,20260802_114651_meta.json,./dashboard_data/snapshots/202608/20260802_114651_meta.json,schedule
20260802114651543877,2026-08-02 11:46:51,業績報表,20260802_114651_email_preview.html,./dashboard_data/snapshots/202608/20260802_114651_email_preview.html,schedule
20260802193141323599,2026-08-02 19:31:41,業績報表,df4.csv,./dashboard_data/latest/df4.csv,schedule
20260802193141347493,2026-08-02 19:31:41,業績報表,daily_df.csv,./dashboard_data/latest/daily_df.csv,schedule
20260802193141369669,2026-08-02 19:31:41,次月統計報表,next_month_daily_df.csv,./dashboard_data/latest/next_month_daily_df.csv,schedule
20260802193141388871,2026-08-02 19:31:41,業績報表,email_preview.html,./dashboard_data/latest/email_preview.html,schedule
20260802193141408108,2026-08-02 19:31:41,業績報表,meta.json,./dashboard_data/latest/meta.json,schedule
20260802193141428305,2026-08-02 19:31:41,業績報表,20260802_193141_df4.csv,./dashboard_data/snapshots/202608/20260802_193141_df4.csv,schedule
20260802193141451101,2026-08-02 19:31:41,業績報表,20260802_193141_daily_df.csv,./dashboard_data/snapshots/202608/20260802_193141_daily_df.csv,schedule
20260802193141473378,2026-08-02 19:31:41,次月統計報表,20260802_193141_next_month_daily_df.csv,./dashboard_data/snapshots/202608/20260802_193141_next_month_daily_df.csv,schedule
20260802193141492552,2026-08-02 19:31:41,業績報表,20260802_193141_meta.json,./dashboard_data/snapshots/202608/20260802_193141_meta.json,schedule
20260802193141512146,2026-08-02 19:31:41,業績報表,20260802_193141_email_preview.html,./dashboard_data/snapshots/202608/20260802_193141_email_preview.html,schedule
20260803011642660356,2026-08-03 01:16:42,業績報表,df4.csv,./dashboard_data/latest/df4.csv,schedule
20260803011642682789,2026-08-03 01:16:42,業績報表,daily_df.csv,./dashboard_data/latest/daily_df.csv,schedule
20260803011642704414,2026-08-03 01:16:42,次月統計報表,next_month_daily_df.csv,./dashboard_data/latest/next_month_daily_df.csv,schedule
20260803011642723111,2026-08-03 01:16:42,業績報表,email_preview.html,./dashboard_data/latest/email_preview.html,schedule
20260803011642741367,2026-08-03 01:16:42,業績報表,meta.json,./dashboard_data/latest/meta.json,schedule
20260803011642760532,2026-08-03 01:16:42,業績報表,20260803_011642_df4.csv,./dashboard_data/snapshots/202608/20260803_011642_df4.csv,schedule
20260803011642782357,2026-08-03 01:16:42,業績報表,20260803_011642_daily_df.csv,./dashboard_data/snapshots/202608/20260803_011642_daily_df.csv,schedule
20260803011642803372,2026-08-03 01:16:42,次月統計報表,20260803_011642_next_month_daily_df.csv,./dashboard_data/snapshots/202608/20260803_011642_next_month_daily_df.csv,schedule
20260803011642821860,2026-08-03 01:16:42,業績報表,20260803_011642_meta.json,./dashboard_data/snapshots/202608/20260803_011642_meta.json,schedule
20260803011642840482,2026-08-03 01:16:42,業績報表,20260803_011642_email_preview.html,./dashboard_data/snapshots/202608/20260803_011642_email_preview.html,schedule
20260803114830499467,2026-08-03 11:48:30,業績報表,df4.csv,./dashboard_data/latest/df4.csv,schedule
20260803114830523343,2026-08-03 11:48:30,業績報表,daily_df.csv,./dashboard_data/latest/daily_df.csv,schedule
20260803114830545527,2026-08-03 11:48:30,次月統計報表,next_month_daily_df.csv,./dashboard_data/latest/next_month_daily_df.csv,schedule
20260803114830564780,2026-08-03 11:48:30,業績報表,email_preview.html,./dashboard_data/latest/email_preview.html,schedule
20260803114830583993,2026-08-03 11:48:30,業績報表,meta.json,./dashboard_data/latest/meta.json,schedule
20260803114830606442,2026-08-03 11:48:30,業績報表,20260803_114830_df4.csv,./dashboard_data/snapshots/202608/20260803_114830_df4.csv,schedule
20260803114830628857,2026-08-03 11:48:30,業績報表,20260803_114830_daily_df.csv,./dashboard_data/snapshots/202608/20260803_114830_daily_df.csv,schedule
20260803114830650766,2026-08-03 11:48:30,次月統計報表,20260803_114830_next_month_daily_df.csv,./dashboard_data/snapshots/202608/20260803_114830_next_month_daily_df.csv,schedule
20260803114830669812,2026-08-03 11:48:30,業績報表,20260803_114830_meta.json,./dashboard_data/snapshots/202608/20260803_114830_meta.json,schedule
20260803114830689470,2026-08-03 11:48:30,業績報表,20260803_114830_email_preview.html,./dashboard_data/snapshots/202608/20260803_114830_email_preview.html,schedule
20260803211743823449,2026-08-03 21:17:43,業績報表,df4.csv,./dashboard_data/latest/df4.csv,schedule
20260803211743846544,2026-08-03 21:17:43,業績報表,daily_df.csv,./dashboard_data/latest/daily_df.csv,schedule
20260803211743907908,2026-08-03 21:17:43,次月統計報表,next_month_daily_df.csv,./dashboard_data/latest/next_month_daily_df.csv,schedule
20260803211743926236,2026-08-03 21:17:43,業績報表,email_preview.html,./dashboard_data/latest/email_preview.html,schedule
20260803211743945124,2026-08-03 21:17:43,業績報表,meta.json,./dashboard_data/latest/meta.json,schedule
20260803211743963925,2026-08-03 21:17:43,業績報表,20260803_211743_df4.csv,./dashboard_data/snapshots/202608/20260803_211743_df4.csv,schedule
20260803211743985452,2026-08-03 21:17:43,業績報表,20260803_211743_daily_df.csv,./dashboard_data/snapshots/202608/20260803_211743_daily_df.csv,schedule
20260803211744006403,2026-08-03 21:17:44,次月統計報表,20260803_211743_next_month_daily_df.csv,./dashboard_data/snapshots/202608/20260803_211743_next_month_daily_df.csv,schedule
20260803211744024863,2026-08-03 21:17:44,業績報表,20260803_211743_meta.json,./dashboard_data/snapshots/202608/20260803_211743_meta.json,schedule
20260803211744043054,2026-08-03 21:17:44,業績報表,20260803_211743_email_preview.html,./dashboard_data/snapshots/202608/20260803_211743_email_preview.html,schedule
20260804020641376570,2026-08-04 02:06:41,業績報表,df4.csv,./dashboard_data/latest/df4.csv,schedule
20260804020641401124,2026-08-04 02:06:41,業績報表,daily_df.csv,./dashboard_data/latest/daily_df.csv,schedule
20260804020641424707,2026-08-04 02:06:41,次月統計報表,next_month_daily_df.csv,./dashboard_data/latest/next_month_daily_df.csv,schedule
20260804020641444791,2026-08-04 02:06:41,業績報表,email_preview.html,./dashboard_data/latest/email_preview.html,schedule
20260804020641465212,2026-08-04 02:06:41,業績報表,meta.json,./dashboard_data/latest/meta.json,schedule
20260804020641486555,2026-08-04 02:06:41,業績報表,20260804_020641_df4.csv,./dashboard_data/snapshots/202608/20260804_020641_df4.csv,schedule
20260804020641510867,2026-08-04 02:06:41,業績報表,20260804_020641_daily_df.csv,./dashboard_data/snapshots/202608/20260804_020641_daily_df.csv,schedule
20260804020641534501,2026-08-04 02:06:41,次月統計報表,20260804_020641_next_month_daily_df.csv,./dashboard_data/snapshots/202608/20260804_020641_next_month_daily_df.csv,schedule
20260804020641554569,2026-08-04 02:06:41,業績報表,20260804_020641_meta.json,./dashboard_data/snapshots/202608/20260804_020641_meta.json,schedule
20260804020641575359,2026-08-04 02:06:41,業績報表,20260804_020641_email_preview.html,./dashboard_data/snapshots/202608/20260804_020641_email_preview.html,schedule
20260804113152655326,2026-08-04 11:31:52,業績報表,df4.csv,./dashboard_data/latest/df4.csv,schedule
20260804113152679820,2026-08-04 11:31:52,業績報表,daily_df.csv,./dashboard_data/latest/daily_df.csv,schedule
20260804113152703168,2026-08-04 11:31:52,次月統計報表,next_month_daily_df.csv,./dashboard_data/latest/next_month_daily_df.csv,schedule
20260804113152723367,2026-08-04 11:31:52,業績報表,email_preview.html,./dashboard_data/latest/email_preview.html,schedule
20260804113152743013,2026-08-04 11:31:52,業績報表,meta.json,./dashboard_data/latest/meta.json,schedule
20260804113152763540,2026-08-04 11:31:52,業績報表,20260804_113152_df4.csv,./dashboard_data/snapshots/202608/20260804_113152_df4.csv,schedule
20260804113152787149,2026-08-04 11:31:52,業績報表,20260804_113152_daily_df.csv,./dashboard_data/snapshots/202608/20260804_113152_daily_df.csv,schedule
20260804113152809810,2026-08-04 11:31:52,次月統計報表,20260804_113152_next_month_daily_df.csv,./dashboard_data/snapshots/202608/20260804_113152_next_month_daily_df.csv,schedule
20260804113152829632,2026-08-04 11:31:52,業績報表,20260804_113152_meta.json,./dashboard_data/snapshots/202608/20260804_113152_meta.json,schedule
20260804113152850333,2026-08-04 11:31:52,業績報表,20260804_113152_email_preview.html,./dashboard_data/snapshots/202608/20260804_113152_email_preview.html,schedule
20260804201359666544,2026-08-04 20:13:59,業績報表,df4.csv,./dashboard_data/latest/df4.csv,schedule
20260804201359689389,2026-08-04 20:13:59,業績報表,daily_df.csv,./dashboard_data/latest/daily_df.csv,schedule
20260804201359710873,2026-08-04 20:13:59,次月統計報表,next_month_daily_df.csv,./dashboard_data/latest/next_month_daily_df.csv,schedule
20260804201359729398,2026-08-04 20:13:59,業績報表,email_preview.html,./dashboard_data/latest/email_preview.html,schedule
20260804201359747980,2026-08-04 20:13:59,業績報表,meta.json,./dashboard_data/latest/meta.json,schedule
20260804201359766954,2026-08-04 20:13:59,業績報表,20260804_201359_df4.csv,./dashboard_data/snapshots/202608/20260804_201359_df4.csv,schedule
20260804201359789042,2026-08-04 20:13:59,業績報表,20260804_201359_daily_df.csv,./dashboard_data/snapshots/202608/20260804_201359_daily_df.csv,schedule
20260804201359810443,2026-08-04 20:13:59,次月統計報表,20260804_201359_next_month_daily_df.csv,./dashboard_data/snapshots/202608/20260804_201359_next_month_daily_df.csv,schedule
20260804201359829135,2026-08-04 20:13:59,業績報表,20260804_201359_meta.json,./dashboard_data/snapshots/202608/20260804_201359_meta.json,schedule
20260804201359847817,2026-08-04 20:13:59,業績報表,20260804_201359_email_preview.html,./dashboard_data/snapshots/202608/20260804_201359_email_preview.html,schedule
20260805020401606636,2026-08-05 02:04:01,業績報表,df4.csv,./dashboard_data/latest/df4.csv,schedule
20260805020401623088,2026-08-05 02:04:01,業績報表,daily_df.csv,./dashboard_data/latest/daily_df.csv,schedule
20260805020401703256,2026-08-05 02:04:01,次月統計報表,next_month_daily_df.csv,./dashboard_data/latest/next_month_daily_df.csv,schedule
20260805020401715340,2026-08-05 02:04:01,業績報表,email_preview.html,./dashboard_data/latest/email_preview.html,schedule
20260805020401727311,2026-08-05 02:04:01,業績報表,meta.json,./dashboard_data/latest/meta.json,schedule
20260805020401739729,2026-08-05 02:04:01,業績報表,20260805_020401_df4.csv,./dashboard_data/snapshots/202608/20260805_020401_df4.csv,schedule
20260805020401754032,2026-08-05 02:04:01,業績報表,20260805_020401_daily_df.csv,./dashboard_data/snapshots/202608/20260805_020401_daily_df.csv,schedule
20260805020401767867,2026-08-05 02:04:01,次月統計報表,20260805_020401_next_month_daily_df.csv,./dashboard_data/snapshots/202608/20260805_020401_next_month_daily_df.csv,schedule
20260805020401787369,2026-08-05 02:04:01,業績報表,20260805_020401_meta.json,./dashboard_data/snapshots/202608/20260805_020401_meta.json,schedule
20260805020401799351,2026-08-05 02:04:01,業績報表,20260805_020401_email_preview.html,./dashboard_data/snapshots/202608/20260805_020401_email_preview.html,schedule
20260805112658610039,2026-08-05 11:26:58,業績報表,df4.csv,./dashboard_data/latest/df4.csv,schedule
20260805112658633763,2026-08-05 11:26:58,業績報表,daily_df.csv,./dashboard_data/latest/daily_df.csv,schedule
20260805112658656186,2026-08-05 11:26:58,次月統計報表,next_month_daily_df.csv,./dashboard_data/latest/next_month_daily_df.csv,schedule
20260805112658675832,2026-08-05 11:26:58,業績報表,email_preview.html,./dashboard_data/latest/email_preview.html,schedule
20260805112658695973,2026-08-05 11:26:58,業績報表,meta.json,./dashboard_data/latest/meta.json,schedule
20260805112658716726,2026-08-05 11:26:58,業績報表,20260805_112658_df4.csv,./dashboard_data/snapshots/202608/20260805_112658_df4.csv,schedule
20260805112658739664,2026-08-05 11:26:58,業績報表,20260805_112658_daily_df.csv,./dashboard_data/snapshots/202608/20260805_112658_daily_df.csv,schedule
20260805112658762112,2026-08-05 11:26:58,次月統計報表,20260805_112658_next_month_daily_df.csv,./dashboard_data/snapshots/202608/20260805_112658_next_month_daily_df.csv,schedule
20260805112658781716,2026-08-05 11:26:58,業績報表,20260805_112658_meta.json,./dashboard_data/snapshots/202608/20260805_112658_meta.json,schedule
20260805112658801553,2026-08-05 11:26:58,業績報表,20260805_112658_email_preview.html,./dashboard_data/snapshots/202608/20260805_112658_email_preview.html,schedule
20260805201026922987,2026-08-05 20:10:26,業績報表,df4.csv,./dashboard_data/latest/df4.csv,schedule
20260805201026946351,2026-08-05 20:10:26,業績報表,daily_df.csv,./dashboard_data/latest/daily_df.csv,schedule
20260805201026969441,2026-08-05 20:10:26,次月統計報表,next_month_daily_df.csv,./dashboard_data/latest/next_month_daily_df.csv,schedule
20260805201026989603,2026-08-05 20:10:26,業績報表,email_preview.html,./dashboard_data/latest/email_preview.html,schedule
20260805201027010714,2026-08-05 20:10:27,業績報表,meta.json,./dashboard_data/latest/meta.json,schedule
20260805201027032220,2026-08-05 20:10:27,業績報表,20260805_201026_df4.csv,./dashboard_data/snapshots/202608/20260805_201026_df4.csv,schedule
20260805201027055944,2026-08-05 20:10:27,業績報表,20260805_201026_daily_df.csv,./dashboard_data/snapshots/202608/20260805_201026_daily_df.csv,schedule
20260805201027079057,2026-08-05 20:10:27,次月統計報表,20260805_201026_next_month_daily_df.csv,./dashboard_data/snapshots/202608/20260805_201026_next_month_daily_df.csv,schedule
20260805201027098367,2026-08-05 20:10:27,業績報表,20260805_201026_meta.json,./dashboard_data/snapshots/202608/20260805_201026_meta.json,schedule
20260805201027118907,2026-08-05 20:10:27,業績報表,20260805_201026_email_preview.html,./dashboard_data/snapshots/202608/20260805_201026_email_preview.html,schedule
20260806015407816112,2026-08-06 01:54:07,業績報表,df4.csv,./dashboard_data/latest/df4.csv,schedule
20260806015407840807,2026-08-06 01:54:07,業績報表,daily_df.csv,./dashboard_data/latest/daily_df.csv,schedule
20260806015407864016,2026-08-06 01:54:07,次月統計報表,next_month_daily_df.csv,./dashboard_data/latest/next_month_daily_df.csv,schedule
20260806015407883834,2026-08-06 01:54:07,業績報表,email_preview.html,./dashboard_data/latest/email_preview.html,schedule
20260806015407904167,2026-08-06 01:54:07,業績報表,meta.json,./dashboard_data/latest/meta.json,schedule
20260806015407925120,2026-08-06 01:54:07,業績報表,20260806_015407_df4.csv,./dashboard_data/snapshots/202608/20260806_015407_df4.csv,schedule
20260806015407948852,2026-08-06 01:54:07,業績報表,20260806_015407_daily_df.csv,./dashboard_data/snapshots/202608/20260806_015407_daily_df.csv,schedule
20260806015407971731,2026-08-06 01:54:07,次月統計報表,20260806_015407_next_month_daily_df.csv,./dashboard_data/snapshots/202608/20260806_015407_next_month_daily_df.csv,schedule
20260806015407992290,2026-08-06 01:54:07,業績報表,20260806_015407_meta.json,./dashboard_data/snapshots/202608/20260806_015407_meta.json,schedule
20260806015408012756,2026-08-06 01:54:08,業績報表,20260806_015407_email_preview.html,./dashboard_data/snapshots/202608/20260806_015407_email_preview.html,schedule
20260806113017454299,2026-08-06 11:30:17,業績報表,df4.csv,./dashboard_data/latest/df4.csv,schedule
20260806113017478114,2026-08-06 11:30:17,業績報表,daily_df.csv,./dashboard_data/latest/daily_df.csv,schedule
20260806113017500345,2026-08-06 11:30:17,次月統計報表,next_month_daily_df.csv,./dashboard_data/latest/next_month_daily_df.csv,schedule
20260806113017519272,2026-08-06 11:30:17,業績報表,email_preview.html,./dashboard_data/latest/email_preview.html,schedule
20260806113017538335,2026-08-06 11:30:17,業績報表,meta.json,./dashboard_data/latest/meta.json,schedule
20260806113017557695,2026-08-06 11:30:17,業績報表,20260806_113017_df4.csv,./dashboard_data/snapshots/202608/20260806_113017_df4.csv,schedule
20260806113017579936,2026-08-06 11:30:17,業績報表,20260806_113017_daily_df.csv,./dashboard_data/snapshots/202608/20260806_113017_daily_df.csv,schedule
20260806113017601814,2026-08-06 11:30:17,次月統計報表,20260806_113017_next_month_daily_df.csv,./dashboard_data/snapshots/202608/20260806_113017_next_month_daily_df.csv,schedule
20260806113017621089,2026-08-06 11:30:17,業績報表,20260806_113017_meta.json,./dashboard_data/snapshots/202608/20260806_113017_meta.json,schedule
20260806113017641195,2026-08-06 11:30:17,業績報表,20260806_113017_email_preview.html,./dashboard_data/snapshots/202608/20260806_113017_email_preview.html,schedule
20260806201448087070,2026-08-06 20:14:48,業績報表,df4.csv,./dashboard_data/latest/df4.csv,schedule
20260806201448110570,2026-08-06 20:14:48,業績報表,daily_df.csv,./dashboard_data/latest/daily_df.csv,schedule
20260806201448132856,2026-08-06 20:14:48,次月統計報表,next_month_daily_df.csv,./dashboard_data/latest/next_month_daily_df.csv,schedule
20260806201448151962,2026-08-06 20:14:48,業績報表,email_preview.html,./dashboard_data/latest/email_preview.html,schedule
20260806201448171374,2026-08-06 20:14:48,業績報表,meta.json,./dashboard_data/latest/meta.json,schedule
20260806201448191273,2026-08-06 20:14:48,業績報表,20260806_201448_df4.csv,./dashboard_data/snapshots/202608/20260806_201448_df4.csv,schedule
20260806201448214078,2026-08-06 20:14:48,業績報表,20260806_201448_daily_df.csv,./dashboard_data/snapshots/202608/20260806_201448_daily_df.csv,schedule
20260806201448235909,2026-08-06 20:14:48,次月統計報表,20260806_201448_next_month_daily_df.csv,./dashboard_data/snapshots/202608/20260806_201448_next_month_daily_df.csv,schedule
20260806201448255291,2026-08-06 20:14:48,業績報表,20260806_201448_meta.json,./dashboard_data/snapshots/202608/20260806_201448_meta.json,schedule
20260806201448274655,2026-08-06 20:14:48,業績報表,20260806_201448_email_preview.html,./dashboard_data/snapshots/202608/20260806_201448_email_preview.html,schedule
20260807111327983015,2026-08-07 11:13:27,業績報表,df4.csv,./dashboard_data/latest/df4.csv,schedule
20260807111328006247,2026-08-07 11:13:28,業績報表,daily_df.csv,./dashboard_data/latest/daily_df.csv,schedule
20260807111328028509,2026-08-07 11:13:28,次月統計報表,next_month_daily_df.csv,./dashboard_data/latest/next_month_daily_df.csv,schedule
20260807111328047323,2026-08-07 11:13:28,業績報表,email_preview.html,./dashboard_data/latest/email_preview.html,schedule
20260807111328066659,2026-08-07 11:13:28,業績報表,meta.json,./dashboard_data/latest/meta.json,schedule
20260807111328085888,2026-08-07 11:13:28,業績報表,20260807_111327_df4.csv,./dashboard_data/snapshots/202608/20260807_111327_df4.csv,schedule
20260807111328108127,2026-08-07 11:13:28,業績報表,20260807_111327_daily_df.csv,./dashboard_data/snapshots/202608/20260807_111327_daily_df.csv,schedule
20260807111328130357,2026-08-07 11:13:28,次月統計報表,20260807_111327_next_month_daily_df.csv,./dashboard_data/snapshots/202608/20260807_111327_next_month_daily_df.csv,schedule
20260807111328149314,2026-08-07 11:13:28,業績報表,20260807_111327_meta.json,./dashboard_data/snapshots/202608/20260807_111327_meta.json,schedule
20260807111328168466,2026-08-07 11:13:28,業績報表,20260807_111327_email_preview.html,./dashboard_data/snapshots/202608/20260807_111327_email_preview.html,schedule
20260807190419240839,2026-08-07 19:04:19,業績報表,df4.csv,./dashboard_data/latest/df4.csv,schedule
20260807190419267786,2026-08-07 19:04:19,業績報表,daily_df.csv,./dashboard_data/latest/daily_df.csv,schedule
20260807190419293272,2026-08-07 19:04:19,次月統計報表,next_month_daily_df.csv,./dashboard_data/latest/next_month_daily_df.csv,schedule
20260807190419314828,2026-08-07 19:04:19,業績報表,email_preview.html,./dashboard_data/latest/email_preview.html,schedule
20260807190419336943,2026-08-07 19:04:19,業績報表,meta.json,./dashboard_data/latest/meta.json,schedule
20260807190419359574,2026-08-07 19:04:19,業績報表,20260807_190419_df4.csv,./dashboard_data/snapshots/202608/20260807_190419_df4.csv,schedule
20260807190419385457,2026-08-07 19:04:19,業績報表,20260807_190419_daily_df.csv,./dashboard_data/snapshots/202608/20260807_190419_daily_df.csv,schedule
20260807190419411501,2026-08-07 19:04:19,次月統計報表,20260807_190419_next_month_daily_df.csv,./dashboard_data/snapshots/202608/20260807_190419_next_month_daily_df.csv,schedule
20260807190419433193,2026-08-07 19:04:19,業績報表,20260807_190419_meta.json,./dashboard_data/snapshots/202608/20260807_190419_meta.json,schedule
20260807190419454424,2026-08-07 19:04:19,業績報表,20260807_190419_email_preview.html,./dashboard_data/snapshots/202608/20260807_190419_email_preview.html,schedule
20260808010823649664,2026-08-08 01:08:23,業績報表,df4.csv,./dashboard_data/latest/df4.csv,schedule
20260808010823673574,2026-08-08 01:08:23,業績報表,daily_df.csv,./dashboard_data/latest/daily_df.csv,schedule
20260808010823695843,2026-08-08 01:08:23,次月統計報表,next_month_daily_df.csv,./dashboard_data/latest/next_month_daily_df.csv,schedule
20260808010823715278,2026-08-08 01:08:23,業績報表,email_preview.html,./dashboard_data/latest/email_preview.html,schedule
20260808010823734572,2026-08-08 01:08:23,業績報表,meta.json,./dashboard_data/latest/meta.json,schedule
20260808010823754602,2026-08-08 01:08:23,業績報表,20260808_010823_df4.csv,./dashboard_data/snapshots/202608/20260808_010823_df4.csv,schedule
20260808010823777424,2026-08-08 01:08:23,業績報表,20260808_010823_daily_df.csv,./dashboard_data/snapshots/202608/20260808_010823_daily_df.csv,schedule
20260808010823800056,2026-08-08 01:08:23,次月統計報表,20260808_010823_next_month_daily_df.csv,./dashboard_data/snapshots/202608/20260808_010823_next_month_daily_df.csv,schedule
20260808010823819742,2026-08-08 01:08:23,業績報表,20260808_010823_meta.json,./dashboard_data/snapshots/202608/20260808_010823_meta.json,schedule
20260808010823838882,2026-08-08 01:08:23,業績報表,20260808_010823_email_preview.html,./dashboard_data/snapshots/202608/20260808_010823_email_preview.html,schedule
20260808101540259266,2026-08-08 10:15:40,業績報表,df4.csv,./dashboard_data/latest/df4.csv,schedule
20260808101540283793,2026-08-08 10:15:40,業績報表,daily_df.csv,./dashboard_data/latest/daily_df.csv,schedule
20260808101540306652,2026-08-08 10:15:40,次月統計報表,next_month_daily_df.csv,./dashboard_data/latest/next_month_daily_df.csv,schedule
20260808101540326048,2026-08-08 10:15:40,業績報表,email_preview.html,./dashboard_data/latest/email_preview.html,schedule
20260808101540345952,2026-08-08 10:15:40,業績報表,meta.json,./dashboard_data/latest/meta.json,schedule
20260808101540366457,2026-08-08 10:15:40,業績報表,20260808_101540_df4.csv,./dashboard_data/snapshots/202608/20260808_101540_df4.csv,schedule
20260808101540389691,2026-08-08 10:15:40,業績報表,20260808_101540_daily_df.csv,./dashboard_data/snapshots/202608/20260808_101540_daily_df.csv,schedule
20260808101540412585,2026-08-08 10:15:40,次月統計報表,20260808_101540_next_month_daily_df.csv,./dashboard_data/snapshots/202608/20260808_101540_next_month_daily_df.csv,schedule
20260808101540432343,2026-08-08 10:15:40,業績報表,20260808_101540_meta.json,./dashboard_data/snapshots/202608/20260808_101540_meta.json,schedule
20260808101540452167,2026-08-08 10:15:40,業績報表,20260808_101540_email_preview.html,./dashboard_data/snapshots/202608/20260808_101540_email_preview.html,schedule
20260808184718622792,2026-08-08 18:47:18,業績報表,df4.csv,./dashboard_data/latest/df4.csv,schedule
20260808184718729906,2026-08-08 18:47:18,業績報表,daily_df.csv,./dashboard_data/latest/daily_df.csv,schedule
20260808184718853845,2026-08-08 18:47:18,次月統計報表,next_month_daily_df.csv,./dashboard_data/latest/next_month_daily_df.csv,schedule
20260808184718892647,2026-08-08 18:47:18,業績報表,email_preview.html,./dashboard_data/latest/email_preview.html,schedule
20260808184718962955,2026-08-08 18:47:18,業績報表,meta.json,./dashboard_data/latest/meta.json,schedule
20260808184719196094,2026-08-08 18:47:19,業績報表,20260808_184718_df4.csv,./dashboard_data/snapshots/202608/20260808_184718_df4.csv,schedule
20260808184719428577,2026-08-08 18:47:19,業績報表,20260808_184718_daily_df.csv,./dashboard_data/snapshots/202608/20260808_184718_daily_df.csv,schedule
20260808184719452476,2026-08-08 18:47:19,次月統計報表,20260808_184718_next_month_daily_df.csv,./dashboard_data/snapshots/202608/20260808_184718_next_month_daily_df.csv,schedule
20260808184719509996,2026-08-08 18:47:19,業績報表,20260808_184718_meta.json,./dashboard_data/snapshots/202608/20260808_184718_meta.json,schedule
20260808184719522372,2026-08-08 18:47:19,業績報表,20260808_184718_email_preview.html,./dashboard_data/snapshots/202608/20260808_184718_email_preview.html,schedule
20260809005257516132,2026-08-09 00:52:57,業績報表,df4.csv,./dashboard_data/latest/df4.csv,schedule
20260809005257541139,2026-08-09 00:52:57,業績報表,daily_df.csv,./dashboard_data/latest/daily_df.csv,schedule
20260809005257563541,2026-08-09 00:52:57,次月統計報表,next_month_daily_df.csv,./dashboard_data/latest/next_month_daily_df.csv,schedule
20260809005257583200,2026-08-09 00:52:57,業績報表,email_preview.html,./dashboard_data/latest/email_preview.html,schedule
20260809005257602964,2026-08-09 00:52:57,業績報表,meta.json,./dashboard_data/latest/meta.json,schedule
20260809005257624271,2026-08-09 00:52:57,業績報表,20260809_005257_df4.csv,./dashboard_data/snapshots/202608/20260809_005257_df4.csv,schedule
20260809005257648514,2026-08-09 00:52:57,業績報表,20260809_005257_daily_df.csv,./dashboard_data/snapshots/202608/20260809_005257_daily_df.csv,schedule
20260809005257671331,2026-08-09 00:52:57,次月統計報表,20260809_005257_next_month_daily_df.csv,./dashboard_data/snapshots/202608/20260809_005257_next_month_daily_df.csv,schedule
20260809005257690622,2026-08-09 00:52:57,業績報表,20260809_005257_meta.json,./dashboard_data/snapshots/202608/20260809_005257_meta.json,schedule
20260809005257709829,2026-08-09 00:52:57,業績報表,20260809_005257_email_preview.html,./dashboard_data/snapshots/202608/20260809_005257_email_preview.html,schedule
20260809102415620351,2026-08-09 10:24:15,業績報表,df4.csv,./dashboard_data/latest/df4.csv,schedule
20260809102415643829,2026-08-09 10:24:15,業績報表,daily_df.csv,./dashboard_data/latest/daily_df.csv,schedule
20260809102415665933,2026-08-09 10:24:15,次月統計報表,next_month_daily_df.csv,./dashboard_data/latest/next_month_daily_df.csv,schedule
20260809102415685033,2026-08-09 10:24:15,業績報表,email_preview.html,./dashboard_data/latest/email_preview.html,schedule
20260809102415704172,2026-08-09 10:24:15,業績報表,meta.json,./dashboard_data/latest/meta.json,schedule
20260809102415723800,2026-08-09 10:24:15,業績報表,20260809_102415_df4.csv,./dashboard_data/snapshots/202608/20260809_102415_df4.csv,schedule
20260809102415746488,2026-08-09 10:24:15,業績報表,20260809_102415_daily_df.csv,./dashboard_data/snapshots/202608/20260809_102415_daily_df.csv,schedule
20260809102415768518,2026-08-09 10:24:15,次月統計報表,20260809_102415_next_month_daily_df.csv,./dashboard_data/snapshots/202608/20260809_102415_next_month_daily_df.csv,schedule
20260809102415787500,2026-08-09 10:24:15,業績報表,20260809_102415_meta.json,./dashboard_data/snapshots/202608/20260809_102415_meta.json,schedule
20260809102415806506,2026-08-09 10:24:15,業績報表,20260809_102415_email_preview.html,./dashboard_data/snapshots/202608/20260809_102415_email_preview.html,schedule
20260809184859242101,2026-08-09 18:48:59,業績報表,df4.csv,./dashboard_data/latest/df4.csv,schedule
20260809184859481183,2026-08-09 18:48:59,業績報表,daily_df.csv,./dashboard_data/latest/daily_df.csv,schedule
20260809184859724112,2026-08-09 18:48:59,次月統計報表,next_month_daily_df.csv,./dashboard_data/latest/next_month_daily_df.csv,schedule
20260809184859740481,2026-08-09 18:48:59,業績報表,email_preview.html,./dashboard_data/latest/email_preview.html,schedule
20260809184859863231,2026-08-09 18:48:59,業績報表,meta.json,./dashboard_data/latest/meta.json,schedule
20260809184859879463,2026-08-09 18:48:59,業績報表,20260809_184859_df4.csv,./dashboard_data/snapshots/202608/20260809_184859_df4.csv,schedule
20260809184859898088,2026-08-09 18:48:59,業績報表,20260809_184859_daily_df.csv,./dashboard_data/snapshots/202608/20260809_184859_daily_df.csv,schedule
20260809184859916187,2026-08-09 18:48:59,次月統計報表,20260809_184859_next_month_daily_df.csv,./dashboard_data/snapshots/202608/20260809_184859_next_month_daily_df.csv,schedule
20260809184859931713,2026-08-09 18:48:59,業績報表,20260809_184859_meta.json,./dashboard_data/snapshots/202608/20260809_184859_meta.json,schedule
20260809184859947118,2026-08-09 18:48:59,業績報表,20260809_184859_email_preview.html,./dashboard_data/snapshots/202608/20260809_184859_email_preview.html,schedule
20260810005458312978,2026-08-10 00:54:58,業績報表,df4.csv,./dashboard_data/latest/df4.csv,schedule
20260810005458337039,2026-08-10 00:54:58,業績報表,daily_df.csv,./dashboard_data/latest/daily_df.csv,schedule
20260810005458359915,2026-08-10 00:54:58,次月統計報表,next_month_daily_df.csv,./dashboard_data/latest/next_month_daily_df.csv,schedule
20260810005458379177,2026-08-10 00:54:58,業績報表,email_preview.html,./dashboard_data/latest/email_preview.html,schedule
20260810005458399145,2026-08-10 00:54:58,業績報表,meta.json,./dashboard_data/latest/meta.json,schedule
20260810005458419318,2026-08-10 00:54:58,業績報表,20260810_005458_df4.csv,./dashboard_data/snapshots/202608/20260810_005458_df4.csv,schedule
20260810005458442621,2026-08-10 00:54:58,業績報表,20260810_005458_daily_df.csv,./dashboard_data/snapshots/202608/20260810_005458_daily_df.csv,schedule
20260810005458465745,2026-08-10 00:54:58,次月統計報表,20260810_005458_next_month_daily_df.csv,./dashboard_data/snapshots/202608/20260810_005458_next_month_daily_df.csv,schedule
20260810005458485669,2026-08-10 00:54:58,業績報表,20260810_005458_meta.json,./dashboard_data/snapshots/202608/20260810_005458_meta.json,schedule
20260810005458505308,2026-08-10 00:54:58,業績報表,20260810_005458_email_preview.html,./dashboard_data/snapshots/202608/20260810_005458_email_preview.html,schedule
20260810102900747809,2026-08-10 10:29:00,業績報表,df4.csv,./dashboard_data/latest/df4.csv,schedule
20260810102900771212,2026-08-10 10:29:00,業績報表,daily_df.csv,./dashboard_data/latest/daily_df.csv,schedule
20260810102900793359,2026-08-10 10:29:00,次月統計報表,next_month_daily_df.csv,./dashboard_data/latest/next_month_daily_df.csv,schedule
20260810102900812683,2026-08-10 10:29:00,業績報表,email_preview.html,./dashboard_data/latest/email_preview.html,schedule
20260810102900832612,2026-08-10 10:29:00,業績報表,meta.json,./dashboard_data/latest/meta.json,schedule
20260810102900852314,2026-08-10 10:29:00,業績報表,20260810_102900_df4.csv,./dashboard_data/snapshots/202608/20260810_102900_df4.csv,schedule
20260810102900875026,2026-08-10 10:29:00,業績報表,20260810_102900_daily_df.csv,./dashboard_data/snapshots/202608/20260810_102900_daily_df.csv,schedule
20260810102900897167,2026-08-10 10:29:00,次月統計報表,20260810_102900_next_month_daily_df.csv,./dashboard_data/snapshots/202608/20260810_102900_next_month_daily_df.csv,schedule
20260810102900916735,2026-08-10 10:29:00,業績報表,20260810_102900_meta.json,./dashboard_data/snapshots/202608/20260810_102900_meta.json,schedule
20260810102900936521,2026-08-10 10:29:00,業績報表,20260810_102900_email_preview.html,./dashboard_data/snapshots/202608/20260810_102900_email_preview.html,schedule
20260810191843876805,2026-08-10 19:18:43,業績報表,df4.csv,./dashboard_data/latest/df4.csv,schedule
20260810191843901364,2026-08-10 19:18:43,業績報表,daily_df.csv,./dashboard_data/latest/daily_df.csv,schedule
20260810191843923803,2026-08-10 19:18:43,次月統計報表,next_month_daily_df.csv,./dashboard_data/latest/next_month_daily_df.csv,schedule
20260810191843943560,2026-08-10 19:18:43,業績報表,email_preview.html,./dashboard_data/latest/email_preview.html,schedule
20260810191843963141,2026-08-10 19:18:43,業績報表,meta.json,./dashboard_data/latest/meta.json,schedule
20260810191843983518,2026-08-10 19:18:43,業績報表,20260810_191843_df4.csv,./dashboard_data/snapshots/202608/20260810_191843_df4.csv,schedule
20260810191844007001,2026-08-10 19:18:44,業績報表,20260810_191843_daily_df.csv,./dashboard_data/snapshots/202608/20260810_191843_daily_df.csv,schedule
20260810191844031016,2026-08-10 19:18:44,次月統計報表,20260810_191843_next_month_daily_df.csv,./dashboard_data/snapshots/202608/20260810_191843_next_month_daily_df.csv,schedule
20260810191844055329,2026-08-10 19:18:44,業績報表,20260810_191843_meta.json,./dashboard_data/snapshots/202608/20260810_191843_meta.json,schedule
20260810191844075777,2026-08-10 19:18:44,業績報表,20260810_191843_email_preview.html,./dashboard_data/snapshots/202608/20260810_191843_email_preview.html,schedule
20260811010938093240,2026-08-11 01:09:38,業績報表,df4.csv,./dashboard_data/latest/df4.csv,schedule
20260811010938117655,2026-08-11 01:09:38,業績報表,daily_df.csv,./dashboard_data/latest/daily_df.csv,schedule
20260811010938140542,2026-08-11 01:09:38,次月統計報表,next_month_daily_df.csv,./dashboard_data/latest/next_month_daily_df.csv,schedule
20260811010938160543,2026-08-11 01:09:38,業績報表,email_preview.html,./dashboard_data/latest/email_preview.html,schedule
20260811010938180031,2026-08-11 01:09:38,業績報表,meta.json,./dashboard_data/latest/meta.json,schedule
20260811010938201480,2026-08-11 01:09:38,業績報表,20260811_010938_df4.csv,./dashboard_data/snapshots/202608/20260811_010938_df4.csv,schedule
20260811010938224652,2026-08-11 01:09:38,業績報表,20260811_010938_daily_df.csv,./dashboard_data/snapshots/202608/20260811_010938_daily_df.csv,schedule
20260811010938247042,2026-08-11 01:09:38,次月統計報表,20260811_010938_next_month_daily_df.csv,./dashboard_data/snapshots/202608/20260811_010938_next_month_daily_df.csv,schedule
20260811010938266051,2026-08-11 01:09:38,業績報表,20260811_010938_meta.json,./dashboard_data/snapshots/202608/20260811_010938_meta.json,schedule
20260811010938285395,2026-08-11 01:09:38,業績報表,20260811_010938_email_preview.html,./dashboard_data/snapshots/202608/20260811_010938_email_preview.html,schedule
20260811102255370020,2026-08-11 10:22:55,業績報表,df4.csv,./dashboard_data/latest/df4.csv,schedule
20260811102255394987,2026-08-11 10:22:55,業績報表,daily_df.csv,./dashboard_data/latest/daily_df.csv,schedule
20260811102255419370,2026-08-11 10:22:55,次月統計報表,next_month_daily_df.csv,./dashboard_data/latest/next_month_daily_df.csv,schedule
20260811102255439763,2026-08-11 10:22:55,業績報表,email_preview.html,./dashboard_data/latest/email_preview.html,schedule
20260811102255460378,2026-08-11 10:22:55,業績報表,meta.json,./dashboard_data/latest/meta.json,schedule
20260811102255481119,2026-08-11 10:22:55,業績報表,20260811_102255_df4.csv,./dashboard_data/snapshots/202608/20260811_102255_df4.csv,schedule
20260811102255505169,2026-08-11 10:22:55,業績報表,20260811_102255_daily_df.csv,./dashboard_data/snapshots/202608/20260811_102255_daily_df.csv,schedule
20260811102255528827,2026-08-11 10:22:55,次月統計報表,20260811_102255_next_month_daily_df.csv,./dashboard_data/snapshots/202608/20260811_102255_next_month_daily_df.csv,schedule
20260811102255549203,2026-08-11 10:22:55,業績報表,20260811_102255_meta.json,./dashboard_data/snapshots/202608/20260811_102255_meta.json,schedule
20260811102255569772,2026-08-11 10:22:55,業績報表,20260811_102255_email_preview.html,./dashboard_data/snapshots/202608/20260811_102255_email_preview.html,schedule
20260811190154072546,2026-08-11 19:01:54,業績報表,df4.csv,./dashboard_data/latest/df4.csv,schedule
20260811190154097322,2026-08-11 19:01:54,業績報表,daily_df.csv,./dashboard_data/latest/daily_df.csv,schedule
20260811190154119866,2026-08-11 19:01:54,次月統計報表,next_month_daily_df.csv,./dashboard_data/latest/next_month_daily_df.csv,schedule
20260811190154140399,2026-08-11 19:01:54,業績報表,email_preview.html,./dashboard_data/latest/email_preview.html,schedule
20260811190154160646,2026-08-11 19:01:54,業績報表,meta.json,./dashboard_data/latest/meta.json,schedule
20260811190154182200,2026-08-11 19:01:54,業績報表,20260811_190154_df4.csv,./dashboard_data/snapshots/202608/20260811_190154_df4.csv,schedule
20260811190154207197,2026-08-11 19:01:54,業績報表,20260811_190154_daily_df.csv,./dashboard_data/snapshots/202608/20260811_190154_daily_df.csv,schedule
20260811190154231092,2026-08-11 19:01:54,次月統計報表,20260811_190154_next_month_daily_df.csv,./dashboard_data/snapshots/202608/20260811_190154_next_month_daily_df.csv,schedule
20260811190154251529,2026-08-11 19:01:54,業績報表,20260811_190154_meta.json,./dashboard_data/snapshots/202608/20260811_190154_meta.json,schedule
20260811190154271974,2026-08-11 19:01:54,業績報表,20260811_190154_email_preview.html,./dashboard_data/snapshots/202608/20260811_190154_email_preview.html,schedule
20260812011312516011,2026-08-12 01:13:12,業績報表,df4.csv,./dashboard_data/latest/df4.csv,schedule
20260812011312540419,2026-08-12 01:13:12,業績報表,daily_df.csv,./dashboard_data/latest/daily_df.csv,schedule
20260812011312563299,2026-08-12 01:13:12,次月統計報表,next_month_daily_df.csv,./dashboard_data/latest/next_month_daily_df.csv,schedule
20260812011312582956,2026-08-12 01:13:12,業績報表,email_preview.html,./dashboard_data/latest/email_preview.html,schedule
20260812011312603246,2026-08-12 01:13:12,業績報表,meta.json,./dashboard_data/latest/meta.json,schedule
20260812011312623674,2026-08-12 01:13:12,業績報表,20260812_011312_df4.csv,./dashboard_data/snapshots/202608/20260812_011312_df4.csv,schedule
20260812011312647403,2026-08-12 01:13:12,業績報表,20260812_011312_daily_df.csv,./dashboard_data/snapshots/202608/20260812_011312_daily_df.csv,schedule
20260812011312670051,2026-08-12 01:13:12,次月統計報表,20260812_011312_next_month_daily_df.csv,./dashboard_data/snapshots/202608/20260812_011312_next_month_daily_df.csv,schedule
20260812011312690535,2026-08-12 01:13:12,業績報表,20260812_011312_meta.json,./dashboard_data/snapshots/202608/20260812_011312_meta.json,schedule
20260812011312710477,2026-08-12 01:13:12,業績報表,20260812_011312_email_preview.html,./dashboard_data/snapshots/202608/20260812_011312_email_preview.html,schedule
20260812103849089569,2026-08-12 10:38:49,業績報表,df4.csv,./dashboard_data/latest/df4.csv,schedule
20260812103849115696,2026-08-12 10:38:49,業績報表,daily_df.csv,./dashboard_data/latest/daily_df.csv,schedule
20260812103849139652,2026-08-12 10:38:49,次月統計報表,next_month_daily_df.csv,./dashboard_data/latest/next_month_daily_df.csv,schedule
20260812103849160432,2026-08-12 10:38:49,業績報表,email_preview.html,./dashboard_data/latest/email_preview.html,schedule
20260812103849181231,2026-08-12 10:38:49,業績報表,meta.json,./dashboard_data/latest/meta.json,schedule
20260812103849202322,2026-08-12 10:38:49,業績報表,20260812_103849_df4.csv,./dashboard_data/snapshots/202608/20260812_103849_df4.csv,schedule
20260812103849227272,2026-08-12 10:38:49,業績報表,20260812_103849_daily_df.csv,./dashboard_data/snapshots/202608/20260812_103849_daily_df.csv,schedule
20260812103849251351,2026-08-12 10:38:49,次月統計報表,20260812_103849_next_month_daily_df.csv,./dashboard_data/snapshots/202608/20260812_103849_next_month_daily_df.csv,schedule
20260812103849271943,2026-08-12 10:38:49,業績報表,20260812_103849_meta.json,./dashboard_data/snapshots/202608/20260812_103849_meta.json,schedule
20260812103849292593,2026-08-12 10:38:49,業績報表,20260812_103849_email_preview.html,./dashboard_data/snapshots/202608/20260812_103849_email_preview.html,schedule
20260812190923591107,2026-08-12 19:09:23,業績報表,df4.csv,./dashboard_data/latest/df4.csv,schedule
20260812190923615509,2026-08-12 19:09:23,業績報表,daily_df.csv,./dashboard_data/latest/daily_df.csv,schedule
20260812190923638830,2026-08-12 19:09:23,次月統計報表,next_month_daily_df.csv,./dashboard_data/latest/next_month_daily_df.csv,schedule
20260812190923658602,2026-08-12 19:09:23,業績報表,email_preview.html,./dashboard_data/latest/email_preview.html,schedule
20260812190923678847,2026-08-12 19:09:23,業績報表,meta.json,./dashboard_data/latest/meta.json,schedule
20260812190923699129,2026-08-12 19:09:23,業績報表,20260812_190923_df4.csv,./dashboard_data/snapshots/202608/20260812_190923_df4.csv,schedule
20260812190923722860,2026-08-12 19:09:23,業績報表,20260812_190923_daily_df.csv,./dashboard_data/snapshots/202608/20260812_190923_daily_df.csv,schedule
20260812190923745296,2026-08-12 19:09:23,次月統計報表,20260812_190923_next_month_daily_df.csv,./dashboard_data/snapshots/202608/20260812_190923_next_month_daily_df.csv,schedule
20260812190923765284,2026-08-12 19:09:23,業績報表,20260812_190923_meta.json,./dashboard_data/snapshots/202608/20260812_190923_meta.json,schedule
20260812190923784894,2026-08-12 19:09:23,業績報表,20260812_190923_email_preview.html,./dashboard_data/snapshots/202608/20260812_190923_email_preview.html,schedule
20260813011335299673,2026-08-13 01:13:35,業績報表,df4.csv,./dashboard_data/latest/df4.csv,schedule
20260813011335324193,2026-08-13 01:13:35,業績報表,daily_df.csv,./dashboard_data/latest/daily_df.csv,schedule
20260813011335347598,2026-08-13 01:13:35,次月統計報表,next_month_daily_df.csv,./dashboard_data/latest/next_month_daily_df.csv,schedule
20260813011335367770,2026-08-13 01:13:35,業績報表,email_preview.html,./dashboard_data/latest/email_preview.html,schedule
20260813011335387971,2026-08-13 01:13:35,業績報表,meta.json,./dashboard_data/latest/meta.json,schedule
20260813011335408824,2026-08-13 01:13:35,業績報表,20260813_011335_df4.csv,./dashboard_data/snapshots/202608/20260813_011335_df4.csv,schedule
20260813011335432851,2026-08-13 01:13:35,業績報表,20260813_011335_daily_df.csv,./dashboard_data/snapshots/202608/20260813_011335_daily_df.csv,schedule
20260813011335456085,2026-08-13 01:13:35,次月統計報表,20260813_011335_next_month_daily_df.csv,./dashboard_data/snapshots/202608/20260813_011335_next_month_daily_df.csv,schedule
20260813011335476334,2026-08-13 01:13:35,業績報表,20260813_011335_meta.json,./dashboard_data/snapshots/202608/20260813_011335_meta.json,schedule
20260813011335497022,2026-08-13 01:13:35,業績報表,20260813_011335_email_preview.html,./dashboard_data/snapshots/202608/20260813_011335_email_preview.html,schedule
20260813104050568776,2026-08-13 10:40:50,業績報表,df4.csv,./dashboard_data/latest/df4.csv,schedule
20260813104050594917,2026-08-13 10:40:50,業績報表,daily_df.csv,./dashboard_data/latest/daily_df.csv,schedule
20260813104050620008,2026-08-13 10:40:50,次月統計報表,next_month_daily_df.csv,./dashboard_data/latest/next_month_daily_df.csv,schedule
20260813104050641793,2026-08-13 10:40:50,業績報表,email_preview.html,./dashboard_data/latest/email_preview.html,schedule
20260813104050663901,2026-08-13 10:40:50,業績報表,meta.json,./dashboard_data/latest/meta.json,schedule
20260813104050686554,2026-08-13 10:40:50,業績報表,20260813_104050_df4.csv,./dashboard_data/snapshots/202608/20260813_104050_df4.csv,schedule
20260813104050712119,2026-08-13 10:40:50,業績報表,20260813_104050_daily_df.csv,./dashboard_data/snapshots/202608/20260813_104050_daily_df.csv,schedule
20260813104050737217,2026-08-13 10:40:50,次月統計報表,20260813_104050_next_month_daily_df.csv,./dashboard_data/snapshots/202608/20260813_104050_next_month_daily_df.csv,schedule
20260813104050759439,2026-08-13 10:40:50,業績報表,20260813_104050_meta.json,./dashboard_data/snapshots/202608/20260813_104050_meta.json,schedule
20260813104050781579,2026-08-13 10:40:50,業績報表,20260813_104050_email_preview.html,./dashboard_data/snapshots/202608/20260813_104050_email_preview.html,schedule
20260813190919504180,2026-08-13 19:09:19,業績報表,df4.csv,./dashboard_data/latest/df4.csv,schedule
20260813190919529048,2026-08-13 19:09:19,業績報表,daily_df.csv,./dashboard_data/latest/daily_df.csv,schedule
20260813190919552584,2026-08-13 19:09:19,次月統計報表,next_month_daily_df.csv,./dashboard_data/latest/next_month_daily_df.csv,schedule
20260813190919573145,2026-08-13 19:09:19,業績報表,email_preview.html,./dashboard_data/latest/email_preview.html,schedule
20260813190919593772,2026-08-13 19:09:19,業績報表,meta.json,./dashboard_data/latest/meta.json,schedule
20260813190919614911,2026-08-13 19:09:19,業績報表,20260813_190919_df4.csv,./dashboard_data/snapshots/202608/20260813_190919_df4.csv,schedule
20260813190919638720,2026-08-13 19:09:19,業績報表,20260813_190919_daily_df.csv,./dashboard_data/snapshots/202608/20260813_190919_daily_df.csv,schedule
20260813190919661766,2026-08-13 19:09:19,次月統計報表,20260813_190919_next_month_daily_df.csv,./dashboard_data/snapshots/202608/20260813_190919_next_month_daily_df.csv,schedule
20260813190919682513,2026-08-13 19:09:19,業績報表,20260813_190919_meta.json,./dashboard_data/snapshots/202608/20260813_190919_meta.json,schedule
20260813190919702832,2026-08-13 19:09:19,業績報表,20260813_190919_email_preview.html,./dashboard_data/snapshots/202608/20260813_190919_email_preview.html,schedule
20260814011335724209,2026-08-14 01:13:35,業績報表,df4.csv,./dashboard_data/latest/df4.csv,schedule
20260814011335749082,2026-08-14 01:13:35,業績報表,daily_df.csv,./dashboard_data/latest/daily_df.csv,schedule
20260814011335771927,2026-08-14 01:13:35,次月統計報表,next_month_daily_df.csv,./dashboard_data/latest/next_month_daily_df.csv,schedule
20260814011335791980,2026-08-14 01:13:35,業績報表,email_preview.html,./dashboard_data/latest/email_preview.html,schedule
20260814011335811826,2026-08-14 01:13:35,業績報表,meta.json,./dashboard_data/latest/meta.json,schedule
20260814011335832505,2026-08-14 01:13:35,業績報表,20260814_011335_df4.csv,./dashboard_data/snapshots/202608/20260814_011335_df4.csv,schedule
20260814011335856210,2026-08-14 01:13:35,業績報表,20260814_011335_daily_df.csv,./dashboard_data/snapshots/202608/20260814_011335_daily_df.csv,schedule
20260814011335878854,2026-08-14 01:13:35,次月統計報表,20260814_011335_next_month_daily_df.csv,./dashboard_data/snapshots/202608/20260814_011335_next_month_daily_df.csv,schedule
20260814011335901158,2026-08-14 01:13:35,業績報表,20260814_011335_meta.json,./dashboard_data/snapshots/202608/20260814_011335_meta.json,schedule
20260814011335921124,2026-08-14 01:13:35,業績報表,20260814_011335_email_preview.html,./dashboard_data/snapshots/202608/20260814_011335_email_preview.html,schedule
20260814103901035716,2026-08-14 10:39:01,業績報表,df4.csv,./dashboard_data/latest/df4.csv,schedule
20260814103901059844,2026-08-14 10:39:01,業績報表,daily_df.csv,./dashboard_data/latest/daily_df.csv,schedule
20260814103901083644,2026-08-14 10:39:01,次月統計報表,next_month_daily_df.csv,./dashboard_data/latest/next_month_daily_df.csv,schedule
20260814103901104298,2026-08-14 10:39:01,業績報表,email_preview.html,./dashboard_data/latest/email_preview.html,schedule
20260814103901124934,2026-08-14 10:39:01,業績報表,meta.json,./dashboard_data/latest/meta.json,schedule
20260814103901145432,2026-08-14 10:39:01,業績報表,20260814_103901_df4.csv,./dashboard_data/snapshots/202608/20260814_103901_df4.csv,schedule
20260814103901169128,2026-08-14 10:39:01,業績報表,20260814_103901_daily_df.csv,./dashboard_data/snapshots/202608/20260814_103901_daily_df.csv,schedule
20260814103901192183,2026-08-14 10:39:01,次月統計報表,20260814_103901_next_month_daily_df.csv,./dashboard_data/snapshots/202608/20260814_103901_next_month_daily_df.csv,schedule
20260814103901212726,2026-08-14 10:39:01,業績報表,20260814_103901_meta.json,./dashboard_data/snapshots/202608/20260814_103901_meta.json,schedule
20260814103901233684,2026-08-14 10:39:01,業績報表,20260814_103901_email_preview.html,./dashboard_data/snapshots/202608/20260814_103901_email_preview.html,schedule
20260814190707939695,2026-08-14 19:07:07,業績報表,df4.csv,./dashboard_data/latest/df4.csv,schedule
20260814190707956828,2026-08-14 19:07:07,業績報表,daily_df.csv,./dashboard_data/latest/daily_df.csv,schedule
20260814190707972221,2026-08-14 19:07:07,次月統計報表,next_month_daily_df.csv,./dashboard_data/latest/next_month_daily_df.csv,schedule
20260814190707985258,2026-08-14 19:07:07,業績報表,email_preview.html,./dashboard_data/latest/email_preview.html,schedule
20260814190707998470,2026-08-14 19:07:07,業績報表,meta.json,./dashboard_data/latest/meta.json,schedule
20260814190708011964,2026-08-14 19:07:08,業績報表,20260814_190707_df4.csv,./dashboard_data/snapshots/202608/20260814_190707_df4.csv,schedule
20260814190708027213,2026-08-14 19:07:08,業績報表,20260814_190707_daily_df.csv,./dashboard_data/snapshots/202608/20260814_190707_daily_df.csv,schedule
20260814190708042036,2026-08-14 19:07:08,次月統計報表,20260814_190707_next_month_daily_df.csv,./dashboard_data/snapshots/202608/20260814_190707_next_month_daily_df.csv,schedule
20260814190708054789,2026-08-14 19:07:08,業績報表,20260814_190707_meta.json,./dashboard_data/snapshots/202608/20260814_190707_meta.json,schedule
20260814190708067705,2026-08-14 19:07:08,業績報表,20260814_190707_email_preview.html,./dashboard_data/snapshots/202608/20260814_190707_email_preview.html,schedule
20260815011202848371,2026-08-15 01:12:02,業績報表,df4.csv,./dashboard_data/latest/df4.csv,schedule
20260815011202865295,2026-08-15 01:12:02,業績報表,daily_df.csv,./dashboard_data/latest/daily_df.csv,schedule
20260815011202880462,2026-08-15 01:12:02,次月統計報表,next_month_daily_df.csv,./dashboard_data/latest/next_month_daily_df.csv,schedule
20260815011202893411,2026-08-15 01:12:02,業績報表,email_preview.html,./dashboard_data/latest/email_preview.html,schedule
20260815011202906251,2026-08-15 01:12:02,業績報表,meta.json,./dashboard_data/latest/meta.json,schedule
20260815011202919369,2026-08-15 01:12:02,業績報表,20260815_011202_df4.csv,./dashboard_data/snapshots/202608/20260815_011202_df4.csv,schedule
20260815011202934564,2026-08-15 01:12:02,業績報表,20260815_011202_daily_df.csv,./dashboard_data/snapshots/202608/20260815_011202_daily_df.csv,schedule
20260815011202949335,2026-08-15 01:12:02,次月統計報表,20260815_011202_next_month_daily_df.csv,./dashboard_data/snapshots/202608/20260815_011202_next_month_daily_df.csv,schedule
20260815011202961978,2026-08-15 01:12:02,業績報表,20260815_011202_meta.json,./dashboard_data/snapshots/202608/20260815_011202_meta.json,schedule
20260815011202974686,2026-08-15 01:12:02,業績報表,20260815_011202_email_preview.html,./dashboard_data/snapshots/202608/20260815_011202_email_preview.html,schedule
20260815094624695865,2026-08-15 09:46:24,業績報表,df4.csv,./dashboard_data/latest/df4.csv,schedule
20260815094624721716,2026-08-15 09:46:24,業績報表,daily_df.csv,./dashboard_data/latest/daily_df.csv,schedule
20260815094624746919,2026-08-15 09:46:24,次月統計報表,next_month_daily_df.csv,./dashboard_data/latest/next_month_daily_df.csv,schedule
20260815094624768796,2026-08-15 09:46:24,業績報表,email_preview.html,./dashboard_data/latest/email_preview.html,schedule
20260815094624790837,2026-08-15 09:46:24,業績報表,meta.json,./dashboard_data/latest/meta.json,schedule
20260815094624813285,2026-08-15 09:46:24,業績報表,20260815_094624_df4.csv,./dashboard_data/snapshots/202608/20260815_094624_df4.csv,schedule
20260815094624838984,2026-08-15 09:46:24,業績報表,20260815_094624_daily_df.csv,./dashboard_data/snapshots/202608/20260815_094624_daily_df.csv,schedule
20260815094624864410,2026-08-15 09:46:24,次月統計報表,20260815_094624_next_month_daily_df.csv,./dashboard_data/snapshots/202608/20260815_094624_next_month_daily_df.csv,schedule
20260815094624886048,2026-08-15 09:46:24,業績報表,20260815_094624_meta.json,./dashboard_data/snapshots/202608/20260815_094624_meta.json,schedule
20260815094624907581,2026-08-15 09:46:24,業績報表,20260815_094624_email_preview.html,./dashboard_data/snapshots/202608/20260815_094624_email_preview.html,schedule
20260815183523326248,2026-08-15 18:35:23,業績報表,df4.csv,./dashboard_data/latest/df4.csv,schedule
20260815183523352102,2026-08-15 18:35:23,業績報表,daily_df.csv,./dashboard_data/latest/daily_df.csv,schedule
20260815183523376688,2026-08-15 18:35:23,次月統計報表,next_month_daily_df.csv,./dashboard_data/latest/next_month_daily_df.csv,schedule
20260815183523397820,2026-08-15 18:35:23,業績報表,email_preview.html,./dashboard_data/latest/email_preview.html,schedule
20260815183523419661,2026-08-15 18:35:23,業績報表,meta.json,./dashboard_data/latest/meta.json,schedule
20260815183523441449,2026-08-15 18:35:23,業績報表,20260815_183523_df4.csv,./dashboard_data/snapshots/202608/20260815_183523_df4.csv,schedule
20260815183523466373,2026-08-15 18:35:23,業績報表,20260815_183523_daily_df.csv,./dashboard_data/snapshots/202608/20260815_183523_daily_df.csv,schedule
20260815183523490841,2026-08-15 18:35:23,次月統計報表,20260815_183523_next_month_daily_df.csv,./dashboard_data/snapshots/202608/20260815_183523_next_month_daily_df.csv,schedule
20260815183523512019,2026-08-15 18:35:23,業績報表,20260815_183523_meta.json,./dashboard_data/snapshots/202608/20260815_183523_meta.json,schedule
20260815183523532953,2026-08-15 18:35:23,業績報表,20260815_183523_email_preview.html,./dashboard_data/snapshots/202608/20260815_183523_email_preview.html,schedule
20260816004222653581,2026-08-16 00:42:22,業績報表,df4.csv,./dashboard_data/latest/df4.csv,schedule
20260816004222678307,2026-08-16 00:42:22,業績報表,daily_df.csv,./dashboard_data/latest/daily_df.csv,schedule
20260816004222701366,2026-08-16 00:42:22,次月統計報表,next_month_daily_df.csv,./dashboard_data/latest/next_month_daily_df.csv,schedule
20260816004222721126,2026-08-16 00:42:22,業績報表,email_preview.html,./dashboard_data/latest/email_preview.html,schedule
20260816004222741118,2026-08-16 00:42:22,業績報表,meta.json,./dashboard_data/latest/meta.json,schedule
20260816004222761423,2026-08-16 00:42:22,業績報表,20260816_004222_df4.csv,./dashboard_data/snapshots/202608/20260816_004222_df4.csv,schedule
20260816004222785465,2026-08-16 00:42:22,業績報表,20260816_004222_daily_df.csv,./dashboard_data/snapshots/202608/20260816_004222_daily_df.csv,schedule
20260816004222808388,2026-08-16 00:42:22,次月統計報表,20260816_004222_next_month_daily_df.csv,./dashboard_data/snapshots/202608/20260816_004222_next_month_daily_df.csv,schedule
20260816004222828143,2026-08-16 00:42:22,業績報表,20260816_004222_meta.json,./dashboard_data/snapshots/202608/20260816_004222_meta.json,schedule
20260816004222847990,2026-08-16 00:42:22,業績報表,20260816_004222_email_preview.html,./dashboard_data/snapshots/202608/20260816_004222_email_preview.html,schedule
20260816095359377499,2026-08-16 09:53:59,業績報表,df4.csv,./dashboard_data/latest/df4.csv,schedule
20260816095359402902,2026-08-16 09:53:59,業績報表,daily_df.csv,./dashboard_data/latest/daily_df.csv,schedule
20260816095359427200,2026-08-16 09:53:59,次月統計報表,next_month_daily_df.csv,./dashboard_data/latest/next_month_daily_df.csv,schedule
20260816095359447643,2026-08-16 09:53:59,業績報表,email_preview.html,./dashboard_data/latest/email_preview.html,schedule
20260816095359468286,2026-08-16 09:53:59,業績報表,meta.json,./dashboard_data/latest/meta.json,schedule
20260816095359489524,2026-08-16 09:53:59,業績報表,20260816_095359_df4.csv,./dashboard_data/snapshots/202608/20260816_095359_df4.csv,schedule
20260816095359513922,2026-08-16 09:53:59,業績報表,20260816_095359_daily_df.csv,./dashboard_data/snapshots/202608/20260816_095359_daily_df.csv,schedule
20260816095359538093,2026-08-16 09:53:59,次月統計報表,20260816_095359_next_month_daily_df.csv,./dashboard_data/snapshots/202608/20260816_095359_next_month_daily_df.csv,schedule
20260816095359558900,2026-08-16 09:53:59,業績報表,20260816_095359_meta.json,./dashboard_data/snapshots/202608/20260816_095359_meta.json,schedule
20260816095359579959,2026-08-16 09:53:59,業績報表,20260816_095359_email_preview.html,./dashboard_data/snapshots/202608/20260816_095359_email_preview.html,schedule
20260816183532668111,2026-08-16 18:35:32,業績報表,df4.csv,./dashboard_data/latest/df4.csv,schedule
20260816183532692670,2026-08-16 18:35:32,業績報表,daily_df.csv,./dashboard_data/latest/daily_df.csv,schedule
20260816183532716054,2026-08-16 18:35:32,次月統計報表,next_month_daily_df.csv,./dashboard_data/latest/next_month_daily_df.csv,schedule
20260816183532736237,2026-08-16 18:35:32,業績報表,email_preview.html,./dashboard_data/latest/email_preview.html,schedule
20260816183532756495,2026-08-16 18:35:32,業績報表,meta.json,./dashboard_data/latest/meta.json,schedule
20260816183532777153,2026-08-16 18:35:32,業績報表,20260816_183532_df4.csv,./dashboard_data/snapshots/202608/20260816_183532_df4.csv,schedule
20260816183532801341,2026-08-16 18:35:32,業績報表,20260816_183532_daily_df.csv,./dashboard_data/snapshots/202608/20260816_183532_daily_df.csv,schedule
20260816183532824930,2026-08-16 18:35:32,次月統計報表,20260816_183532_next_month_daily_df.csv,./dashboard_data/snapshots/202608/20260816_183532_next_month_daily_df.csv,schedule
20260816183532845095,2026-08-16 18:35:32,業績報表,20260816_183532_meta.json,./dashboard_data/snapshots/202608/20260816_183532_meta.json,schedule
20260816183532868925,2026-08-16 18:35:32,業績報表,20260816_183532_email_preview.html,./dashboard_data/snapshots/202608/20260816_183532_email_preview.html,schedule
20260817004254848572,2026-08-17 00:42:54,業績報表,df4.csv,./dashboard_data/latest/df4.csv,schedule
20260817004254873323,2026-08-17 00:42:54,業績報表,daily_df.csv,./dashboard_data/latest/daily_df.csv,schedule
20260817004254896843,2026-08-17 00:42:54,次月統計報表,next_month_daily_df.csv,./dashboard_data/latest/next_month_daily_df.csv,schedule
20260817004254917186,2026-08-17 00:42:54,業績報表,email_preview.html,./dashboard_data/latest/email_preview.html,schedule
20260817004254937468,2026-08-17 00:42:54,業績報表,meta.json,./dashboard_data/latest/meta.json,schedule
20260817004254960110,2026-08-17 00:42:54,業績報表,20260817_004254_df4.csv,./dashboard_data/snapshots/202608/20260817_004254_df4.csv,schedule
20260817004254984799,2026-08-17 00:42:54,業績報表,20260817_004254_daily_df.csv,./dashboard_data/snapshots/202608/20260817_004254_daily_df.csv,schedule
20260817004255008051,2026-08-17 00:42:55,次月統計報表,20260817_004254_next_month_daily_df.csv,./dashboard_data/snapshots/202608/20260817_004254_next_month_daily_df.csv,schedule
20260817004255028148,2026-08-17 00:42:55,業績報表,20260817_004254_meta.json,./dashboard_data/snapshots/202608/20260817_004254_meta.json,schedule
20260817004255048388,2026-08-17 00:42:55,業績報表,20260817_004254_email_preview.html,./dashboard_data/snapshots/202608/20260817_004254_email_preview.html,schedule
20260817095202969362,2026-08-17 09:52:02,業績報表,df4.csv,./dashboard_data/latest/df4.csv,schedule
20260817095202995161,2026-08-17 09:52:02,業績報表,daily_df.csv,./dashboard_data/latest/daily_df.csv,schedule
20260817095203018867,2026-08-17 09:52:03,次月統計報表,next_month_daily_df.csv,./dashboard_data/latest/next_month_daily_df.csv,schedule
20260817095203039808,2026-08-17 09:52:03,業績報表,email_preview.html,./dashboard_data/latest/email_preview.html,schedule
20260817095203060202,2026-08-17 09:52:03,業績報表,meta.json,./dashboard_data/latest/meta.json,schedule
20260817095203081126,2026-08-17 09:52:03,業績報表,20260817_095202_df4.csv,./dashboard_data/snapshots/202608/20260817_095202_df4.csv,schedule
20260817095203105620,2026-08-17 09:52:03,業績報表,20260817_095202_daily_df.csv,./dashboard_data/snapshots/202608/20260817_095202_daily_df.csv,schedule
20260817095203129593,2026-08-17 09:52:03,次月統計報表,20260817_095202_next_month_daily_df.csv,./dashboard_data/snapshots/202608/20260817_095202_next_month_daily_df.csv,schedule
20260817095203150683,2026-08-17 09:52:03,業績報表,20260817_095202_meta.json,./dashboard_data/snapshots/202608/20260817_095202_meta.json,schedule
20260817095203171761,2026-08-17 09:52:03,業績報表,20260817_095202_email_preview.html,./dashboard_data/snapshots/202608/20260817_095202_email_preview.html,schedule
20260817184539119077,2026-08-17 18:45:39,業績報表,df4.csv,./dashboard_data/latest/df4.csv,schedule
20260817184539145658,2026-08-17 18:45:39,業績報表,daily_df.csv,./dashboard_data/latest/daily_df.csv,schedule
20260817184539170279,2026-08-17 18:45:39,次月統計報表,next_month_daily_df.csv,./dashboard_data/latest/next_month_daily_df.csv,schedule
20260817184539191788,2026-08-17 18:45:39,業績報表,email_preview.html,./dashboard_data/latest/email_preview.html,schedule
20260817184539213937,2026-08-17 18:45:39,業績報表,meta.json,./dashboard_data/latest/meta.json,schedule
20260817184539235573,2026-08-17 18:45:39,業績報表,20260817_184539_df4.csv,./dashboard_data/snapshots/202608/20260817_184539_df4.csv,schedule
20260817184539260617,2026-08-17 18:45:39,業績報表,20260817_184539_daily_df.csv,./dashboard_data/snapshots/202608/20260817_184539_daily_df.csv,schedule
20260817184539285024,2026-08-17 18:45:39,次月統計報表,20260817_184539_next_month_daily_df.csv,./dashboard_data/snapshots/202608/20260817_184539_next_month_daily_df.csv,schedule
20260817184539306245,2026-08-17 18:45:39,業績報表,20260817_184539_meta.json,./dashboard_data/snapshots/202608/20260817_184539_meta.json,schedule
20260817184539327850,2026-08-17 18:45:39,業績報表,20260817_184539_email_preview.html,./dashboard_data/snapshots/202608/20260817_184539_email_preview.html,schedule
20260818004615851324,2026-08-18 00:46:15,業績報表,df4.csv,./dashboard_data/latest/df4.csv,schedule
20260818004615876350,2026-08-18 00:46:15,業績報表,daily_df.csv,./dashboard_data/latest/daily_df.csv,schedule
20260818004615900321,2026-08-18 00:46:15,次月統計報表,next_month_daily_df.csv,./dashboard_data/latest/next_month_daily_df.csv,schedule
20260818004615920589,2026-08-18 00:46:15,業績報表,email_preview.html,./dashboard_data/latest/email_preview.html,schedule
20260818004615941163,2026-08-18 00:46:15,業績報表,meta.json,./dashboard_data/latest/meta.json,schedule
20260818004615962095,2026-08-18 00:46:15,業績報表,20260818_004615_df4.csv,./dashboard_data/snapshots/202608/20260818_004615_df4.csv,schedule
20260818004615986431,2026-08-18 00:46:15,業績報表,20260818_004615_daily_df.csv,./dashboard_data/snapshots/202608/20260818_004615_daily_df.csv,schedule
20260818004616009688,2026-08-18 00:46:16,次月統計報表,20260818_004615_next_month_daily_df.csv,./dashboard_data/snapshots/202608/20260818_004615_next_month_daily_df.csv,schedule
20260818004616030471,2026-08-18 00:46:16,業績報表,20260818_004615_meta.json,./dashboard_data/snapshots/202608/20260818_004615_meta.json,schedule
20260818004616051265,2026-08-18 00:46:16,業績報表,20260818_004615_email_preview.html,./dashboard_data/snapshots/202608/20260818_004615_email_preview.html,schedule
20260818094657704111,2026-08-18 09:46:57,業績報表,df4.csv,./dashboard_data/latest/df4.csv,schedule
20260818094657733133,2026-08-18 09:46:57,業績報表,daily_df.csv,./dashboard_data/latest/daily_df.csv,schedule
20260818094657756982,2026-08-18 09:46:57,次月統計報表,next_month_daily_df.csv,./dashboard_data/latest/next_month_daily_df.csv,schedule
20260818094657777456,2026-08-18 09:46:57,業績報表,email_preview.html,./dashboard_data/latest/email_preview.html,schedule
20260818094657798706,2026-08-18 09:46:57,業績報表,meta.json,./dashboard_data/latest/meta.json,schedule
20260818094657820413,2026-08-18 09:46:57,業績報表,20260818_094657_df4.csv,./dashboard_data/snapshots/202608/20260818_094657_df4.csv,schedule
20260818094657844721,2026-08-18 09:46:57,業績報表,20260818_094657_daily_df.csv,./dashboard_data/snapshots/202608/20260818_094657_daily_df.csv,schedule
20260818094657868432,2026-08-18 09:46:57,次月統計報表,20260818_094657_next_month_daily_df.csv,./dashboard_data/snapshots/202608/20260818_094657_next_month_daily_df.csv,schedule
20260818094657889510,2026-08-18 09:46:57,業績報表,20260818_094657_meta.json,./dashboard_data/snapshots/202608/20260818_094657_meta.json,schedule
20260818094657910952,2026-08-18 09:46:57,業績報表,20260818_094657_email_preview.html,./dashboard_data/snapshots/202608/20260818_094657_email_preview.html,schedule
20260818184223306604,2026-08-18 18:42:23,業績報表,df4.csv,./dashboard_data/latest/df4.csv,schedule
20260818184223332159,2026-08-18 18:42:23,業績報表,daily_df.csv,./dashboard_data/latest/daily_df.csv,schedule
20260818184223355660,2026-08-18 18:42:23,次月統計報表,next_month_daily_df.csv,./dashboard_data/latest/next_month_daily_df.csv,schedule
20260818184223375424,2026-08-18 18:42:23,業績報表,email_preview.html,./dashboard_data/latest/email_preview.html,schedule
20260818184223394381,2026-08-18 18:42:23,業績報表,meta.json,./dashboard_data/latest/meta.json,schedule
20260818184223414119,2026-08-18 18:42:23,業績報表,20260818_184223_df4.csv,./dashboard_data/snapshots/202608/20260818_184223_df4.csv,schedule
20260818184223441269,2026-08-18 18:42:23,業績報表,20260818_184223_daily_df.csv,./dashboard_data/snapshots/202608/20260818_184223_daily_df.csv,schedule
20260818184223464434,2026-08-18 18:42:23,次月統計報表,20260818_184223_next_month_daily_df.csv,./dashboard_data/snapshots/202608/20260818_184223_next_month_daily_df.csv,schedule
20260818184223483941,2026-08-18 18:42:23,業績報表,20260818_184223_meta.json,./dashboard_data/snapshots/202608/20260818_184223_meta.json,schedule
20260818184223502869,2026-08-18 18:42:23,業績報表,20260818_184223_email_preview.html,./dashboard_data/snapshots/202608/20260818_184223_email_preview.html,schedule
20260819004911609178,2026-08-19 00:49:11,業績報表,df4.csv,./dashboard_data/latest/df4.csv,schedule
20260819004911635283,2026-08-19 00:49:11,業績報表,daily_df.csv,./dashboard_data/latest/daily_df.csv,schedule
20260819004911659517,2026-08-19 00:49:11,次月統計報表,next_month_daily_df.csv,./dashboard_data/latest/next_month_daily_df.csv,schedule
20260819004911680148,2026-08-19 00:49:11,業績報表,email_preview.html,./dashboard_data/latest/email_preview.html,schedule
20260819004911700586,2026-08-19 00:49:11,業績報表,meta.json,./dashboard_data/latest/meta.json,schedule
20260819004911721849,2026-08-19 00:49:11,業績報表,20260819_004911_df4.csv,./dashboard_data/snapshots/202608/20260819_004911_df4.csv,schedule
20260819004911746399,2026-08-19 00:49:11,業績報表,20260819_004911_daily_df.csv,./dashboard_data/snapshots/202608/20260819_004911_daily_df.csv,schedule
20260819004911769810,2026-08-19 00:49:11,次月統計報表,20260819_004911_next_month_daily_df.csv,./dashboard_data/snapshots/202608/20260819_004911_next_month_daily_df.csv,schedule
20260819004911790015,2026-08-19 00:49:11,業績報表,20260819_004911_meta.json,./dashboard_data/snapshots/202608/20260819_004911_meta.json,schedule
20260819004911810297,2026-08-19 00:49:11,業績報表,20260819_004911_email_preview.html,./dashboard_data/snapshots/202608/20260819_004911_email_preview.html,schedule
20260819095001796877,2026-08-19 09:50:01,業績報表,df4.csv,./dashboard_data/latest/df4.csv,schedule
20260819095001819064,2026-08-19 09:50:01,業績報表,order_date_summary.csv,./dashboard_data/latest/order_date_summary.csv,schedule
20260819095001840212,2026-08-19 09:50:01,業績報表,month_performance_summary.csv,./dashboard_data/latest/month_performance_summary.csv,schedule
20260819095001861632,2026-08-19 09:50:01,業績報表,reserve_summary.csv,./dashboard_data/latest/reserve_summary.csv,schedule
20260819095001883403,2026-08-19 09:50:01,業績報表,net_performance_summary.csv,./dashboard_data/latest/net_performance_summary.csv,schedule
20260819095001908334,2026-08-19 09:50:01,業績報表,daily_df.csv,./dashboard_data/latest/daily_df.csv,schedule
20260819095001932697,2026-08-19 09:50:01,次月統計報表,next_month_daily_df.csv,./dashboard_data/latest/next_month_daily_df.csv,schedule
20260819095001953262,2026-08-19 09:50:01,業績報表,email_preview.html,./dashboard_data/latest/email_preview.html,schedule
20260819095001974469,2026-08-19 09:50:01,業績報表,meta.json,./dashboard_data/latest/meta.json,schedule
20260819095001995737,2026-08-19 09:50:01,業績報表,20260819_095001_df4.csv,./dashboard_data/snapshots/202608/20260819_095001_df4.csv,schedule
20260819095002017025,2026-08-19 09:50:02,業績報表,20260819_095001_order_date_summary.csv,./dashboard_data/snapshots/202608/20260819_095001_order_date_summary.csv,schedule
20260819095002038503,2026-08-19 09:50:02,業績報表,20260819_095001_month_performance_summary.csv,./dashboard_data/snapshots/202608/20260819_095001_month_performance_summary.csv,schedule
20260819095002060066,2026-08-19 09:50:02,業績報表,20260819_095001_reserve_summary.csv,./dashboard_data/snapshots/202608/20260819_095001_reserve_summary.csv,schedule
20260819095002081704,2026-08-19 09:50:02,業績報表,20260819_095001_net_performance_summary.csv,./dashboard_data/snapshots/202608/20260819_095001_net_performance_summary.csv,schedule
20260819095002106386,2026-08-19 09:50:02,業績報表,20260819_095001_daily_df.csv,./dashboard_data/snapshots/202608/20260819_095001_daily_df.csv,schedule
20260819095002130345,2026-08-19 09:50:02,次月統計報表,20260819_095001_next_month_daily_df.csv,./dashboard_data/snapshots/202608/20260819_095001_next_month_daily_df.csv,schedule
20260819095002150824,2026-08-19 09:50:02,業績報表,20260819_095001_meta.json,./dashboard_data/snapshots/202608/20260819_095001_meta.json,schedule
20260819095002171219,2026-08-19 09:50:02,業績報表,20260819_095001_email_preview.html,./dashboard_data/snapshots/202608/20260819_095001_email_preview.html,schedule
20260911071553378137,2026-09-11 07:15:53,訂購日期付款彙總,order_date_summary.csv,./dashboard_data/latest/order_date_summary.csv,schedule
20260911071553533838,2026-09-11 07:15:53,業績報表,df4.csv,./dashboard_data/latest/df4.csv,schedule
20260911071553557252,2026-09-11 07:15:53,業績報表,order_date_summary.csv,./dashboard_data/latest/order_date_summary.csv,schedule
20260911071553579880,2026-09-11 07:15:53,業績報表,month_performance_summary.csv,./dashboard_data/latest/month_performance_summary.csv,schedule
20260911071553602063,2026-09-11 07:15:53,業績報表,reserve_summary.csv,./dashboard_data/latest/reserve_summary.csv,schedule
20260911071553624361,2026-09-11 07:15:53,業績報表,net_performance_summary.csv,./dashboard_data/latest/net_performance_summary.csv,schedule
20260911071553649795,2026-09-11 07:15:53,業績報表,daily_df.csv,./dashboard_data/latest/daily_df.csv,schedule
20260911071553675772,2026-09-11 07:15:53,次月統計報表,next_month_daily_df.csv,./dashboard_data/latest/next_month_daily_df.csv,schedule
20260911071553698155,2026-09-11 07:15:53,業績報表,email_preview.html,./dashboard_data/latest/email_preview.html,schedule
20260911071553720942,2026-09-11 07:15:53,業績報表,meta.json,./dashboard_data/latest/meta.json,schedule
20260911071553743787,2026-09-11 07:15:53,業績報表,20260911_071553_df4.csv,./dashboard_data/snapshots/202609/20260911_071553_df4.csv,schedule
20260911071553766425,2026-09-11 07:15:53,業績報表,20260911_071553_order_date_summary.csv,./dashboard_data/snapshots/202609/20260911_071553_order_date_summary.csv,schedule
20260911071553788778,2026-09-11 07:15:53,業績報表,20260911_071553_month_performance_summary.csv,./dashboard_data/snapshots/202609/20260911_071553_month_performance_summary.csv,schedule
20260911071553811040,2026-09-11 07:15:53,業績報表,20260911_071553_reserve_summary.csv,./dashboard_data/snapshots/202609/20260911_071553_reserve_summary.csv,schedule
20260911071553833371,2026-09-11 07:15:53,業績報表,20260911_071553_net_performance_summary.csv,./dashboard_data/snapshots/202609/20260911_071553_net_performance_summary.csv,schedule
20260911071553858885,2026-09-11 07:15:53,業績報表,20260911_071553_daily_df.csv,./dashboard_data/snapshots/202609/20260911_071553_daily_df.csv,schedule
20260911071553884801,2026-09-11 07:15:53,次月統計報表,20260911_071553_next_month_daily_df.csv,./dashboard_data/snapshots/202609/20260911_071553_next_month_daily_df.csv,schedule
20260911071553906886,2026-09-11 07:15:53,業績報表,20260911_071553_meta.json,./dashboard_data/snapshots/202609/20260911_071553_meta.json,schedule
20260911071553929124,2026-09-11 07:15:53,業績報表,20260911_071553_email_preview.html,./dashboard_data/snapshots/202609/20260911_071553_email_preview.html,schedule
20260911071820092568,2026-09-11 07:18:20,訂購日期付款彙總,order_date_summary.csv,./dashboard_data/latest/order_date_summary.csv,schedule
20260911071820238721,2026-09-11 07:18:20,業績報表,df4.csv,./dashboard_data/latest/df4.csv,schedule
20260911071820260687,2026-09-11 07:18:20,業績報表,order_date_summary.csv,./dashboard_data/latest/order_date_summary.csv,schedule
20260911071820282467,2026-09-11 07:18:20,業績報表,month_performance_summary.csv,./dashboard_data/latest/month_performance_summary.csv,schedule
20260911071820304164,2026-09-11 07:18:20,業績報表,reserve_summary.csv,./dashboard_data/latest/reserve_summary.csv,schedule
20260911071820325851,2026-09-11 07:18:20,業績報表,net_performance_summary.csv,./dashboard_data/latest/net_performance_summary.csv,schedule
20260911071820350621,2026-09-11 07:18:20,業績報表,daily_df.csv,./dashboard_data/latest/daily_df.csv,schedule
20260911071820374862,2026-09-11 07:18:20,次月統計報表,next_month_daily_df.csv,./dashboard_data/latest/next_month_daily_df.csv,schedule
20260911071820396115,2026-09-11 07:18:20,業績報表,email_preview.html,./dashboard_data/latest/email_preview.html,schedule
20260911071820417081,2026-09-11 07:18:20,業績報表,meta.json,./dashboard_data/latest/meta.json,schedule
20260911071820438823,2026-09-11 07:18:20,業績報表,20260911_071820_df4.csv,./dashboard_data/snapshots/202609/20260911_071820_df4.csv,schedule
20260911071820460559,2026-09-11 07:18:20,業績報表,20260911_071820_order_date_summary.csv,./dashboard_data/snapshots/202609/20260911_071820_order_date_summary.csv,schedule
20260911071820481949,2026-09-11 07:18:20,業績報表,20260911_071820_month_performance_summary.csv,./dashboard_data/snapshots/202609/20260911_071820_month_performance_summary.csv,schedule
20260911071820503397,2026-09-11 07:18:20,業績報表,20260911_071820_reserve_summary.csv,./dashboard_data/snapshots/202609/20260911_071820_reserve_summary.csv,schedule
20260911071820525032,2026-09-11 07:18:20,業績報表,20260911_071820_net_performance_summary.csv,./dashboard_data/snapshots/202609/20260911_071820_net_performance_summary.csv,schedule
20260911071820549928,2026-09-11 07:18:20,業績報表,20260911_071820_daily_df.csv,./dashboard_data/snapshots/202609/20260911_071820_daily_df.csv,schedule
20260911071820574391,2026-09-11 07:18:20,次月統計報表,20260911_071820_next_month_daily_df.csv,./dashboard_data/snapshots/202609/20260911_071820_next_month_daily_df.csv,schedule
20260911071820595263,2026-09-11 07:18:20,業績報表,20260911_071820_meta.json,./dashboard_data/snapshots/202609/20260911_071820_meta.json,schedule
20260911071820616576,2026-09-11 07:18:20,業績報表,20260911_071820_email_preview.html,./dashboard_data/snapshots/202609/20260911_071820_email_preview.html,schedule
20260911122956443974,2026-09-11 12:29:56,訂購日期付款彙總,order_date_summary.csv,./dashboard_data/latest/order_date_summary.csv,schedule
20260911122956595281,2026-09-11 12:29:56,業績報表,df4.csv,./dashboard_data/latest/df4.csv,schedule
20260911122956620037,2026-09-11 12:29:56,業績報表,order_date_summary.csv,./dashboard_data/latest/order_date_summary.csv,schedule
20260911122956641951,2026-09-11 12:29:56,業績報表,month_performance_summary.csv,./dashboard_data/latest/month_performance_summary.csv,schedule
20260911122956664433,2026-09-11 12:29:56,業績報表,reserve_summary.csv,./dashboard_data/latest/reserve_summary.csv,schedule
20260911122956686679,2026-09-11 12:29:56,業績報表,net_performance_summary.csv,./dashboard_data/latest/net_performance_summary.csv,schedule
20260911122956712668,2026-09-11 12:29:56,業績報表,daily_df.csv,./dashboard_data/latest/daily_df.csv,schedule
20260911122956737864,2026-09-11 12:29:56,次月統計報表,next_month_daily_df.csv,./dashboard_data/latest/next_month_daily_df.csv,schedule
20260911122956759676,2026-09-11 12:29:56,業績報表,email_preview.html,./dashboard_data/latest/email_preview.html,schedule
20260911122956781678,2026-09-11 12:29:56,業績報表,meta.json,./dashboard_data/latest/meta.json,schedule
20260911122956804269,2026-09-11 12:29:56,業績報表,20260911_122956_df4.csv,./dashboard_data/snapshots/202609/20260911_122956_df4.csv,schedule
20260911122956826799,2026-09-11 12:29:56,業績報表,20260911_122956_order_date_summary.csv,./dashboard_data/snapshots/202609/20260911_122956_order_date_summary.csv,schedule
20260911122956849189,2026-09-11 12:29:56,業績報表,20260911_122956_month_performance_summary.csv,./dashboard_data/snapshots/202609/20260911_122956_month_performance_summary.csv,schedule
20260911122956871625,2026-09-11 12:29:56,業績報表,20260911_122956_reserve_summary.csv,./dashboard_data/snapshots/202609/20260911_122956_reserve_summary.csv,schedule
20260911122956893994,2026-09-11 12:29:56,業績報表,20260911_122956_net_performance_summary.csv,./dashboard_data/snapshots/202609/20260911_122956_net_performance_summary.csv,schedule
20260911122956920195,2026-09-11 12:29:56,業績報表,20260911_122956_daily_df.csv,./dashboard_data/snapshots/202609/20260911_122956_daily_df.csv,schedule
20260911122956945031,2026-09-11 12:29:56,次月統計報表,20260911_122956_next_month_daily_df.csv,./dashboard_data/snapshots/202609/20260911_122956_next_month_daily_df.csv,schedule
20260911122956966978,2026-09-11 12:29:56,業績報表,20260911_122956_meta.json,./dashboard_data/snapshots/202609/20260911_122956_meta.json,schedule
20260911122956989637,2026-09-11 12:29:56,業績報表,20260911_122956_email_preview.html,./dashboard_data/snapshots/202609/20260911_122956_email_preview.html,schedule
20260911222426839209,2026-09-11 22:24:26,訂購日期付款彙總,order_date_summary.csv,./dashboard_data/latest/order_date_summary.csv,schedule
20260911222426987175,2026-09-11 22:24:26,業績報表,df4.csv,./dashboard_data/latest/df4.csv,schedule
20260911222427011268,2026-09-11 22:24:27,業績報表,order_date_summary.csv,./dashboard_data/latest/order_date_summary.csv,schedule
20260911222427033994,2026-09-11 22:24:27,業績報表,month_performance_summary.csv,./dashboard_data/latest/month_performance_summary.csv,schedule
20260911222427056807,2026-09-11 22:24:27,業績報表,reserve_summary.csv,./dashboard_data/latest/reserve_summary.csv,schedule
20260911222427079768,2026-09-11 22:24:27,業績報表,net_performance_summary.csv,./dashboard_data/latest/net_performance_summary.csv,schedule
20260911222427106258,2026-09-11 22:24:27,業績報表,daily_df.csv,./dashboard_data/latest/daily_df.csv,schedule
20260911222427132037,2026-09-11 22:24:27,次月統計報表,next_month_daily_df.csv,./dashboard_data/latest/next_month_daily_df.csv,schedule
20260911222427153824,2026-09-11 22:24:27,業績報表,email_preview.html,./dashboard_data/latest/email_preview.html,schedule
20260911222427176116,2026-09-11 22:24:27,業績報表,meta.json,./dashboard_data/latest/meta.json,schedule
20260911222427199191,2026-09-11 22:24:27,業績報表,20260911_222426_df4.csv,./dashboard_data/snapshots/202609/20260911_222426_df4.csv,schedule
20260911222427221697,2026-09-11 22:24:27,業績報表,20260911_222426_order_date_summary.csv,./dashboard_data/snapshots/202609/20260911_222426_order_date_summary.csv,schedule
20260911222427244044,2026-09-11 22:24:27,業績報表,20260911_222426_month_performance_summary.csv,./dashboard_data/snapshots/202609/20260911_222426_month_performance_summary.csv,schedule
20260911222427266524,2026-09-11 22:24:27,業績報表,20260911_222426_reserve_summary.csv,./dashboard_data/snapshots/202609/20260911_222426_reserve_summary.csv,schedule
20260911222427289502,2026-09-11 22:24:27,業績報表,20260911_222426_net_performance_summary.csv,./dashboard_data/snapshots/202609/20260911_222426_net_performance_summary.csv,schedule
20260911222427315397,2026-09-11 22:24:27,業績報表,20260911_222426_daily_df.csv,./dashboard_data/snapshots/202609/20260911_222426_daily_df.csv,schedule
20260911222427341687,2026-09-11 22:24:27,次月統計報表,20260911_222426_next_month_daily_df.csv,./dashboard_data/snapshots/202609/20260911_222426_next_month_daily_df.csv,schedule
20260911222427364091,2026-09-11 22:24:27,業績報表,20260911_222426_meta.json,./dashboard_data/snapshots/202609/20260911_222426_meta.json,schedule
20260911222427386723,2026-09-11 22:24:27,業績報表,20260911_222426_email_preview.html,./dashboard_data/snapshots/202609/20260911_222426_email_preview.html,schedule
20260912031032300341,2026-09-12 03:10:32,訂購日期付款彙總,order_date_summary.csv,./dashboard_data/latest/order_date_summary.csv,schedule
20260912031032448984,2026-09-12 03:10:32,業績報表,df4.csv,./dashboard_data/latest/df4.csv,schedule
20260912031032471709,2026-09-12 03:10:32,業績報表,order_date_summary.csv,./dashboard_data/latest/order_date_summary.csv,schedule
20260912031032493978,2026-09-12 03:10:32,業績報表,month_performance_summary.csv,./dashboard_data/latest/month_performance_summary.csv,schedule
20260912031032515507,2026-09-12 03:10:32,業績報表,reserve_summary.csv,./dashboard_data/latest/reserve_summary.csv,schedule
20260912031032537484,2026-09-12 03:10:32,業績報表,net_performance_summary.csv,./dashboard_data/latest/net_performance_summary.csv,schedule
20260912031032563248,2026-09-12 03:10:32,業績報表,daily_df.csv,./dashboard_data/latest/daily_df.csv,schedule
20260912031032587838,2026-09-12 03:10:32,次月統計報表,next_month_daily_df.csv,./dashboard_data/latest/next_month_daily_df.csv,schedule
20260912031032608853,2026-09-12 03:10:32,業績報表,email_preview.html,./dashboard_data/latest/email_preview.html,schedule
20260912031032630603,2026-09-12 03:10:32,業績報表,meta.json,./dashboard_data/latest/meta.json,schedule
20260912031032652262,2026-09-12 03:10:32,業績報表,20260912_031032_df4.csv,./dashboard_data/snapshots/202609/20260912_031032_df4.csv,schedule
20260912031032673803,2026-09-12 03:10:32,業績報表,20260912_031032_order_date_summary.csv,./dashboard_data/snapshots/202609/20260912_031032_order_date_summary.csv,schedule
20260912031032695554,2026-09-12 03:10:32,業績報表,20260912_031032_month_performance_summary.csv,./dashboard_data/snapshots/202609/20260912_031032_month_performance_summary.csv,schedule
20260912031032717315,2026-09-12 03:10:32,業績報表,20260912_031032_reserve_summary.csv,./dashboard_data/snapshots/202609/20260912_031032_reserve_summary.csv,schedule
20260912031032738788,2026-09-12 03:10:32,業績報表,20260912_031032_net_performance_summary.csv,./dashboard_data/snapshots/202609/20260912_031032_net_performance_summary.csv,schedule
20260912031032763636,2026-09-12 03:10:32,業績報表,20260912_031032_daily_df.csv,./dashboard_data/snapshots/202609/20260912_031032_daily_df.csv,schedule
20260912031032788444,2026-09-12 03:10:32,次月統計報表,20260912_031032_next_month_daily_df.csv,./dashboard_data/snapshots/202609/20260912_031032_next_month_daily_df.csv,schedule
20260912031032810187,2026-09-12 03:10:32,業績報表,20260912_031032_meta.json,./dashboard_data/snapshots/202609/20260912_031032_meta.json,schedule
20260912031032831345,2026-09-12 03:10:32,業績報表,20260912_031032_email_preview.html,./dashboard_data/snapshots/202609/20260912_031032_email_preview.html,schedule
20260912122634137482,2026-09-12 12:26:34,訂購日期付款彙總,order_date_summary.csv,./dashboard_data/latest/order_date_summary.csv,schedule
20260912122634262931,2026-09-12 12:26:34,業績報表,df4.csv,./dashboard_data/latest/df4.csv,schedule
20260912122634281857,2026-09-12 12:26:34,業績報表,order_date_summary.csv,./dashboard_data/latest/order_date_summary.csv,schedule
20260912122634299471,2026-09-12 12:26:34,業績報表,month_performance_summary.csv,./dashboard_data/latest/month_performance_summary.csv,schedule
20260912122634317348,2026-09-12 12:26:34,業績報表,reserve_summary.csv,./dashboard_data/latest/reserve_summary.csv,schedule
20260912122634335069,2026-09-12 12:26:34,業績報表,net_performance_summary.csv,./dashboard_data/latest/net_performance_summary.csv,schedule
20260912122634355845,2026-09-12 12:26:34,業績報表,daily_df.csv,./dashboard_data/latest/daily_df.csv,schedule
20260912122634376028,2026-09-12 12:26:34,次月統計報表,next_month_daily_df.csv,./dashboard_data/latest/next_month_daily_df.csv,schedule
20260912122634393288,2026-09-12 12:26:34,業績報表,email_preview.html,./dashboard_data/latest/email_preview.html,schedule
20260912122634410471,2026-09-12 12:26:34,業績報表,meta.json,./dashboard_data/latest/meta.json,schedule
20260912122634428078,2026-09-12 12:26:34,業績報表,20260912_122634_df4.csv,./dashboard_data/snapshots/202609/20260912_122634_df4.csv,schedule
20260912122634445900,2026-09-12 12:26:34,業績報表,20260912_122634_order_date_summary.csv,./dashboard_data/snapshots/202609/20260912_122634_order_date_summary.csv,schedule
20260912122634463472,2026-09-12 12:26:34,業績報表,20260912_122634_month_performance_summary.csv,./dashboard_data/snapshots/202609/20260912_122634_month_performance_summary.csv,schedule
20260912122634480878,2026-09-12 12:26:34,業績報表,20260912_122634_reserve_summary.csv,./dashboard_data/snapshots/202609/20260912_122634_reserve_summary.csv,schedule
20260912122634498557,2026-09-12 12:26:34,業績報表,20260912_122634_net_performance_summary.csv,./dashboard_data/snapshots/202609/20260912_122634_net_performance_summary.csv,schedule
20260912122634518733,2026-09-12 12:26:34,業績報表,20260912_122634_daily_df.csv,./dashboard_data/snapshots/202609/20260912_122634_daily_df.csv,schedule
20260912122634538982,2026-09-12 12:26:34,次月統計報表,20260912_122634_next_month_daily_df.csv,./dashboard_data/snapshots/202609/20260912_122634_next_month_daily_df.csv,schedule
20260912122634556633,2026-09-12 12:26:34,業績報表,20260912_122634_meta.json,./dashboard_data/snapshots/202609/20260912_122634_meta.json,schedule
20260912122634574076,2026-09-12 12:26:34,業績報表,20260912_122634_email_preview.html,./dashboard_data/snapshots/202609/20260912_122634_email_preview.html,schedule
20260912213617194669,2026-09-12 21:36:17,訂購日期付款彙總,order_date_summary.csv,./dashboard_data/latest/order_date_summary.csv,schedule
20260912213617314261,2026-09-12 21:36:17,業績報表,df4.csv,./dashboard_data/latest/df4.csv,schedule
20260912213617332150,2026-09-12 21:36:17,業績報表,order_date_summary.csv,./dashboard_data/latest/order_date_summary.csv,schedule
20260912213617349339,2026-09-12 21:36:17,業績報表,month_performance_summary.csv,./dashboard_data/latest/month_performance_summary.csv,schedule
20260912213617366595,2026-09-12 21:36:17,業績報表,reserve_summary.csv,./dashboard_data/latest/reserve_summary.csv,schedule
20260912213617383396,2026-09-12 21:36:17,業績報表,net_performance_summary.csv,./dashboard_data/latest/net_performance_summary.csv,schedule
20260912213617403085,2026-09-12 21:36:17,業績報表,daily_df.csv,./dashboard_data/latest/daily_df.csv,schedule
20260912213617422068,2026-09-12 21:36:17,次月統計報表,next_month_daily_df.csv,./dashboard_data/latest/next_month_daily_df.csv,schedule
20260912213617438972,2026-09-12 21:36:17,業績報表,email_preview.html,./dashboard_data/latest/email_preview.html,schedule
20260912213617455988,2026-09-12 21:36:17,業績報表,meta.json,./dashboard_data/latest/meta.json,schedule
20260912213617473058,2026-09-12 21:36:17,業績報表,20260912_213617_df4.csv,./dashboard_data/snapshots/202609/20260912_213617_df4.csv,schedule
20260912213617489932,2026-09-12 21:36:17,業績報表,20260912_213617_order_date_summary.csv,./dashboard_data/snapshots/202609/20260912_213617_order_date_summary.csv,schedule
20260912213617507193,2026-09-12 21:36:17,業績報表,20260912_213617_month_performance_summary.csv,./dashboard_data/snapshots/202609/20260912_213617_month_performance_summary.csv,schedule
20260912213617524471,2026-09-12 21:36:17,業績報表,20260912_213617_reserve_summary.csv,./dashboard_data/snapshots/202609/20260912_213617_reserve_summary.csv,schedule
20260912213617541277,2026-09-12 21:36:17,業績報表,20260912_213617_net_performance_summary.csv,./dashboard_data/snapshots/202609/20260912_213617_net_performance_summary.csv,schedule
20260912213617638262,2026-09-12 21:36:17,業績報表,20260912_213617_daily_df.csv,./dashboard_data/snapshots/202609/20260912_213617_daily_df.csv,schedule
20260912213617657784,2026-09-12 21:36:17,次月統計報表,20260912_213617_next_month_daily_df.csv,./dashboard_data/snapshots/202609/20260912_213617_next_month_daily_df.csv,schedule
20260912213617674903,2026-09-12 21:36:17,業績報表,20260912_213617_meta.json,./dashboard_data/snapshots/202609/20260912_213617_meta.json,schedule
20260912213617691472,2026-09-12 21:36:17,業績報表,20260912_213617_email_preview.html,./dashboard_data/snapshots/202609/20260912_213617_email_preview.html,schedule
20260913022405993396,2026-09-13 02:24:05,訂購日期付款彙總,order_date_summary.csv,./dashboard_data/latest/order_date_summary.csv,schedule
20260913022406151166,2026-09-13 02:24:06,業績報表,df4.csv,./dashboard_data/latest/df4.csv,schedule
20260913022406174754,2026-09-13 02:24:06,業績報表,order_date_summary.csv,./dashboard_data/latest/order_date_summary.csv,schedule
20260913022406197104,2026-09-13 02:24:06,業績報表,month_performance_summary.csv,./dashboard_data/latest/month_performance_summary.csv,schedule
20260913022406222033,2026-09-13 02:24:06,業績報表,reserve_summary.csv,./dashboard_data/latest/reserve_summary.csv,schedule
20260913022406245628,2026-09-13 02:24:06,業績報表,net_performance_summary.csv,./dashboard_data/latest/net_performance_summary.csv,schedule
20260913022406272079,2026-09-13 02:24:06,業績報表,daily_df.csv,./dashboard_data/latest/daily_df.csv,schedule
20260913022406297774,2026-09-13 02:24:06,次月統計報表,next_month_daily_df.csv,./dashboard_data/latest/next_month_daily_df.csv,schedule
20260913022406319952,2026-09-13 02:24:06,業績報表,email_preview.html,./dashboard_data/latest/email_preview.html,schedule
20260913022406341923,2026-09-13 02:24:06,業績報表,meta.json,./dashboard_data/latest/meta.json,schedule
20260913022406364221,2026-09-13 02:24:06,業績報表,20260913_022406_df4.csv,./dashboard_data/snapshots/202609/20260913_022406_df4.csv,schedule
20260913022406386320,2026-09-13 02:24:06,業績報表,20260913_022406_order_date_summary.csv,./dashboard_data/snapshots/202609/20260913_022406_order_date_summary.csv,schedule
20260913022406408322,2026-09-13 02:24:06,業績報表,20260913_022406_month_performance_summary.csv,./dashboard_data/snapshots/202609/20260913_022406_month_performance_summary.csv,schedule
20260913022406430334,2026-09-13 02:24:06,業績報表,20260913_022406_reserve_summary.csv,./dashboard_data/snapshots/202609/20260913_022406_reserve_summary.csv,schedule
20260913022406452625,2026-09-13 02:24:06,業績報表,20260913_022406_net_performance_summary.csv,./dashboard_data/snapshots/202609/20260913_022406_net_performance_summary.csv,schedule
20260913022406478240,2026-09-13 02:24:06,業績報表,20260913_022406_daily_df.csv,./dashboard_data/snapshots/202609/20260913_022406_daily_df.csv,schedule
20260913022406503329,2026-09-13 02:24:06,次月統計報表,20260913_022406_next_month_daily_df.csv,./dashboard_data/snapshots/202609/20260913_022406_next_month_daily_df.csv,schedule
20260913022406525073,2026-09-13 02:24:06,業績報表,20260913_022406_meta.json,./dashboard_data/snapshots/202609/20260913_022406_meta.json,schedule
20260913022406547356,2026-09-13 02:24:06,業績報表,20260913_022406_email_preview.html,./dashboard_data/snapshots/202609/20260913_022406_email_preview.html,schedule
20260913123847547572,2026-09-13 12:38:47,訂購日期付款彙總,order_date_summary.csv,./dashboard_data/latest/order_date_summary.csv,schedule
20260913123847703656,2026-09-13 12:38:47,業績報表,df4.csv,./dashboard_data/latest/df4.csv,schedule
20260913123847726233,2026-09-13 12:38:47,業績報表,order_date_summary.csv,./dashboard_data/latest/order_date_summary.csv,schedule
20260913123847748121,2026-09-13 12:38:47,業績報表,month_performance_summary.csv,./dashboard_data/latest/month_performance_summary.csv,schedule
20260913123847770745,2026-09-13 12:38:47,業績報表,reserve_summary.csv,./dashboard_data/latest/reserve_summary.csv,schedule
20260913123847792402,2026-09-13 12:38:47,業績報表,net_performance_summary.csv,./dashboard_data/latest/net_performance_summary.csv,schedule
20260913123847817953,2026-09-13 12:38:47,業績報表,daily_df.csv,./dashboard_data/latest/daily_df.csv,schedule
20260913123847842641,2026-09-13 12:38:47,次月統計報表,next_month_daily_df.csv,./dashboard_data/latest/next_month_daily_df.csv,schedule
20260913123847864513,2026-09-13 12:38:47,業績報表,email_preview.html,./dashboard_data/latest/email_preview.html,schedule
20260913123847886117,2026-09-13 12:38:47,業績報表,meta.json,./dashboard_data/latest/meta.json,schedule
20260913123847907907,2026-09-13 12:38:47,業績報表,20260913_123847_df4.csv,./dashboard_data/snapshots/202609/20260913_123847_df4.csv,schedule
20260913123847930283,2026-09-13 12:38:47,業績報表,20260913_123847_order_date_summary.csv,./dashboard_data/snapshots/202609/20260913_123847_order_date_summary.csv,schedule
20260913123847952747,2026-09-13 12:38:47,業績報表,20260913_123847_month_performance_summary.csv,./dashboard_data/snapshots/202609/20260913_123847_month_performance_summary.csv,schedule
20260913123847974545,2026-09-13 12:38:47,業績報表,20260913_123847_reserve_summary.csv,./dashboard_data/snapshots/202609/20260913_123847_reserve_summary.csv,schedule
20260913123847996534,2026-09-13 12:38:47,業績報表,20260913_123847_net_performance_summary.csv,./dashboard_data/snapshots/202609/20260913_123847_net_performance_summary.csv,schedule
20260913123848021999,2026-09-13 12:38:48,業績報表,20260913_123847_daily_df.csv,./dashboard_data/snapshots/202609/20260913_123847_daily_df.csv,schedule
20260913123848046756,2026-09-13 12:38:48,次月統計報表,20260913_123847_next_month_daily_df.csv,./dashboard_data/snapshots/202609/20260913_123847_next_month_daily_df.csv,schedule
20260913123848068224,2026-09-13 12:38:48,業績報表,20260913_123847_meta.json,./dashboard_data/snapshots/202609/20260913_123847_meta.json,schedule
20260913123848089578,2026-09-13 12:38:48,業績報表,20260913_123847_email_preview.html,./dashboard_data/snapshots/202609/20260913_123847_email_preview.html,schedule
20260913222019656455,2026-09-13 22:20:19,訂購日期付款彙總,order_date_summary.csv,./dashboard_data/latest/order_date_summary.csv,schedule
20260913222019811806,2026-09-13 22:20:19,業績報表,df4.csv,./dashboard_data/latest/df4.csv,schedule
20260913222019834573,2026-09-13 22:20:19,業績報表,order_date_summary.csv,./dashboard_data/latest/order_date_summary.csv,schedule
20260913222019856540,2026-09-13 22:20:19,業績報表,month_performance_summary.csv,./dashboard_data/latest/month_performance_summary.csv,schedule
20260913222019878930,2026-09-13 22:20:19,業績報表,reserve_summary.csv,./dashboard_data/latest/reserve_summary.csv,schedule
20260913222019900866,2026-09-13 22:20:19,業績報表,net_performance_summary.csv,./dashboard_data/latest/net_performance_summary.csv,schedule
20260913222019926487,2026-09-13 22:20:19,業績報表,daily_df.csv,./dashboard_data/latest/daily_df.csv,schedule
20260913222019951428,2026-09-13 22:20:19,次月統計報表,next_month_daily_df.csv,./dashboard_data/latest/next_month_daily_df.csv,schedule
20260913222019973224,2026-09-13 22:20:19,業績報表,email_preview.html,./dashboard_data/latest/email_preview.html,schedule
20260913222019994809,2026-09-13 22:20:19,業績報表,meta.json,./dashboard_data/latest/meta.json,schedule
20260913222020016941,2026-09-13 22:20:20,業績報表,20260913_222019_df4.csv,./dashboard_data/snapshots/202609/20260913_222019_df4.csv,schedule
20260913222020038939,2026-09-13 22:20:20,業績報表,20260913_222019_order_date_summary.csv,./dashboard_data/snapshots/202609/20260913_222019_order_date_summary.csv,schedule
20260913222020060888,2026-09-13 22:20:20,業績報表,20260913_222019_month_performance_summary.csv,./dashboard_data/snapshots/202609/20260913_222019_month_performance_summary.csv,schedule
20260913222020082859,2026-09-13 22:20:20,業績報表,20260913_222019_reserve_summary.csv,./dashboard_data/snapshots/202609/20260913_222019_reserve_summary.csv,schedule
20260913222020104910,2026-09-13 22:20:20,業績報表,20260913_222019_net_performance_summary.csv,./dashboard_data/snapshots/202609/20260913_222019_net_performance_summary.csv,schedule
20260913222020130323,2026-09-13 22:20:20,業績報表,20260913_222019_daily_df.csv,./dashboard_data/snapshots/202609/20260913_222019_daily_df.csv,schedule
20260913222020155316,2026-09-13 22:20:20,次月統計報表,20260913_222019_next_month_daily_df.csv,./dashboard_data/snapshots/202609/20260913_222019_next_month_daily_df.csv,schedule
20260913222020177374,2026-09-13 22:20:20,業績報表,20260913_222019_meta.json,./dashboard_data/snapshots/202609/20260913_222019_meta.json,schedule
20260913222020198969,2026-09-13 22:20:20,業績報表,20260913_222019_email_preview.html,./dashboard_data/snapshots/202609/20260913_222019_email_preview.html,schedule
20260914024804243855,2026-09-14 02:48:04,訂購日期付款彙總,order_date_summary.csv,./dashboard_data/latest/order_date_summary.csv,schedule
20260914024804368104,2026-09-14 02:48:04,業績報表,df4.csv,./dashboard_data/latest/df4.csv,schedule
20260914024804387475,2026-09-14 02:48:04,業績報表,order_date_summary.csv,./dashboard_data/latest/order_date_summary.csv,schedule
20260914024804405472,2026-09-14 02:48:04,業績報表,month_performance_summary.csv,./dashboard_data/latest/month_performance_summary.csv,schedule
20260914024804422939,2026-09-14 02:48:04,業績報表,reserve_summary.csv,./dashboard_data/latest/reserve_summary.csv,schedule
20260914024804440327,2026-09-14 02:48:04,業績報表,net_performance_summary.csv,./dashboard_data/latest/net_performance_summary.csv,schedule
20260914024804460754,2026-09-14 02:48:04,業績報表,daily_df.csv,./dashboard_data/latest/daily_df.csv,schedule
20260914024804480691,2026-09-14 02:48:04,次月統計報表,next_month_daily_df.csv,./dashboard_data/latest/next_month_daily_df.csv,schedule
20260914024804497875,2026-09-14 02:48:04,業績報表,email_preview.html,./dashboard_data/latest/email_preview.html,schedule
20260914024804514931,2026-09-14 02:48:04,業績報表,meta.json,./dashboard_data/latest/meta.json,schedule
20260914024804532253,2026-09-14 02:48:04,業績報表,20260914_024804_df4.csv,./dashboard_data/snapshots/202609/20260914_024804_df4.csv,schedule
20260914024804549480,2026-09-14 02:48:04,業績報表,20260914_024804_order_date_summary.csv,./dashboard_data/snapshots/202609/20260914_024804_order_date_summary.csv,schedule
20260914024804566857,2026-09-14 02:48:04,業績報表,20260914_024804_month_performance_summary.csv,./dashboard_data/snapshots/202609/20260914_024804_month_performance_summary.csv,schedule
20260914024804584248,2026-09-14 02:48:04,業績報表,20260914_024804_reserve_summary.csv,./dashboard_data/snapshots/202609/20260914_024804_reserve_summary.csv,schedule
20260914024804601530,2026-09-14 02:48:04,業績報表,20260914_024804_net_performance_summary.csv,./dashboard_data/snapshots/202609/20260914_024804_net_performance_summary.csv,schedule
20260914024804621866,2026-09-14 02:48:04,業績報表,20260914_024804_daily_df.csv,./dashboard_data/snapshots/202609/20260914_024804_daily_df.csv,schedule
20260914024804641926,2026-09-14 02:48:04,次月統計報表,20260914_024804_next_month_daily_df.csv,./dashboard_data/snapshots/202609/20260914_024804_next_month_daily_df.csv,schedule
20260914024804658996,2026-09-14 02:48:04,業績報表,20260914_024804_meta.json,./dashboard_data/snapshots/202609/20260914_024804_meta.json,schedule
20260914024804676018,2026-09-14 02:48:04,業績報表,20260914_024804_email_preview.html,./dashboard_data/snapshots/202609/20260914_024804_email_preview.html,schedule
20260914124645273677,2026-09-14 12:46:45,訂購日期付款彙總,order_date_summary.csv,./dashboard_data/latest/order_date_summary.csv,schedule
20260914124645416804,2026-09-14 12:46:45,業績報表,df4.csv,./dashboard_data/latest/df4.csv,schedule
20260914124645439163,2026-09-14 12:46:45,業績報表,order_date_summary.csv,./dashboard_data/latest/order_date_summary.csv,schedule
20260914124645460635,2026-09-14 12:46:45,業績報表,month_performance_summary.csv,./dashboard_data/latest/month_performance_summary.csv,schedule
20260914124645482294,2026-09-14 12:46:45,業績報表,reserve_summary.csv,./dashboard_data/latest/reserve_summary.csv,schedule
20260914124645503822,2026-09-14 12:46:45,業績報表,net_performance_summary.csv,./dashboard_data/latest/net_performance_summary.csv,schedule
20260914124645530272,2026-09-14 12:46:45,業績報表,daily_df.csv,./dashboard_data/latest/daily_df.csv,schedule
20260914124645554917,2026-09-14 12:46:45,次月統計報表,next_month_daily_df.csv,./dashboard_data/latest/next_month_daily_df.csv,schedule
20260914124645576191,2026-09-14 12:46:45,業績報表,email_preview.html,./dashboard_data/latest/email_preview.html,schedule
20260914124645597514,2026-09-14 12:46:45,業績報表,meta.json,./dashboard_data/latest/meta.json,schedule
20260914124645619387,2026-09-14 12:46:45,業績報表,20260914_124645_df4.csv,./dashboard_data/snapshots/202609/20260914_124645_df4.csv,schedule
20260914124645640939,2026-09-14 12:46:45,業績報表,20260914_124645_order_date_summary.csv,./dashboard_data/snapshots/202609/20260914_124645_order_date_summary.csv,schedule
20260914124645662229,2026-09-14 12:46:45,業績報表,20260914_124645_month_performance_summary.csv,./dashboard_data/snapshots/202609/20260914_124645_month_performance_summary.csv,schedule
20260914124645683646,2026-09-14 12:46:45,業績報表,20260914_124645_reserve_summary.csv,./dashboard_data/snapshots/202609/20260914_124645_reserve_summary.csv,schedule
20260914124645706295,2026-09-14 12:46:45,業績報表,20260914_124645_net_performance_summary.csv,./dashboard_data/snapshots/202609/20260914_124645_net_performance_summary.csv,schedule
20260914124645732052,2026-09-14 12:46:45,業績報表,20260914_124645_daily_df.csv,./dashboard_data/snapshots/202609/20260914_124645_daily_df.csv,schedule
20260914124645757297,2026-09-14 12:46:45,次月統計報表,20260914_124645_next_month_daily_df.csv,./dashboard_data/snapshots/202609/20260914_124645_next_month_daily_df.csv,schedule
20260914124645778891,2026-09-14 12:46:45,業績報表,20260914_124645_meta.json,./dashboard_data/snapshots/202609/20260914_124645_meta.json,schedule
20260914124645804485,2026-09-14 12:46:45,業績報表,20260914_124645_email_preview.html,./dashboard_data/snapshots/202609/20260914_124645_email_preview.html,schedule
20260915002229208424,2026-09-15 00:22:29,訂購日期付款彙總,order_date_summary.csv,./dashboard_data/latest/order_date_summary.csv,schedule
20260915002229367102,2026-09-15 00:22:29,業績報表,df4.csv,./dashboard_data/latest/df4.csv,schedule
20260915002229390414,2026-09-15 00:22:29,業績報表,order_date_summary.csv,./dashboard_data/latest/order_date_summary.csv,schedule
20260915002229413011,2026-09-15 00:22:29,業績報表,month_performance_summary.csv,./dashboard_data/latest/month_performance_summary.csv,schedule
20260915002229435417,2026-09-15 00:22:29,業績報表,reserve_summary.csv,./dashboard_data/latest/reserve_summary.csv,schedule
20260915002229457932,2026-09-15 00:22:29,業績報表,net_performance_summary.csv,./dashboard_data/latest/net_performance_summary.csv,schedule
20260915002229484031,2026-09-15 00:22:29,業績報表,daily_df.csv,./dashboard_data/latest/daily_df.csv,schedule
20260915002229509422,2026-09-15 00:22:29,次月統計報表,next_month_daily_df.csv,./dashboard_data/latest/next_month_daily_df.csv,schedule
20260915002229531599,2026-09-15 00:22:29,業績報表,email_preview.html,./dashboard_data/latest/email_preview.html,schedule
20260915002229553950,2026-09-15 00:22:29,業績報表,meta.json,./dashboard_data/latest/meta.json,schedule
20260915002229577164,2026-09-15 00:22:29,業績報表,20260915_002229_df4.csv,./dashboard_data/snapshots/202609/20260915_002229_df4.csv,schedule
20260915002229599587,2026-09-15 00:22:29,業績報表,20260915_002229_order_date_summary.csv,./dashboard_data/snapshots/202609/20260915_002229_order_date_summary.csv,schedule
20260915002229622426,2026-09-15 00:22:29,業績報表,20260915_002229_month_performance_summary.csv,./dashboard_data/snapshots/202609/20260915_002229_month_performance_summary.csv,schedule
20260915002229644996,2026-09-15 00:22:29,業績報表,20260915_002229_reserve_summary.csv,./dashboard_data/snapshots/202609/20260915_002229_reserve_summary.csv,schedule
20260915002229667762,2026-09-15 00:22:29,業績報表,20260915_002229_net_performance_summary.csv,./dashboard_data/snapshots/202609/20260915_002229_net_performance_summary.csv,schedule
20260915002229694159,2026-09-15 00:22:29,業績報表,20260915_002229_daily_df.csv,./dashboard_data/snapshots/202609/20260915_002229_daily_df.csv,schedule
20260915002229719463,2026-09-15 00:22:29,次月統計報表,20260915_002229_next_month_daily_df.csv,./dashboard_data/snapshots/202609/20260915_002229_next_month_daily_df.csv,schedule
20260915002229741943,2026-09-15 00:22:29,業績報表,20260915_002229_meta.json,./dashboard_data/snapshots/202609/20260915_002229_meta.json,schedule
20260915002229764047,2026-09-15 00:22:29,業績報表,20260915_002229_email_preview.html,./dashboard_data/snapshots/202609/20260915_002229_email_preview.html,schedule
20260915041920541973,2026-09-15 04:19:20,訂購日期付款彙總,order_date_summary.csv,./dashboard_data/latest/order_date_summary.csv,schedule
20260915041920703867,2026-09-15 04:19:20,業績報表,df4.csv,./dashboard_data/latest/df4.csv,schedule
20260915041920728749,2026-09-15 04:19:20,業績報表,order_date_summary.csv,./dashboard_data/latest/order_date_summary.csv,schedule
20260915041920751746,2026-09-15 04:19:20,業績報表,month_performance_summary.csv,./dashboard_data/latest/month_performance_summary.csv,schedule
20260915041920774567,2026-09-15 04:19:20,業績報表,reserve_summary.csv,./dashboard_data/latest/reserve_summary.csv,schedule
20260915041920797398,2026-09-15 04:19:20,業績報表,net_performance_summary.csv,./dashboard_data/latest/net_performance_summary.csv,schedule
20260915041920824154,2026-09-15 04:19:20,業績報表,daily_df.csv,./dashboard_data/latest/daily_df.csv,schedule
20260915041920850598,2026-09-15 04:19:20,次月統計報表,next_month_daily_df.csv,./dashboard_data/latest/next_month_daily_df.csv,schedule
20260915041920874059,2026-09-15 04:19:20,業績報表,email_preview.html,./dashboard_data/latest/email_preview.html,schedule
20260915041920897403,2026-09-15 04:19:20,業績報表,meta.json,./dashboard_data/latest/meta.json,schedule
20260915041920921257,2026-09-15 04:19:20,業績報表,20260915_041920_df4.csv,./dashboard_data/snapshots/202609/20260915_041920_df4.csv,schedule
20260915041920944383,2026-09-15 04:19:20,業績報表,20260915_041920_order_date_summary.csv,./dashboard_data/snapshots/202609/20260915_041920_order_date_summary.csv,schedule
20260915041920968043,2026-09-15 04:19:20,業績報表,20260915_041920_month_performance_summary.csv,./dashboard_data/snapshots/202609/20260915_041920_month_performance_summary.csv,schedule
20260915041920991797,2026-09-15 04:19:20,業績報表,20260915_041920_reserve_summary.csv,./dashboard_data/snapshots/202609/20260915_041920_reserve_summary.csv,schedule
20260915041921015682,2026-09-15 04:19:21,業績報表,20260915_041920_net_performance_summary.csv,./dashboard_data/snapshots/202609/20260915_041920_net_performance_summary.csv,schedule
20260915041921042443,2026-09-15 04:19:21,業績報表,20260915_041920_daily_df.csv,./dashboard_data/snapshots/202609/20260915_041920_daily_df.csv,schedule
20260915041921068844,2026-09-15 04:19:21,次月統計報表,20260915_041920_next_month_daily_df.csv,./dashboard_data/snapshots/202609/20260915_041920_next_month_daily_df.csv,schedule
20260915041921091890,2026-09-15 04:19:21,業績報表,20260915_041920_meta.json,./dashboard_data/snapshots/202609/20260915_041920_meta.json,schedule
20260915041921115003,2026-09-15 04:19:21,業績報表,20260915_041920_email_preview.html,./dashboard_data/snapshots/202609/20260915_041920_email_preview.html,schedule
20260915124616386644,2026-09-15 12:46:16,訂購日期付款彙總,order_date_summary.csv,./dashboard_data/latest/order_date_summary.csv,schedule
20260915124616543641,2026-09-15 12:46:16,業績報表,df4.csv,./dashboard_data/latest/df4.csv,schedule
20260915124616567477,2026-09-15 12:46:16,業績報表,order_date_summary.csv,./dashboard_data/latest/order_date_summary.csv,schedule
20260915124616590634,2026-09-15 12:46:16,業績報表,month_performance_summary.csv,./dashboard_data/latest/month_performance_summary.csv,schedule
20260915124616613465,2026-09-15 12:46:16,業績報表,reserve_summary.csv,./dashboard_data/latest/reserve_summary.csv,schedule
20260915124616636271,2026-09-15 12:46:16,業績報表,net_performance_summary.csv,./dashboard_data/latest/net_performance_summary.csv,schedule
20260915124616663087,2026-09-15 12:46:16,業績報表,daily_df.csv,./dashboard_data/latest/daily_df.csv,schedule
20260915124616688893,2026-09-15 12:46:16,次月統計報表,next_month_daily_df.csv,./dashboard_data/latest/next_month_daily_df.csv,schedule
20260915124616710993,2026-09-15 12:46:16,業績報表,email_preview.html,./dashboard_data/latest/email_preview.html,schedule
20260915124616733556,2026-09-15 12:46:16,業績報表,meta.json,./dashboard_data/latest/meta.json,schedule
20260915124616756589,2026-09-15 12:46:16,業績報表,20260915_124616_df4.csv,./dashboard_data/snapshots/202609/20260915_124616_df4.csv,schedule
20260915124616779250,2026-09-15 12:46:16,業績報表,20260915_124616_order_date_summary.csv,./dashboard_data/snapshots/202609/20260915_124616_order_date_summary.csv,schedule
20260915124616801819,2026-09-15 12:46:16,業績報表,20260915_124616_month_performance_summary.csv,./dashboard_data/snapshots/202609/20260915_124616_month_performance_summary.csv,schedule
20260915124616824440,2026-09-15 12:46:16,業績報表,20260915_124616_reserve_summary.csv,./dashboard_data/snapshots/202609/20260915_124616_reserve_summary.csv,schedule
20260915124616846989,2026-09-15 12:46:16,業績報表,20260915_124616_net_performance_summary.csv,./dashboard_data/snapshots/202609/20260915_124616_net_performance_summary.csv,schedule
20260915124616873181,2026-09-15 12:46:16,業績報表,20260915_124616_daily_df.csv,./dashboard_data/snapshots/202609/20260915_124616_daily_df.csv,schedule
20260915124616899255,2026-09-15 12:46:16,次月統計報表,20260915_124616_next_month_daily_df.csv,./dashboard_data/snapshots/202609/20260915_124616_next_month_daily_df.csv,schedule
20260915124616922377,2026-09-15 12:46:16,業績報表,20260915_124616_meta.json,./dashboard_data/snapshots/202609/20260915_124616_meta.json,schedule
20260915124616948489,2026-09-15 12:46:16,業績報表,20260915_124616_email_preview.html,./dashboard_data/snapshots/202609/20260915_124616_email_preview.html,schedule
20260915225857260607,2026-09-15 22:58:57,訂購日期付款彙總,order_date_summary.csv,./dashboard_data/latest/order_date_summary.csv,schedule
20260915225857422639,2026-09-15 22:58:57,業績報表,df4.csv,./dashboard_data/latest/df4.csv,schedule
20260915225857447801,2026-09-15 22:58:57,業績報表,order_date_summary.csv,./dashboard_data/latest/order_date_summary.csv,schedule
20260915225857470665,2026-09-15 22:58:57,業績報表,month_performance_summary.csv,./dashboard_data/latest/month_performance_summary.csv,schedule
20260915225857493274,2026-09-15 22:58:57,業績報表,reserve_summary.csv,./dashboard_data/latest/reserve_summary.csv,schedule
20260915225857515845,2026-09-15 22:58:57,業績報表,net_performance_summary.csv,./dashboard_data/latest/net_performance_summary.csv,schedule
20260915225857542553,2026-09-15 22:58:57,業績報表,daily_df.csv,./dashboard_data/latest/daily_df.csv,schedule
20260915225857569105,2026-09-15 22:58:57,次月統計報表,next_month_daily_df.csv,./dashboard_data/latest/next_month_daily_df.csv,schedule
20260915225857591657,2026-09-15 22:58:57,業績報表,email_preview.html,./dashboard_data/latest/email_preview.html,schedule
20260915225857615397,2026-09-15 22:58:57,業績報表,meta.json,./dashboard_data/latest/meta.json,schedule
20260915225857639707,2026-09-15 22:58:57,業績報表,20260915_225857_df4.csv,./dashboard_data/snapshots/202609/20260915_225857_df4.csv,schedule
20260915225857662439,2026-09-15 22:58:57,業績報表,20260915_225857_order_date_summary.csv,./dashboard_data/snapshots/202609/20260915_225857_order_date_summary.csv,schedule
20260915225857685156,2026-09-15 22:58:57,業績報表,20260915_225857_month_performance_summary.csv,./dashboard_data/snapshots/202609/20260915_225857_month_performance_summary.csv,schedule
20260915225857708409,2026-09-15 22:58:57,業績報表,20260915_225857_reserve_summary.csv,./dashboard_data/snapshots/202609/20260915_225857_reserve_summary.csv,schedule
20260915225857731290,2026-09-15 22:58:57,業績報表,20260915_225857_net_performance_summary.csv,./dashboard_data/snapshots/202609/20260915_225857_net_performance_summary.csv,schedule
20260915225857758210,2026-09-15 22:58:57,業績報表,20260915_225857_daily_df.csv,./dashboard_data/snapshots/202609/20260915_225857_daily_df.csv,schedule
20260915225857784628,2026-09-15 22:58:57,次月統計報表,20260915_225857_next_month_daily_df.csv,./dashboard_data/snapshots/202609/20260915_225857_next_month_daily_df.csv,schedule
20260915225857806946,2026-09-15 22:58:57,業績報表,20260915_225857_meta.json,./dashboard_data/snapshots/202609/20260915_225857_meta.json,schedule
20260915225857829734,2026-09-15 22:58:57,業績報表,20260915_225857_email_preview.html,./dashboard_data/snapshots/202609/20260915_225857_email_preview.html,schedule
20260916034259579012,2026-09-16 03:42:59,訂購日期付款彙總,order_date_summary.csv,./dashboard_data/latest/order_date_summary.csv,schedule
20260916034259807141,2026-09-16 03:42:59,業績報表,df4.csv,./dashboard_data/latest/df4.csv,schedule
20260916034259831339,2026-09-16 03:42:59,業績報表,order_date_summary.csv,./dashboard_data/latest/order_date_summary.csv,schedule
20260916034259855027,2026-09-16 03:42:59,業績報表,month_performance_summary.csv,./dashboard_data/latest/month_performance_summary.csv,schedule
20260916034259877894,2026-09-16 03:42:59,業績報表,reserve_summary.csv,./dashboard_data/latest/reserve_summary.csv,schedule
20260916034259901180,2026-09-16 03:42:59,業績報表,net_performance_summary.csv,./dashboard_data/latest/net_performance_summary.csv,schedule
20260916034259928330,2026-09-16 03:42:59,業績報表,daily_df.csv,./dashboard_data/latest/daily_df.csv,schedule
20260916034259954170,2026-09-16 03:42:59,次月統計報表,next_month_daily_df.csv,./dashboard_data/latest/next_month_daily_df.csv,schedule
20260916034259977252,2026-09-16 03:42:59,業績報表,email_preview.html,./dashboard_data/latest/email_preview.html,schedule
20260916034300000803,2026-09-16 03:43:00,業績報表,meta.json,./dashboard_data/latest/meta.json,schedule
20260916034300024946,2026-09-16 03:43:00,業績報表,20260916_034259_df4.csv,./dashboard_data/snapshots/202609/20260916_034259_df4.csv,schedule
20260916034300048517,2026-09-16 03:43:00,業績報表,20260916_034259_order_date_summary.csv,./dashboard_data/snapshots/202609/20260916_034259_order_date_summary.csv,schedule
20260916034300072530,2026-09-16 03:43:00,業績報表,20260916_034259_month_performance_summary.csv,./dashboard_data/snapshots/202609/20260916_034259_month_performance_summary.csv,schedule
20260916034300096207,2026-09-16 03:43:00,業績報表,20260916_034259_reserve_summary.csv,./dashboard_data/snapshots/202609/20260916_034259_reserve_summary.csv,schedule
20260916034300120017,2026-09-16 03:43:00,業績報表,20260916_034259_net_performance_summary.csv,./dashboard_data/snapshots/202609/20260916_034259_net_performance_summary.csv,schedule
20260916034300148217,2026-09-16 03:43:00,業績報表,20260916_034259_daily_df.csv,./dashboard_data/snapshots/202609/20260916_034259_daily_df.csv,schedule
20260916034300176210,2026-09-16 03:43:00,次月統計報表,20260916_034259_next_month_daily_df.csv,./dashboard_data/snapshots/202609/20260916_034259_next_month_daily_df.csv,schedule
20260916034300200476,2026-09-16 03:43:00,業績報表,20260916_034259_meta.json,./dashboard_data/snapshots/202609/20260916_034259_meta.json,schedule
20260916034300223948,2026-09-16 03:43:00,業績報表,20260916_034259_email_preview.html,./dashboard_data/snapshots/202609/20260916_034259_email_preview.html,schedule
20260916124303709782,2026-09-16 12:43:03,訂購日期付款彙總,order_date_summary.csv,./dashboard_data/latest/order_date_summary.csv,schedule
20260916124303820632,2026-09-16 12:43:03,業績報表,df4.csv,./dashboard_data/latest/df4.csv,schedule
20260916124303837738,2026-09-16 12:43:03,業績報表,order_date_summary.csv,./dashboard_data/latest/order_date_summary.csv,schedule
20260916124303852932,2026-09-16 12:43:03,業績報表,month_performance_summary.csv,./dashboard_data/latest/month_performance_summary.csv,schedule
20260916124303868939,2026-09-16 12:43:03,業績報表,reserve_summary.csv,./dashboard_data/latest/reserve_summary.csv,schedule
20260916124303883751,2026-09-16 12:43:03,業績報表,net_performance_summary.csv,./dashboard_data/latest/net_performance_summary.csv,schedule
20260916124303922450,2026-09-16 12:43:03,業績報表,daily_df.csv,./dashboard_data/latest/daily_df.csv,schedule
20260916124303940074,2026-09-16 12:43:03,次月統計報表,next_month_daily_df.csv,./dashboard_data/latest/next_month_daily_df.csv,schedule
20260916124303979625,2026-09-16 12:43:03,業績報表,email_preview.html,./dashboard_data/latest/email_preview.html,schedule
20260916124303995333,2026-09-16 12:43:03,業績報表,meta.json,./dashboard_data/latest/meta.json,schedule
20260916124304010951,2026-09-16 12:43:04,業績報表,20260916_124303_df4.csv,./dashboard_data/snapshots/202609/20260916_124303_df4.csv,schedule
20260916124304026077,2026-09-16 12:43:04,業績報表,20260916_124303_order_date_summary.csv,./dashboard_data/snapshots/202609/20260916_124303_order_date_summary.csv,schedule
20260916124304046040,2026-09-16 12:43:04,業績報表,20260916_124303_month_performance_summary.csv,./dashboard_data/snapshots/202609/20260916_124303_month_performance_summary.csv,schedule
20260916124304139714,2026-09-16 12:43:04,業績報表,20260916_124303_reserve_summary.csv,./dashboard_data/snapshots/202609/20260916_124303_reserve_summary.csv,schedule
20260916124304155619,2026-09-16 12:43:04,業績報表,20260916_124303_net_performance_summary.csv,./dashboard_data/snapshots/202609/20260916_124303_net_performance_summary.csv,schedule
20260916124304173791,2026-09-16 12:43:04,業績報表,20260916_124303_daily_df.csv,./dashboard_data/snapshots/202609/20260916_124303_daily_df.csv,schedule
20260916124304191290,2026-09-16 12:43:04,次月統計報表,20260916_124303_next_month_daily_df.csv,./dashboard_data/snapshots/202609/20260916_124303_next_month_daily_df.csv,schedule
20260916124304206215,2026-09-16 12:43:04,業績報表,20260916_124303_meta.json,./dashboard_data/snapshots/202609/20260916_124303_meta.json,schedule
20260916124304221022,2026-09-16 12:43:04,業績報表,20260916_124303_email_preview.html,./dashboard_data/snapshots/202609/20260916_124303_email_preview.html,schedule
20260916225636553306,2026-09-16 22:56:36,訂購日期付款彙總,order_date_summary.csv,./dashboard_data/latest/order_date_summary.csv,schedule
20260916225636713417,2026-09-16 22:56:36,業績報表,df4.csv,./dashboard_data/latest/df4.csv,schedule
20260916225636737664,2026-09-16 22:56:36,業績報表,order_date_summary.csv,./dashboard_data/latest/order_date_summary.csv,schedule
20260916225636761265,2026-09-16 22:56:36,業績報表,month_performance_summary.csv,./dashboard_data/latest/month_performance_summary.csv,schedule
20260916225636784558,2026-09-16 22:56:36,業績報表,reserve_summary.csv,./dashboard_data/latest/reserve_summary.csv,schedule
20260916225636807626,2026-09-16 22:56:36,業績報表,net_performance_summary.csv,./dashboard_data/latest/net_performance_summary.csv,schedule
20260916225636834756,2026-09-16 22:56:36,業績報表,daily_df.csv,./dashboard_data/latest/daily_df.csv,schedule
20260916225636861386,2026-09-16 22:56:36,次月統計報表,next_month_daily_df.csv,./dashboard_data/latest/next_month_daily_df.csv,schedule
20260916225636884875,2026-09-16 22:56:36,業績報表,email_preview.html,./dashboard_data/latest/email_preview.html,schedule
20260916225636908392,2026-09-16 22:56:36,業績報表,meta.json,./dashboard_data/latest/meta.json,schedule
20260916225636931645,2026-09-16 22:56:36,業績報表,20260916_225636_df4.csv,./dashboard_data/snapshots/202609/20260916_225636_df4.csv,schedule
20260916225636954868,2026-09-16 22:56:36,業績報表,20260916_225636_order_date_summary.csv,./dashboard_data/snapshots/202609/20260916_225636_order_date_summary.csv,schedule
20260916225636978631,2026-09-16 22:56:36,業績報表,20260916_225636_month_performance_summary.csv,./dashboard_data/snapshots/202609/20260916_225636_month_performance_summary.csv,schedule
20260916225637002504,2026-09-16 22:56:37,業績報表,20260916_225636_reserve_summary.csv,./dashboard_data/snapshots/202609/20260916_225636_reserve_summary.csv,schedule
20260916225637025658,2026-09-16 22:56:37,業績報表,20260916_225636_net_performance_summary.csv,./dashboard_data/snapshots/202609/20260916_225636_net_performance_summary.csv,schedule
20260916225637052447,2026-09-16 22:56:37,業績報表,20260916_225636_daily_df.csv,./dashboard_data/snapshots/202609/20260916_225636_daily_df.csv,schedule
20260916225637078400,2026-09-16 22:56:37,次月統計報表,20260916_225636_next_month_daily_df.csv,./dashboard_data/snapshots/202609/20260916_225636_next_month_daily_df.csv,schedule
20260916225637100958,2026-09-16 22:56:37,業績報表,20260916_225636_meta.json,./dashboard_data/snapshots/202609/20260916_225636_meta.json,schedule
20260916225637124338,2026-09-16 22:56:37,業績報表,20260916_225636_email_preview.html,./dashboard_data/snapshots/202609/20260916_225636_email_preview.html,schedule
20260917033433364870,2026-09-17 03:34:33,訂購日期付款彙總,order_date_summary.csv,./dashboard_data/latest/order_date_summary.csv,schedule
20260917033433557949,2026-09-17 03:34:33,業績報表,df4.csv,./dashboard_data/latest/df4.csv,schedule
20260917033433577446,2026-09-17 03:34:33,業績報表,order_date_summary.csv,./dashboard_data/latest/order_date_summary.csv,schedule
20260917033433595753,2026-09-17 03:34:33,業績報表,month_performance_summary.csv,./dashboard_data/latest/month_performance_summary.csv,schedule
20260917033433614238,2026-09-17 03:34:33,業績報表,reserve_summary.csv,./dashboard_data/latest/reserve_summary.csv,schedule
20260917033433632541,2026-09-17 03:34:33,業績報表,net_performance_summary.csv,./dashboard_data/latest/net_performance_summary.csv,schedule
20260917033433654258,2026-09-17 03:34:33,業績報表,daily_df.csv,./dashboard_data/latest/daily_df.csv,schedule
20260917033433675375,2026-09-17 03:34:33,次月統計報表,next_month_daily_df.csv,./dashboard_data/latest/next_month_daily_df.csv,schedule
20260917033433694104,2026-09-17 03:34:33,業績報表,email_preview.html,./dashboard_data/latest/email_preview.html,schedule
20260917033433712897,2026-09-17 03:34:33,業績報表,meta.json,./dashboard_data/latest/meta.json,schedule
20260917033433731678,2026-09-17 03:34:33,業績報表,20260917_033433_df4.csv,./dashboard_data/snapshots/202609/20260917_033433_df4.csv,schedule
20260917033433750225,2026-09-17 03:34:33,業績報表,20260917_033433_order_date_summary.csv,./dashboard_data/snapshots/202609/20260917_033433_order_date_summary.csv,schedule
20260917033433768545,2026-09-17 03:34:33,業績報表,20260917_033433_month_performance_summary.csv,./dashboard_data/snapshots/202609/20260917_033433_month_performance_summary.csv,schedule
20260917033433787019,2026-09-17 03:34:33,業績報表,20260917_033433_reserve_summary.csv,./dashboard_data/snapshots/202609/20260917_033433_reserve_summary.csv,schedule
20260917033433805762,2026-09-17 03:34:33,業績報表,20260917_033433_net_performance_summary.csv,./dashboard_data/snapshots/202609/20260917_033433_net_performance_summary.csv,schedule
20260917033433827612,2026-09-17 03:34:33,業績報表,20260917_033433_daily_df.csv,./dashboard_data/snapshots/202609/20260917_033433_daily_df.csv,schedule
20260917033433849057,2026-09-17 03:34:33,次月統計報表,20260917_033433_next_month_daily_df.csv,./dashboard_data/snapshots/202609/20260917_033433_next_month_daily_df.csv,schedule
20260917033433867372,2026-09-17 03:34:33,業績報表,20260917_033433_meta.json,./dashboard_data/snapshots/202609/20260917_033433_meta.json,schedule
20260917033433885719,2026-09-17 03:34:33,業績報表,20260917_033433_email_preview.html,./dashboard_data/snapshots/202609/20260917_033433_email_preview.html,schedule
20260917124529288758,2026-09-17 12:45:29,訂購日期付款彙總,order_date_summary.csv,./dashboard_data/latest/order_date_summary.csv,schedule
20260917124529408483,2026-09-17 12:45:29,業績報表,df4.csv,./dashboard_data/latest/df4.csv,schedule
20260917124529428219,2026-09-17 12:45:29,業績報表,order_date_summary.csv,./dashboard_data/latest/order_date_summary.csv,schedule
20260917124529446545,2026-09-17 12:45:29,業績報表,month_performance_summary.csv,./dashboard_data/latest/month_performance_summary.csv,schedule
20260917124529464875,2026-09-17 12:45:29,業績報表,reserve_summary.csv,./dashboard_data/latest/reserve_summary.csv,schedule
20260917124529483256,2026-09-17 12:45:29,業績報表,net_performance_summary.csv,./dashboard_data/latest/net_performance_summary.csv,schedule
20260917124529504713,2026-09-17 12:45:29,業績報表,daily_df.csv,./dashboard_data/latest/daily_df.csv,schedule
20260917124529525243,2026-09-17 12:45:29,次月統計報表,next_month_daily_df.csv,./dashboard_data/latest/next_month_daily_df.csv,schedule
20260917124529543134,2026-09-17 12:45:29,業績報表,email_preview.html,./dashboard_data/latest/email_preview.html,schedule
20260917124529561639,2026-09-17 12:45:29,業績報表,meta.json,./dashboard_data/latest/meta.json,schedule
20260917124529580368,2026-09-17 12:45:29,業績報表,20260917_124529_df4.csv,./dashboard_data/snapshots/202609/20260917_124529_df4.csv,schedule
20260917124529598992,2026-09-17 12:45:29,業績報表,20260917_124529_order_date_summary.csv,./dashboard_data/snapshots/202609/20260917_124529_order_date_summary.csv,schedule
20260917124529617016,2026-09-17 12:45:29,業績報表,20260917_124529_month_performance_summary.csv,./dashboard_data/snapshots/202609/20260917_124529_month_performance_summary.csv,schedule
20260917124529635791,2026-09-17 12:45:29,業績報表,20260917_124529_reserve_summary.csv,./dashboard_data/snapshots/202609/20260917_124529_reserve_summary.csv,schedule
20260917124529653832,2026-09-17 12:45:29,業績報表,20260917_124529_net_performance_summary.csv,./dashboard_data/snapshots/202609/20260917_124529_net_performance_summary.csv,schedule
20260917124529764905,2026-09-17 12:45:29,業績報表,20260917_124529_daily_df.csv,./dashboard_data/snapshots/202609/20260917_124529_daily_df.csv,schedule
20260917124529785869,2026-09-17 12:45:29,次月統計報表,20260917_124529_next_month_daily_df.csv,./dashboard_data/snapshots/202609/20260917_124529_next_month_daily_df.csv,schedule
20260917124529804242,2026-09-17 12:45:29,業績報表,20260917_124529_meta.json,./dashboard_data/snapshots/202609/20260917_124529_meta.json,schedule
20260917124529822283,2026-09-17 12:45:29,業績報表,20260917_124529_email_preview.html,./dashboard_data/snapshots/202609/20260917_124529_email_preview.html,schedule
20260917225815294164,2026-09-17 22:58:15,訂購日期付款彙總,order_date_summary.csv,./dashboard_data/latest/order_date_summary.csv,schedule
20260917225815428351,2026-09-17 22:58:15,業績報表,df4.csv,./dashboard_data/latest/df4.csv,schedule
20260917225815448784,2026-09-17 22:58:15,業績報表,order_date_summary.csv,./dashboard_data/latest/order_date_summary.csv,schedule
20260917225815494268,2026-09-17 22:58:15,業績報表,month_performance_summary.csv,./dashboard_data/latest/month_performance_summary.csv,schedule
20260917225815514106,2026-09-17 22:58:15,業績報表,reserve_summary.csv,./dashboard_data/latest/reserve_summary.csv,schedule
20260917225815533173,2026-09-17 22:58:15,業績報表,net_performance_summary.csv,./dashboard_data/latest/net_performance_summary.csv,schedule
20260917225815556667,2026-09-17 22:58:15,業績報表,daily_df.csv,./dashboard_data/latest/daily_df.csv,schedule
20260917225815579536,2026-09-17 22:58:15,次月統計報表,next_month_daily_df.csv,./dashboard_data/latest/next_month_daily_df.csv,schedule
20260917225815599136,2026-09-17 22:58:15,業績報表,email_preview.html,./dashboard_data/latest/email_preview.html,schedule
20260917225815618381,2026-09-17 22:58:15,業績報表,meta.json,./dashboard_data/latest/meta.json,schedule
20260917225815637645,2026-09-17 22:58:15,業績報表,20260917_225815_df4.csv,./dashboard_data/snapshots/202609/20260917_225815_df4.csv,schedule
20260917225815751264,2026-09-17 22:58:15,業績報表,20260917_225815_order_date_summary.csv,./dashboard_data/snapshots/202609/20260917_225815_order_date_summary.csv,schedule
20260917225815771803,2026-09-17 22:58:15,業績報表,20260917_225815_month_performance_summary.csv,./dashboard_data/snapshots/202609/20260917_225815_month_performance_summary.csv,schedule
20260917225816039415,2026-09-17 22:58:16,業績報表,20260917_225815_reserve_summary.csv,./dashboard_data/snapshots/202609/20260917_225815_reserve_summary.csv,schedule
20260917225816060743,2026-09-17 22:58:16,業績報表,20260917_225815_net_performance_summary.csv,./dashboard_data/snapshots/202609/20260917_225815_net_performance_summary.csv,schedule
20260917225816084261,2026-09-17 22:58:16,業績報表,20260917_225815_daily_df.csv,./dashboard_data/snapshots/202609/20260917_225815_daily_df.csv,schedule
20260917225816241585,2026-09-17 22:58:16,次月統計報表,20260917_225815_next_month_daily_df.csv,./dashboard_data/snapshots/202609/20260917_225815_next_month_daily_df.csv,schedule
20260917225816262846,2026-09-17 22:58:16,業績報表,20260917_225815_meta.json,./dashboard_data/snapshots/202609/20260917_225815_meta.json,schedule
20260917225816282550,2026-09-17 22:58:16,業績報表,20260917_225815_email_preview.html,./dashboard_data/snapshots/202609/20260917_225815_email_preview.html,schedule
20260918034501368889,2026-09-18 03:45:01,訂購日期付款彙總,order_date_summary.csv,./dashboard_data/latest/order_date_summary.csv,schedule
20260918034501616162,2026-09-18 03:45:01,業績報表,df4.csv,./dashboard_data/latest/df4.csv,schedule
20260918034501643637,2026-09-18 03:45:01,業績報表,order_date_summary.csv,./dashboard_data/latest/order_date_summary.csv,schedule
20260918034501671721,2026-09-18 03:45:01,業績報表,month_performance_summary.csv,./dashboard_data/latest/month_performance_summary.csv,schedule
20260918034501699574,2026-09-18 03:45:01,業績報表,reserve_summary.csv,./dashboard_data/latest/reserve_summary.csv,schedule
20260918034501727527,2026-09-18 03:45:01,業績報表,net_performance_summary.csv,./dashboard_data/latest/net_performance_summary.csv,schedule
20260918034501759182,2026-09-18 03:45:01,業績報表,daily_df.csv,./dashboard_data/latest/daily_df.csv,schedule
20260918034501789460,2026-09-18 03:45:01,次月統計報表,next_month_daily_df.csv,./dashboard_data/latest/next_month_daily_df.csv,schedule
20260918034501816167,2026-09-18 03:45:01,業績報表,email_preview.html,./dashboard_data/latest/email_preview.html,schedule
20260918034501843761,2026-09-18 03:45:01,業績報表,meta.json,./dashboard_data/latest/meta.json,schedule
20260918034501871349,2026-09-18 03:45:01,業績報表,20260918_034501_df4.csv,./dashboard_data/snapshots/202609/20260918_034501_df4.csv,schedule
20260918034501899020,2026-09-18 03:45:01,業績報表,20260918_034501_order_date_summary.csv,./dashboard_data/snapshots/202609/20260918_034501_order_date_summary.csv,schedule
20260918034501927299,2026-09-18 03:45:01,業績報表,20260918_034501_month_performance_summary.csv,./dashboard_data/snapshots/202609/20260918_034501_month_performance_summary.csv,schedule
20260918034501954915,2026-09-18 03:45:01,業績報表,20260918_034501_reserve_summary.csv,./dashboard_data/snapshots/202609/20260918_034501_reserve_summary.csv,schedule
20260918034501982303,2026-09-18 03:45:01,業績報表,20260918_034501_net_performance_summary.csv,./dashboard_data/snapshots/202609/20260918_034501_net_performance_summary.csv,schedule
20260918034502012829,2026-09-18 03:45:02,業績報表,20260918_034501_daily_df.csv,./dashboard_data/snapshots/202609/20260918_034501_daily_df.csv,schedule
20260918034502043339,2026-09-18 03:45:02,次月統計報表,20260918_034501_next_month_daily_df.csv,./dashboard_data/snapshots/202609/20260918_034501_next_month_daily_df.csv,schedule
20260918034502070382,2026-09-18 03:45:02,業績報表,20260918_034501_meta.json,./dashboard_data/snapshots/202609/20260918_034501_meta.json,schedule
20260918034502096831,2026-09-18 03:45:02,業績報表,20260918_034501_email_preview.html,./dashboard_data/snapshots/202609/20260918_034501_email_preview.html,schedule
